WARNING: A terminally deprecated method in sun.misc.Unsafe has been called
WARNING: sun.misc.Unsafe::objectFieldOffset has been called by com.google.common.util.concurrent.AbstractFuture$UnsafeAtomicHelper (file:/usr/share/maven/lib/guava.jar)
WARNING: Please consider reporting this to the maintainers of class com.google.common.util.concurrent.AbstractFuture$UnsafeAtomicHelper
WARNING: sun.misc.Unsafe::objectFieldOffset will be removed in a future release

  .   ____          _            __ _ _
 /\\ / ___'_ __ _ _(_)_ __  __ _ \ \ \ \
( ( )\___ | '_ | '_| | '_ \/ _` | \ \ \ \
 \\/  ___)| |_)| | | | | || (_| |  ) ) ) )
  '  |____| .__|_| |_|_| |_\__, | / / / /
 =========|_|==============|___/=/_/_/_/
 :: Spring Boot ::                (v3.2.5)

2026-08-13T00:50:10.387+05:30  INFO 334182 --- [demo] [           main] com.example.demo.DemoApplication         : Starting DemoApplication using Java 25.0.3-ea with PID 334182 (/home/froxy/Documents/srmcas/Transparency-Chain/backend/target/classes started by froxy in /home/froxy/Documents/srmcas/Transparency-Chain/backend)
2026-08-13T00:50:10.388+05:30  INFO 334182 --- [demo] [           main] com.example.demo.DemoApplication         : No active profile set, falling back to 1 default profile: "default"
2026-08-13T00:50:10.665+05:30  INFO 334182 --- [demo] [           main] .s.d.r.c.RepositoryConfigurationDelegate : Bootstrapping Spring Data JPA repositories in DEFAULT mode.
2026-08-13T00:50:10.718+05:30  INFO 334182 --- [demo] [           main] .s.d.r.c.RepositoryConfigurationDelegate : Finished Spring Data repository scanning in 48 ms. Found 36 JPA repository interfaces.
WARNING: A restricted method in java.lang.System has been called
WARNING: java.lang.System::load has been called by org.apache.tomcat.jni.Library in an unnamed module (file:/home/froxy/.m2/repository/org/apache/tomcat/embed/tomcat-embed-core/10.1.20/tomcat-embed-core-10.1.20.jar)
WARNING: Use --enable-native-access=ALL-UNNAMED to avoid a warning for callers in this module
WARNING: Restricted methods will be blocked in a future release unless native access is enabled

2026-08-13T00:50:11.168+05:30  INFO 334182 --- [demo] [           main] o.s.b.w.embedded.tomcat.TomcatWebServer  : Tomcat initialized with port 8081 (http)
2026-08-13T00:50:11.179+05:30  INFO 334182 --- [demo] [           main] o.apache.catalina.core.StandardService   : Starting service [Tomcat]
2026-08-13T00:50:11.180+05:30  INFO 334182 --- [demo] [           main] o.apache.catalina.core.StandardEngine    : Starting Servlet engine: [Apache Tomcat/10.1.20]
2026-08-13T00:50:11.208+05:30  INFO 334182 --- [demo] [           main] o.a.c.c.C.[Tomcat].[localhost].[/]       : Initializing Spring embedded WebApplicationContext
2026-08-13T00:50:11.208+05:30  INFO 334182 --- [demo] [           main] w.s.c.ServletWebServerApplicationContext : Root WebApplicationContext: initialization completed in 791 ms
2026-08-13T00:50:11.292+05:30  INFO 334182 --- [demo] [           main] o.hibernate.jpa.internal.util.LogHelper  : HHH000204: Processing PersistenceUnitInfo [name: default]
2026-08-13T00:50:11.318+05:30  INFO 334182 --- [demo] [           main] org.hibernate.Version                    : HHH000412: Hibernate ORM core version 6.4.4.Final
2026-08-13T00:50:11.335+05:30  INFO 334182 --- [demo] [           main] o.h.c.internal.RegionFactoryInitiator    : HHH000026: Second-level cache disabled
2026-08-13T00:50:11.448+05:30  INFO 334182 --- [demo] [           main] o.s.o.j.p.SpringPersistenceUnitInfo      : No LoadTimeWeaver setup: ignoring JPA class transformer
2026-08-13T00:50:11.461+05:30  INFO 334182 --- [demo] [           main] com.zaxxer.hikari.HikariDataSource       : HikariPool-1 - Starting...
2026-08-13T00:50:11.522+05:30  INFO 334182 --- [demo] [           main] com.zaxxer.hikari.pool.HikariPool        : HikariPool-1 - Added connection org.mariadb.jdbc.Connection@223967ea
2026-08-13T00:50:11.523+05:30  INFO 334182 --- [demo] [           main] com.zaxxer.hikari.HikariDataSource       : HikariPool-1 - Start completed.
2026-08-13T00:50:11.542+05:30  WARN 334182 --- [demo] [           main] org.hibernate.orm.deprecation            : HHH90000025: MariaDBDialect does not need to be specified explicitly using 'hibernate.dialect' (remove the property setting and it will be selected by default)
2026-08-13T00:50:12.363+05:30  INFO 334182 --- [demo] [           main] o.h.e.t.j.p.i.JtaPlatformInitiator       : HHH000489: No JTA platform available (set 'hibernate.transaction.jta.platform' to enable JTA platform integration)
2026-08-13T00:50:12.418+05:30  INFO 334182 --- [demo] [           main] j.LocalContainerEntityManagerFactoryBean : Initialized JPA EntityManagerFactory for persistence unit 'default'
2026-08-13T00:50:12.636+05:30  INFO 334182 --- [demo] [           main] o.s.d.j.r.query.QueryEnhancerFactory     : Hibernate is in classpath; If applicable, HQL parser will be used.
2026-08-13T00:50:13.434+05:30  WARN 334182 --- [demo] [           main] JpaBaseConfiguration$JpaWebConfiguration : spring.jpa.open-in-view is enabled by default. Therefore, database queries may be performed during view rendering. Explicitly configure spring.jpa.open-in-view to disable this warning
2026-08-13T00:50:13.635+05:30  INFO 334182 --- [demo] [           main] o.s.s.web.DefaultSecurityFilterChain     : Will secure any request with [org.springframework.security.web.session.DisableEncodeUrlFilter@5bbfd031, org.springframework.security.web.context.request.async.WebAsyncManagerIntegrationFilter@5b3f2fe1, org.springframework.security.web.context.SecurityContextHolderFilter@35f03e9d, org.springframework.security.web.header.HeaderWriterFilter@22b771d1, org.springframework.web.filter.CorsFilter@799c1c8, org.springframework.security.web.authentication.logout.LogoutFilter@43f0a612, com.transparencychain.backend.security.AuthTokenFilter@623dc0b8, org.springframework.security.web.savedrequest.RequestCacheAwareFilter@2aff6ec3, org.springframework.security.web.servletapi.SecurityContextHolderAwareRequestFilter@161e7cbc, org.springframework.security.web.authentication.AnonymousAuthenticationFilter@7fefa1cc, org.springframework.security.web.session.SessionManagementFilter@30906ad3, org.springframework.security.web.access.ExceptionTranslationFilter@f75843e, org.springframework.security.web.access.intercept.AuthorizationFilter@37e6ecd3]
2026-08-13T00:50:13.813+05:30  INFO 334182 --- [demo] [           main] o.s.b.w.embedded.tomcat.TomcatWebServer  : Tomcat started on port 8081 (http) with context path ''
2026-08-13T00:50:13.818+05:30  INFO 334182 --- [demo] [           main] com.example.demo.DemoApplication         : Started DemoApplication in 3.646 seconds (process running for 3.801)
Hibernate: 
    select
        u1_0.id,
        u1_0.created_at,
        u1_0.email,
        u1_0.full_name,
        u1_0.is_verified,
        u1_0.password_hash,
        u1_0.phone,
        u1_0.role,
        u1_0.updated_at 
    from
        users u1_0 
    where
        u1_0.email=?
Found user for seeding: 727724eucy040@skcet.ac.in
Hibernate: 
    update
        users 
    set
        created_at=?,
        email=?,
        full_name=?,
        is_verified=?,
        password_hash=?,
        phone=?,
        role=?,
        updated_at=? 
    where
        id=?
Hibernate: 
    select
        np1_0.id,
        np1_0.auditor_membership_number,
        np1_0.auditor_name,
        np1_0.authorized_signatory_designation,
        np1_0.authorized_signatory_name,
        np1_0.authorized_signatory_pan,
        np1_0.bank_account_name,
        np1_0.bank_account_number_encrypted,
        np1_0.contact_email,
        np1_0.contact_phone,
        np1_0.csr1registration_number,
        np1_0.darpan_id,
        np1_0.date_of_establishment,
        np1_0.fcra_number,
        np1_0.focus_sdg_goals,
        np1_0.gstin,
        np1_0.ifsc_code,
        np1_0.latitude,
        np1_0.longitude,
        np1_0.operational_states,
        np1_0.org_name,
        np1_0.pan_number,
        np1_0.reg12a_number,
        np1_0.reg80g_number,
        np1_0.registered_address,
        np1_0.registration_number,
        np1_0.registration_type,
        np1_0.trust_score,
        np1_0.user_id,
        np1_0.verification_status,
        np1_0.verified_at,
        np1_0.website 
    from
        ngo_profiles np1_0 
    left join
        users u1_0 
            on u1_0.id=np1_0.user_id 
    where
        u1_0.id=?
Hibernate: 
    select
        fp1_0.id,
        fp1_0.cin_number,
        fp1_0.org_name,
        fp1_0.org_type,
        fp1_0.total_donated,
        fp1_0.user_id 
    from
        funder_profiles fp1_0
2026-08-13T00:50:14.013+05:30  INFO 334182 --- [demo] [nio-8081-exec-1] o.a.c.c.C.[Tomcat].[localhost].[/]       : Initializing Spring DispatcherServlet 'dispatcherServlet'
2026-08-13T00:50:14.013+05:30  INFO 334182 --- [demo] [nio-8081-exec-1] o.s.web.servlet.DispatcherServlet        : Initializing Servlet 'dispatcherServlet'
2026-08-13T00:50:14.015+05:30  INFO 334182 --- [demo] [nio-8081-exec-1] o.s.web.servlet.DispatcherServlet        : Completed initialization in 2 ms
2026-08-13T00:50:14.032+05:30 DEBUG 334182 --- [demo] [nio-8081-exec-1] o.s.security.web.FilterChainProxy        : Securing POST /api/v1/auth/login
2026-08-13T00:50:14.038+05:30 DEBUG 334182 --- [demo] [nio-8081-exec-1] o.s.s.w.a.AnonymousAuthenticationFilter  : Set SecurityContextHolder to anonymous SecurityContext
2026-08-13T00:50:14.039+05:30 DEBUG 334182 --- [demo] [nio-8081-exec-1] o.s.security.web.FilterChainProxy        : Secured POST /api/v1/auth/login
Hibernate: 
    select
        u1_0.id,
        u1_0.created_at,
        u1_0.email,
        u1_0.full_name,
        u1_0.is_verified,
        u1_0.password_hash,
        u1_0.phone,
        u1_0.role,
        u1_0.updated_at 
    from
        users u1_0 
    where
        u1_0.id=?
Hibernate: 
    select
        p1_0.id,
        p1_0.created_at,
        p1_0.description,
        p1_0.expected_beneficiaries,
        p1_0.funder_id,
        p1_0.geography,
        p1_0.impact_kpi,
        p1_0.latitude,
        p1_0.longitude,
        p1_0.ngo_id,
        p1_0.project_duration,
        p1_0.sdg_goal,
        p1_0.sdg_target,
        p1_0.status,
        p1_0.title,
        p1_0.total_budget 
    from
        projects p1_0 
    left join
        ngo_profiles n1_0 
            on n1_0.id=p1_0.ngo_id 
    where
        n1_0.id=?
Projects already exist for this NGO. Skipping seed.
Hibernate: 
    select
        p1_0.id,
        p1_0.created_at,
        p1_0.description,
        p1_0.expected_beneficiaries,
        p1_0.funder_id,
        p1_0.geography,
        p1_0.impact_kpi,
        p1_0.latitude,
        p1_0.longitude,
        p1_0.ngo_id,
        p1_0.project_duration,
        p1_0.sdg_goal,
        p1_0.sdg_target,
        p1_0.status,
        p1_0.title,
        p1_0.total_budget 
    from
        projects p1_0
Hibernate: 
    select
        pik1_0.id,
        pik1_0.created_at,
        pik1_0.kpi_description,
        pik1_0.kpi_name,
        pik1_0.project_id,
        pik1_0.sdg_goal,
        pik1_0.target_value,
        pik1_0.unit,
        pik1_0.updated_at 
    from
        project_impact_kpis pik1_0 
    left join
        projects p1_0 
            on p1_0.id=pik1_0.project_id 
    where
        p1_0.id=?
Hibernate: 
    select
        bvf1_0.id,
        bvf1_0.closed_at,
        bvf1_0.created_at,
        bvf1_0.description,
        bvf1_0.milestone_id,
        bvf1_0.minimum_positive_percentage,
        bvf1_0.minimum_response_percentage,
        bvf1_0.project_id,
        bvf1_0.published_at,
        bvf1_0.share_token,
        bvf1_0.status,
        bvf1_0.target_responses,
        bvf1_0.title,
        bvf1_0.version 
    from
        beneficiary_verification_forms bvf1_0 
    left join
        projects p1_0 
            on p1_0.id=bvf1_0.project_id 
    where
        p1_0.id=? 
    order by
        bvf1_0.created_at desc
Hibernate: 
    update
        users 
    set
        created_at=?,
        email=?,
        full_name=?,
        is_verified=?,
        password_hash=?,
        phone=?,
        role=?,
        updated_at=? 
    where
        id=?
Hibernate: 
    select
        u1_0.id,
        u1_0.created_at,
        u1_0.email,
        u1_0.full_name,
        u1_0.is_verified,
        u1_0.password_hash,
        u1_0.phone,
        u1_0.role,
        u1_0.updated_at 
    from
        users u1_0 
    where
        u1_0.email=?
2026-08-13T00:50:14.256+05:30 DEBUG 334182 --- [demo] [nio-8081-exec-1] o.s.s.a.dao.DaoAuthenticationProvider    : Authenticated user
2026-08-13T00:50:15.562+05:30 DEBUG 334182 --- [demo] [nio-8081-exec-3] o.s.security.web.FilterChainProxy        : Securing GET /api/v1/projects?funderId=eb820bcf-10f7-4fa4-ac1d-18babf0ee47f
2026-08-13T00:50:15.563+05:30 DEBUG 334182 --- [demo] [nio-8081-exec-4] o.s.security.web.FilterChainProxy        : Securing OPTIONS /api/v1/projects?funderId=eb820bcf-10f7-4fa4-ac1d-18babf0ee47f
2026-08-13T00:50:15.568+05:30 DEBUG 334182 --- [demo] [nio-8081-exec-3] o.s.s.w.a.AnonymousAuthenticationFilter  : Set SecurityContextHolder to anonymous SecurityContext
2026-08-13T00:50:15.569+05:30 ERROR 334182 --- [demo] [nio-8081-exec-3] c.t.backend.security.AuthEntryPointJwt   : Unauthorized error: Full authentication is required to access this resource
2026-08-13T00:50:15.576+05:30 DEBUG 334182 --- [demo] [nio-8081-exec-3] o.s.security.web.FilterChainProxy        : Securing GET /error?funderId=eb820bcf-10f7-4fa4-ac1d-18babf0ee47f
2026-08-13T00:50:15.577+05:30 DEBUG 334182 --- [demo] [nio-8081-exec-3] o.s.s.w.a.AnonymousAuthenticationFilter  : Set SecurityContextHolder to anonymous SecurityContext
2026-08-13T00:50:15.577+05:30 ERROR 334182 --- [demo] [nio-8081-exec-3] c.t.backend.security.AuthEntryPointJwt   : Unauthorized error: Full authentication is required to access this resource
2026-08-13T00:50:15.579+05:30 DEBUG 334182 --- [demo] [nio-8081-exec-6] o.s.security.web.FilterChainProxy        : Securing GET /api/v1/projects?funderId=eb820bcf-10f7-4fa4-ac1d-18babf0ee47f
Hibernate: 
    select
        u1_0.id,
        u1_0.created_at,
        u1_0.email,
        u1_0.full_name,
        u1_0.is_verified,
        u1_0.password_hash,
        u1_0.phone,
        u1_0.role,
        u1_0.updated_at 
    from
        users u1_0 
    where
        u1_0.email=?
2026-08-13T00:50:15.597+05:30 DEBUG 334182 --- [demo] [nio-8081-exec-6] o.s.security.web.FilterChainProxy        : Secured GET /api/v1/projects?funderId=eb820bcf-10f7-4fa4-ac1d-18babf0ee47f
Hibernate: 
    select
        p1_0.id,
        p1_0.created_at,
        p1_0.description,
        p1_0.expected_beneficiaries,
        p1_0.funder_id,
        p1_0.geography,
        p1_0.impact_kpi,
        p1_0.latitude,
        p1_0.longitude,
        p1_0.ngo_id,
        p1_0.project_duration,
        p1_0.sdg_goal,
        p1_0.sdg_target,
        p1_0.status,
        p1_0.title,
        p1_0.total_budget 
    from
        projects p1_0 
    left join
        funder_profiles f1_0 
            on f1_0.id=p1_0.funder_id 
    where
        f1_0.id=?
2026-08-13T00:50:24.456+05:30 DEBUG 334182 --- [demo] [nio-8081-exec-5] o.s.security.web.FilterChainProxy        : Securing POST /api/v1/auth/login
2026-08-13T00:50:24.456+05:30 DEBUG 334182 --- [demo] [nio-8081-exec-5] o.s.s.w.a.AnonymousAuthenticationFilter  : Set SecurityContextHolder to anonymous SecurityContext
2026-08-13T00:50:24.456+05:30 DEBUG 334182 --- [demo] [nio-8081-exec-5] o.s.security.web.FilterChainProxy        : Secured POST /api/v1/auth/login
Hibernate: 
    select
        u1_0.id,
        u1_0.created_at,
        u1_0.email,
        u1_0.full_name,
        u1_0.is_verified,
        u1_0.password_hash,
        u1_0.phone,
        u1_0.role,
        u1_0.updated_at 
    from
        users u1_0 
    where
        u1_0.email=?
2026-08-13T00:50:24.532+05:30 DEBUG 334182 --- [demo] [nio-8081-exec-5] o.s.s.a.dao.DaoAuthenticationProvider    : Authenticated user
2026-08-13T00:50:24.663+05:30 DEBUG 334182 --- [demo] [nio-8081-exec-8] o.s.security.web.FilterChainProxy        : Securing POST /api/v1/auth/login
2026-08-13T00:50:24.663+05:30 DEBUG 334182 --- [demo] [nio-8081-exec-8] o.s.s.w.a.AnonymousAuthenticationFilter  : Set SecurityContextHolder to anonymous SecurityContext
2026-08-13T00:50:24.663+05:30 DEBUG 334182 --- [demo] [nio-8081-exec-8] o.s.security.web.FilterChainProxy        : Secured POST /api/v1/auth/login
Hibernate: 
    select
        u1_0.id,
        u1_0.created_at,
        u1_0.email,
        u1_0.full_name,
        u1_0.is_verified,
        u1_0.password_hash,
        u1_0.phone,
        u1_0.role,
        u1_0.updated_at 
    from
        users u1_0 
    where
        u1_0.email=?
2026-08-13T00:50:24.755+05:30 DEBUG 334182 --- [demo] [nio-8081-exec-8] o.s.s.a.dao.DaoAuthenticationProvider    : Authenticated user
2026-08-13T00:50:24.811+05:30 DEBUG 334182 --- [demo] [nio-8081-exec-9] o.s.security.web.FilterChainProxy        : Securing POST /api/v1/auth/login
2026-08-13T00:50:24.812+05:30 DEBUG 334182 --- [demo] [nio-8081-exec-9] o.s.s.w.a.AnonymousAuthenticationFilter  : Set SecurityContextHolder to anonymous SecurityContext
2026-08-13T00:50:24.812+05:30 DEBUG 334182 --- [demo] [nio-8081-exec-9] o.s.security.web.FilterChainProxy        : Secured POST /api/v1/auth/login
Hibernate: 
    select
        u1_0.id,
        u1_0.created_at,
        u1_0.email,
        u1_0.full_name,
        u1_0.is_verified,
        u1_0.password_hash,
        u1_0.phone,
        u1_0.role,
        u1_0.updated_at 
    from
        users u1_0 
    where
        u1_0.email=?
2026-08-13T00:50:24.898+05:30 DEBUG 334182 --- [demo] [nio-8081-exec-9] o.s.s.a.dao.DaoAuthenticationProvider    : Authenticated user
2026-08-13T00:50:24.945+05:30 DEBUG 334182 --- [demo] [io-8081-exec-10] o.s.security.web.FilterChainProxy        : Securing GET /api/org/projects
2026-08-13T00:50:24.946+05:30 DEBUG 334182 --- [demo] [io-8081-exec-10] o.s.s.w.a.AnonymousAuthenticationFilter  : Set SecurityContextHolder to anonymous SecurityContext
2026-08-13T00:50:24.946+05:30 ERROR 334182 --- [demo] [io-8081-exec-10] c.t.backend.security.AuthEntryPointJwt   : Unauthorized error: Full authentication is required to access this resource
2026-08-13T00:50:24.946+05:30 DEBUG 334182 --- [demo] [io-8081-exec-10] o.s.security.web.FilterChainProxy        : Securing GET /error
2026-08-13T00:50:24.946+05:30 DEBUG 334182 --- [demo] [io-8081-exec-10] o.s.s.w.a.AnonymousAuthenticationFilter  : Set SecurityContextHolder to anonymous SecurityContext
2026-08-13T00:50:24.947+05:30 ERROR 334182 --- [demo] [io-8081-exec-10] c.t.backend.security.AuthEntryPointJwt   : Unauthorized error: Full authentication is required to access this resource
2026-08-13T00:50:24.978+05:30 DEBUG 334182 --- [demo] [nio-8081-exec-2] o.s.security.web.FilterChainProxy        : Securing GET /api/org/projects
Hibernate: 
    select
        u1_0.id,
        u1_0.created_at,
        u1_0.email,
        u1_0.full_name,
        u1_0.is_verified,
        u1_0.password_hash,
        u1_0.phone,
        u1_0.role,
        u1_0.updated_at 
    from
        users u1_0 
    where
        u1_0.email=?
2026-08-13T00:50:24.993+05:30 DEBUG 334182 --- [demo] [nio-8081-exec-2] o.s.security.web.FilterChainProxy        : Secured GET /api/org/projects
2026-08-13T00:50:24.998+05:30 DEBUG 334182 --- [demo] [nio-8081-exec-2] horizationManagerBeforeMethodInterceptor : Authorizing method invocation ReflectiveMethodInvocation: public org.springframework.http.ResponseEntity com.transparencychain.backend.controller.OrgProjectController.browseProjects(com.transparencychain.backend.model.Project$SdgGoal,java.lang.String,java.math.BigDecimal,java.math.BigDecimal); target is of class [com.transparencychain.backend.controller.OrgProjectController]
2026-08-13T00:50:25.023+05:30 DEBUG 334182 --- [demo] [nio-8081-exec-2] horizationManagerBeforeMethodInterceptor : Failed to authorize ReflectiveMethodInvocation: public org.springframework.http.ResponseEntity com.transparencychain.backend.controller.OrgProjectController.browseProjects(com.transparencychain.backend.model.Project$SdgGoal,java.lang.String,java.math.BigDecimal,java.math.BigDecimal); target is of class [com.transparencychain.backend.controller.OrgProjectController] with authorization manager org.springframework.security.config.annotation.method.configuration.DeferringObservationAuthorizationManager@5e0c0355 and decision ExpressionAuthorizationDecision [granted=false, expressionAttribute=hasRole('FUNDER')]
2026-08-13T00:50:25.025+05:30 DEBUG 334182 --- [demo] [nio-8081-exec-2] o.s.s.w.access.AccessDeniedHandlerImpl   : Responding with 403 status code
2026-08-13T00:50:25.026+05:30 DEBUG 334182 --- [demo] [nio-8081-exec-2] o.s.security.web.FilterChainProxy        : Securing GET /error
2026-08-13T00:50:25.026+05:30 DEBUG 334182 --- [demo] [nio-8081-exec-2] o.s.s.w.a.AnonymousAuthenticationFilter  : Set SecurityContextHolder to anonymous SecurityContext
2026-08-13T00:50:25.026+05:30 ERROR 334182 --- [demo] [nio-8081-exec-2] c.t.backend.security.AuthEntryPointJwt   : Unauthorized error: Full authentication is required to access this resource
2026-08-13T00:50:25.035+05:30 DEBUG 334182 --- [demo] [nio-8081-exec-3] o.s.security.web.FilterChainProxy        : Securing GET /api/org/projects
Hibernate: 
    select
        u1_0.id,
        u1_0.created_at,
        u1_0.email,
        u1_0.full_name,
        u1_0.is_verified,
        u1_0.password_hash,
        u1_0.phone,
        u1_0.role,
        u1_0.updated_at 
    from
        users u1_0 
    where
        u1_0.email=?
2026-08-13T00:50:25.039+05:30 DEBUG 334182 --- [demo] [nio-8081-exec-3] o.s.security.web.FilterChainProxy        : Secured GET /api/org/projects
2026-08-13T00:50:25.040+05:30 DEBUG 334182 --- [demo] [nio-8081-exec-3] horizationManagerBeforeMethodInterceptor : Authorizing method invocation ReflectiveMethodInvocation: public org.springframework.http.ResponseEntity com.transparencychain.backend.controller.OrgProjectController.browseProjects(com.transparencychain.backend.model.Project$SdgGoal,java.lang.String,java.math.BigDecimal,java.math.BigDecimal); target is of class [com.transparencychain.backend.controller.OrgProjectController]
2026-08-13T00:50:25.040+05:30 DEBUG 334182 --- [demo] [nio-8081-exec-3] horizationManagerBeforeMethodInterceptor : Authorized method invocation ReflectiveMethodInvocation: public org.springframework.http.ResponseEntity com.transparencychain.backend.controller.OrgProjectController.browseProjects(com.transparencychain.backend.model.Project$SdgGoal,java.lang.String,java.math.BigDecimal,java.math.BigDecimal); target is of class [com.transparencychain.backend.controller.OrgProjectController]
Hibernate: 
    select
        fp1_0.id,
        fp1_0.cin_number,
        fp1_0.org_name,
        fp1_0.org_type,
        fp1_0.total_donated,
        fp1_0.user_id 
    from
        funder_profiles fp1_0 
    left join
        users u1_0 
            on u1_0.id=fp1_0.user_id 
    where
        u1_0.id=?
Hibernate: 
    select
        p1_0.id,
        p1_0.created_at,
        p1_0.description,
        p1_0.expected_beneficiaries,
        p1_0.funder_id,
        p1_0.geography,
        p1_0.impact_kpi,
        p1_0.latitude,
        p1_0.longitude,
        p1_0.ngo_id,
        p1_0.project_duration,
        p1_0.sdg_goal,
        p1_0.sdg_target,
        p1_0.status,
        p1_0.title,
        p1_0.total_budget 
    from
        projects p1_0 
    where
        p1_0.status in ('PUBLISHED', 'SUBMITTED', 'DRAFT', 'UNDER_REVIEW', 'APPROVED', 'FUNDED', 'ESCROWED', 'ACTIVE', 'IN_PROGRESS') 
        and (
            ? is null 
            or p1_0.sdg_goal=?
        ) 
        and (
            ? is null 
            or lower(p1_0.geography) like replace(lower(concat('%', ?, '%')), '\\', '\\\\')
        ) 
        and (
            ? is null 
            or p1_0.total_budget>=?
        ) 
        and (
            ? is null 
            or p1_0.total_budget<=?
        ) 
    order by
        p1_0.created_at desc
Hibernate: 
    select
        ope1_0.id,
        ope1_0.committed_at,
        ope1_0.funder_id,
        ope1_0.project_id,
        ope1_0.status,
        ope1_0.viewed_at 
    from
        org_project_engagements ope1_0 
    left join
        funder_profiles f1_0 
            on f1_0.id=ope1_0.funder_id 
    where
        f1_0.id=?
Hibernate: 
    select
        np1_0.id,
        np1_0.auditor_membership_number,
        np1_0.auditor_name,
        np1_0.authorized_signatory_designation,
        np1_0.authorized_signatory_name,
        np1_0.authorized_signatory_pan,
        np1_0.bank_account_name,
        np1_0.bank_account_number_encrypted,
        np1_0.contact_email,
        np1_0.contact_phone,
        np1_0.csr1registration_number,
        np1_0.darpan_id,
        np1_0.date_of_establishment,
        np1_0.fcra_number,
        np1_0.focus_sdg_goals,
        np1_0.gstin,
        np1_0.ifsc_code,
        np1_0.latitude,
        np1_0.longitude,
        np1_0.operational_states,
        np1_0.org_name,
        np1_0.pan_number,
        np1_0.reg12a_number,
        np1_0.reg80g_number,
        np1_0.registered_address,
        np1_0.registration_number,
        np1_0.registration_type,
        np1_0.trust_score,
        np1_0.user_id,
        np1_0.verification_status,
        np1_0.verified_at,
        np1_0.website 
    from
        ngo_profiles np1_0 
    where
        np1_0.id=?
2026-08-13T00:50:25.074+05:30 DEBUG 334182 --- [demo] [nio-8081-exec-5] o.s.security.web.FilterChainProxy        : Securing GET /api/org/projects
Hibernate: 
    select
        u1_0.id,
        u1_0.created_at,
        u1_0.email,
        u1_0.full_name,
        u1_0.is_verified,
        u1_0.password_hash,
        u1_0.phone,
        u1_0.role,
        u1_0.updated_at 
    from
        users u1_0 
    where
        u1_0.email=?
2026-08-13T00:50:25.078+05:30 DEBUG 334182 --- [demo] [nio-8081-exec-5] o.s.security.web.FilterChainProxy        : Secured GET /api/org/projects
2026-08-13T00:50:25.078+05:30 DEBUG 334182 --- [demo] [nio-8081-exec-5] horizationManagerBeforeMethodInterceptor : Authorizing method invocation ReflectiveMethodInvocation: public org.springframework.http.ResponseEntity com.transparencychain.backend.controller.OrgProjectController.browseProjects(com.transparencychain.backend.model.Project$SdgGoal,java.lang.String,java.math.BigDecimal,java.math.BigDecimal); target is of class [com.transparencychain.backend.controller.OrgProjectController]
2026-08-13T00:50:25.078+05:30 DEBUG 334182 --- [demo] [nio-8081-exec-5] horizationManagerBeforeMethodInterceptor : Authorized method invocation ReflectiveMethodInvocation: public org.springframework.http.ResponseEntity com.transparencychain.backend.controller.OrgProjectController.browseProjects(com.transparencychain.backend.model.Project$SdgGoal,java.lang.String,java.math.BigDecimal,java.math.BigDecimal); target is of class [com.transparencychain.backend.controller.OrgProjectController]
Hibernate: 
    select
        fp1_0.id,
        fp1_0.cin_number,
        fp1_0.org_name,
        fp1_0.org_type,
        fp1_0.total_donated,
        fp1_0.user_id 
    from
        funder_profiles fp1_0 
    left join
        users u1_0 
            on u1_0.id=fp1_0.user_id 
    where
        u1_0.id=?
Hibernate: 
    select
        p1_0.id,
        p1_0.created_at,
        p1_0.description,
        p1_0.expected_beneficiaries,
        p1_0.funder_id,
        p1_0.geography,
        p1_0.impact_kpi,
        p1_0.latitude,
        p1_0.longitude,
        p1_0.ngo_id,
        p1_0.project_duration,
        p1_0.sdg_goal,
        p1_0.sdg_target,
        p1_0.status,
        p1_0.title,
        p1_0.total_budget 
    from
        projects p1_0 
    where
        p1_0.status in ('PUBLISHED', 'SUBMITTED', 'DRAFT', 'UNDER_REVIEW', 'APPROVED', 'FUNDED', 'ESCROWED', 'ACTIVE', 'IN_PROGRESS') 
        and (
            ? is null 
            or p1_0.sdg_goal=?
        ) 
        and (
            ? is null 
            or lower(p1_0.geography) like replace(lower(concat('%', ?, '%')), '\\', '\\\\')
        ) 
        and (
            ? is null 
            or p1_0.total_budget>=?
        ) 
        and (
            ? is null 
            or p1_0.total_budget<=?
        ) 
    order by
        p1_0.created_at desc
Hibernate: 
    select
        ope1_0.id,
        ope1_0.committed_at,
        ope1_0.funder_id,
        ope1_0.project_id,
        ope1_0.status,
        ope1_0.viewed_at 
    from
        org_project_engagements ope1_0 
    left join
        funder_profiles f1_0 
            on f1_0.id=ope1_0.funder_id 
    where
        f1_0.id=?
Hibernate: 
    select
        np1_0.id,
        np1_0.auditor_membership_number,
        np1_0.auditor_name,
        np1_0.authorized_signatory_designation,
        np1_0.authorized_signatory_name,
        np1_0.authorized_signatory_pan,
        np1_0.bank_account_name,
        np1_0.bank_account_number_encrypted,
        np1_0.contact_email,
        np1_0.contact_phone,
        np1_0.csr1registration_number,
        np1_0.darpan_id,
        np1_0.date_of_establishment,
        np1_0.fcra_number,
        np1_0.focus_sdg_goals,
        np1_0.gstin,
        np1_0.ifsc_code,
        np1_0.latitude,
        np1_0.longitude,
        np1_0.operational_states,
        np1_0.org_name,
        np1_0.pan_number,
        np1_0.reg12a_number,
        np1_0.reg80g_number,
        np1_0.registered_address,
        np1_0.registration_number,
        np1_0.registration_type,
        np1_0.trust_score,
        np1_0.user_id,
        np1_0.verification_status,
        np1_0.verified_at,
        np1_0.website 
    from
        ngo_profiles np1_0 
    where
        np1_0.id=?
2026-08-13T00:50:25.104+05:30 DEBUG 334182 --- [demo] [nio-8081-exec-7] o.s.security.web.FilterChainProxy        : Securing GET /api/org/projects?sdgGoal=SDG3
Hibernate: 
    select
        u1_0.id,
        u1_0.created_at,
        u1_0.email,
        u1_0.full_name,
        u1_0.is_verified,
        u1_0.password_hash,
        u1_0.phone,
        u1_0.role,
        u1_0.updated_at 
    from
        users u1_0 
    where
        u1_0.email=?
2026-08-13T00:50:25.108+05:30 DEBUG 334182 --- [demo] [nio-8081-exec-7] o.s.security.web.FilterChainProxy        : Secured GET /api/org/projects?sdgGoal=SDG3
2026-08-13T00:50:25.110+05:30 DEBUG 334182 --- [demo] [nio-8081-exec-7] horizationManagerBeforeMethodInterceptor : Authorizing method invocation ReflectiveMethodInvocation: public org.springframework.http.ResponseEntity com.transparencychain.backend.controller.OrgProjectController.browseProjects(com.transparencychain.backend.model.Project$SdgGoal,java.lang.String,java.math.BigDecimal,java.math.BigDecimal); target is of class [com.transparencychain.backend.controller.OrgProjectController]
2026-08-13T00:50:25.110+05:30 DEBUG 334182 --- [demo] [nio-8081-exec-7] horizationManagerBeforeMethodInterceptor : Authorized method invocation ReflectiveMethodInvocation: public org.springframework.http.ResponseEntity com.transparencychain.backend.controller.OrgProjectController.browseProjects(com.transparencychain.backend.model.Project$SdgGoal,java.lang.String,java.math.BigDecimal,java.math.BigDecimal); target is of class [com.transparencychain.backend.controller.OrgProjectController]
Hibernate: 
    select
        fp1_0.id,
        fp1_0.cin_number,
        fp1_0.org_name,
        fp1_0.org_type,
        fp1_0.total_donated,
        fp1_0.user_id 
    from
        funder_profiles fp1_0 
    left join
        users u1_0 
            on u1_0.id=fp1_0.user_id 
    where
        u1_0.id=?
Hibernate: 
    select
        p1_0.id,
        p1_0.created_at,
        p1_0.description,
        p1_0.expected_beneficiaries,
        p1_0.funder_id,
        p1_0.geography,
        p1_0.impact_kpi,
        p1_0.latitude,
        p1_0.longitude,
        p1_0.ngo_id,
        p1_0.project_duration,
        p1_0.sdg_goal,
        p1_0.sdg_target,
        p1_0.status,
        p1_0.title,
        p1_0.total_budget 
    from
        projects p1_0 
    where
        p1_0.status in ('PUBLISHED', 'SUBMITTED', 'DRAFT', 'UNDER_REVIEW', 'APPROVED', 'FUNDED', 'ESCROWED', 'ACTIVE', 'IN_PROGRESS') 
        and (
            ? is null 
            or p1_0.sdg_goal=?
        ) 
        and (
            ? is null 
            or lower(p1_0.geography) like replace(lower(concat('%', ?, '%')), '\\', '\\\\')
        ) 
        and (
            ? is null 
            or p1_0.total_budget>=?
        ) 
        and (
            ? is null 
            or p1_0.total_budget<=?
        ) 
    order by
        p1_0.created_at desc
Hibernate: 
    select
        ope1_0.id,
        ope1_0.committed_at,
        ope1_0.funder_id,
        ope1_0.project_id,
        ope1_0.status,
        ope1_0.viewed_at 
    from
        org_project_engagements ope1_0 
    left join
        funder_profiles f1_0 
            on f1_0.id=ope1_0.funder_id 
    where
        f1_0.id=?
Hibernate: 
    select
        np1_0.id,
        np1_0.auditor_membership_number,
        np1_0.auditor_name,
        np1_0.authorized_signatory_designation,
        np1_0.authorized_signatory_name,
        np1_0.authorized_signatory_pan,
        np1_0.bank_account_name,
        np1_0.bank_account_number_encrypted,
        np1_0.contact_email,
        np1_0.contact_phone,
        np1_0.csr1registration_number,
        np1_0.darpan_id,
        np1_0.date_of_establishment,
        np1_0.fcra_number,
        np1_0.focus_sdg_goals,
        np1_0.gstin,
        np1_0.ifsc_code,
        np1_0.latitude,
        np1_0.longitude,
        np1_0.operational_states,
        np1_0.org_name,
        np1_0.pan_number,
        np1_0.reg12a_number,
        np1_0.reg80g_number,
        np1_0.registered_address,
        np1_0.registration_number,
        np1_0.registration_type,
        np1_0.trust_score,
        np1_0.user_id,
        np1_0.verification_status,
        np1_0.verified_at,
        np1_0.website 
    from
        ngo_profiles np1_0 
    where
        np1_0.id=?
2026-08-13T00:50:25.127+05:30 DEBUG 334182 --- [demo] [nio-8081-exec-8] o.s.security.web.FilterChainProxy        : Securing GET /api/org/projects?sdgGoal=SDG17
Hibernate: 
    select
        u1_0.id,
        u1_0.created_at,
        u1_0.email,
        u1_0.full_name,
        u1_0.is_verified,
        u1_0.password_hash,
        u1_0.phone,
        u1_0.role,
        u1_0.updated_at 
    from
        users u1_0 
    where
        u1_0.email=?
2026-08-13T00:50:25.132+05:30 DEBUG 334182 --- [demo] [nio-8081-exec-8] o.s.security.web.FilterChainProxy        : Secured GET /api/org/projects?sdgGoal=SDG17
2026-08-13T00:50:25.133+05:30 DEBUG 334182 --- [demo] [nio-8081-exec-8] horizationManagerBeforeMethodInterceptor : Authorizing method invocation ReflectiveMethodInvocation: public org.springframework.http.ResponseEntity com.transparencychain.backend.controller.OrgProjectController.browseProjects(com.transparencychain.backend.model.Project$SdgGoal,java.lang.String,java.math.BigDecimal,java.math.BigDecimal); target is of class [com.transparencychain.backend.controller.OrgProjectController]
2026-08-13T00:50:25.133+05:30 DEBUG 334182 --- [demo] [nio-8081-exec-8] horizationManagerBeforeMethodInterceptor : Authorized method invocation ReflectiveMethodInvocation: public org.springframework.http.ResponseEntity com.transparencychain.backend.controller.OrgProjectController.browseProjects(com.transparencychain.backend.model.Project$SdgGoal,java.lang.String,java.math.BigDecimal,java.math.BigDecimal); target is of class [com.transparencychain.backend.controller.OrgProjectController]
Hibernate: 
    select
        fp1_0.id,
        fp1_0.cin_number,
        fp1_0.org_name,
        fp1_0.org_type,
        fp1_0.total_donated,
        fp1_0.user_id 
    from
        funder_profiles fp1_0 
    left join
        users u1_0 
            on u1_0.id=fp1_0.user_id 
    where
        u1_0.id=?
Hibernate: 
    select
        p1_0.id,
        p1_0.created_at,
        p1_0.description,
        p1_0.expected_beneficiaries,
        p1_0.funder_id,
        p1_0.geography,
        p1_0.impact_kpi,
        p1_0.latitude,
        p1_0.longitude,
        p1_0.ngo_id,
        p1_0.project_duration,
        p1_0.sdg_goal,
        p1_0.sdg_target,
        p1_0.status,
        p1_0.title,
        p1_0.total_budget 
    from
        projects p1_0 
    where
        p1_0.status in ('PUBLISHED', 'SUBMITTED', 'DRAFT', 'UNDER_REVIEW', 'APPROVED', 'FUNDED', 'ESCROWED', 'ACTIVE', 'IN_PROGRESS') 
        and (
            ? is null 
            or p1_0.sdg_goal=?
        ) 
        and (
            ? is null 
            or lower(p1_0.geography) like replace(lower(concat('%', ?, '%')), '\\', '\\\\')
        ) 
        and (
            ? is null 
            or p1_0.total_budget>=?
        ) 
        and (
            ? is null 
            or p1_0.total_budget<=?
        ) 
    order by
        p1_0.created_at desc
Hibernate: 
    select
        ope1_0.id,
        ope1_0.committed_at,
        ope1_0.funder_id,
        ope1_0.project_id,
        ope1_0.status,
        ope1_0.viewed_at 
    from
        org_project_engagements ope1_0 
    left join
        funder_profiles f1_0 
            on f1_0.id=ope1_0.funder_id 
    where
        f1_0.id=?
2026-08-13T00:50:25.172+05:30 DEBUG 334182 --- [demo] [nio-8081-exec-9] o.s.security.web.FilterChainProxy        : Securing GET /api/org/projects?budgetMin=500000&budgetMax=1000000
Hibernate: 
    select
        u1_0.id,
        u1_0.created_at,
        u1_0.email,
        u1_0.full_name,
        u1_0.is_verified,
        u1_0.password_hash,
        u1_0.phone,
        u1_0.role,
        u1_0.updated_at 
    from
        users u1_0 
    where
        u1_0.email=?
2026-08-13T00:50:25.177+05:30 DEBUG 334182 --- [demo] [nio-8081-exec-9] o.s.security.web.FilterChainProxy        : Secured GET /api/org/projects?budgetMin=500000&budgetMax=1000000
2026-08-13T00:50:25.179+05:30 DEBUG 334182 --- [demo] [nio-8081-exec-9] horizationManagerBeforeMethodInterceptor : Authorizing method invocation ReflectiveMethodInvocation: public org.springframework.http.ResponseEntity com.transparencychain.backend.controller.OrgProjectController.browseProjects(com.transparencychain.backend.model.Project$SdgGoal,java.lang.String,java.math.BigDecimal,java.math.BigDecimal); target is of class [com.transparencychain.backend.controller.OrgProjectController]
2026-08-13T00:50:25.179+05:30 DEBUG 334182 --- [demo] [nio-8081-exec-9] horizationManagerBeforeMethodInterceptor : Authorized method invocation ReflectiveMethodInvocation: public org.springframework.http.ResponseEntity com.transparencychain.backend.controller.OrgProjectController.browseProjects(com.transparencychain.backend.model.Project$SdgGoal,java.lang.String,java.math.BigDecimal,java.math.BigDecimal); target is of class [com.transparencychain.backend.controller.OrgProjectController]
Hibernate: 
    select
        fp1_0.id,
        fp1_0.cin_number,
        fp1_0.org_name,
        fp1_0.org_type,
        fp1_0.total_donated,
        fp1_0.user_id 
    from
        funder_profiles fp1_0 
    left join
        users u1_0 
            on u1_0.id=fp1_0.user_id 
    where
        u1_0.id=?
Hibernate: 
    select
        p1_0.id,
        p1_0.created_at,
        p1_0.description,
        p1_0.expected_beneficiaries,
        p1_0.funder_id,
        p1_0.geography,
        p1_0.impact_kpi,
        p1_0.latitude,
        p1_0.longitude,
        p1_0.ngo_id,
        p1_0.project_duration,
        p1_0.sdg_goal,
        p1_0.sdg_target,
        p1_0.status,
        p1_0.title,
        p1_0.total_budget 
    from
        projects p1_0 
    where
        p1_0.status in ('PUBLISHED', 'SUBMITTED', 'DRAFT', 'UNDER_REVIEW', 'APPROVED', 'FUNDED', 'ESCROWED', 'ACTIVE', 'IN_PROGRESS') 
        and (
            ? is null 
            or p1_0.sdg_goal=?
        ) 
        and (
            ? is null 
            or lower(p1_0.geography) like replace(lower(concat('%', ?, '%')), '\\', '\\\\')
        ) 
        and (
            ? is null 
            or p1_0.total_budget>=?
        ) 
        and (
            ? is null 
            or p1_0.total_budget<=?
        ) 
    order by
        p1_0.created_at desc
Hibernate: 
    select
        ope1_0.id,
        ope1_0.committed_at,
        ope1_0.funder_id,
        ope1_0.project_id,
        ope1_0.status,
        ope1_0.viewed_at 
    from
        org_project_engagements ope1_0 
    left join
        funder_profiles f1_0 
            on f1_0.id=ope1_0.funder_id 
    where
        f1_0.id=?
Hibernate: 
    select
        np1_0.id,
        np1_0.auditor_membership_number,
        np1_0.auditor_name,
        np1_0.authorized_signatory_designation,
        np1_0.authorized_signatory_name,
        np1_0.authorized_signatory_pan,
        np1_0.bank_account_name,
        np1_0.bank_account_number_encrypted,
        np1_0.contact_email,
        np1_0.contact_phone,
        np1_0.csr1registration_number,
        np1_0.darpan_id,
        np1_0.date_of_establishment,
        np1_0.fcra_number,
        np1_0.focus_sdg_goals,
        np1_0.gstin,
        np1_0.ifsc_code,
        np1_0.latitude,
        np1_0.longitude,
        np1_0.operational_states,
        np1_0.org_name,
        np1_0.pan_number,
        np1_0.reg12a_number,
        np1_0.reg80g_number,
        np1_0.registered_address,
        np1_0.registration_number,
        np1_0.registration_type,
        np1_0.trust_score,
        np1_0.user_id,
        np1_0.verification_status,
        np1_0.verified_at,
        np1_0.website 
    from
        ngo_profiles np1_0 
    where
        np1_0.id=?
2026-08-13T00:50:25.208+05:30 DEBUG 334182 --- [demo] [io-8081-exec-10] o.s.security.web.FilterChainProxy        : Securing GET /api/org/projects?budgetMax=100
Hibernate: 
    select
        u1_0.id,
        u1_0.created_at,
        u1_0.email,
        u1_0.full_name,
        u1_0.is_verified,
        u1_0.password_hash,
        u1_0.phone,
        u1_0.role,
        u1_0.updated_at 
    from
        users u1_0 
    where
        u1_0.email=?
2026-08-13T00:50:25.213+05:30 DEBUG 334182 --- [demo] [io-8081-exec-10] o.s.security.web.FilterChainProxy        : Secured GET /api/org/projects?budgetMax=100
2026-08-13T00:50:25.214+05:30 DEBUG 334182 --- [demo] [io-8081-exec-10] horizationManagerBeforeMethodInterceptor : Authorizing method invocation ReflectiveMethodInvocation: public org.springframework.http.ResponseEntity com.transparencychain.backend.controller.OrgProjectController.browseProjects(com.transparencychain.backend.model.Project$SdgGoal,java.lang.String,java.math.BigDecimal,java.math.BigDecimal); target is of class [com.transparencychain.backend.controller.OrgProjectController]
2026-08-13T00:50:25.215+05:30 DEBUG 334182 --- [demo] [io-8081-exec-10] horizationManagerBeforeMethodInterceptor : Authorized method invocation ReflectiveMethodInvocation: public org.springframework.http.ResponseEntity com.transparencychain.backend.controller.OrgProjectController.browseProjects(com.transparencychain.backend.model.Project$SdgGoal,java.lang.String,java.math.BigDecimal,java.math.BigDecimal); target is of class [com.transparencychain.backend.controller.OrgProjectController]
Hibernate: 
    select
        fp1_0.id,
        fp1_0.cin_number,
        fp1_0.org_name,
        fp1_0.org_type,
        fp1_0.total_donated,
        fp1_0.user_id 
    from
        funder_profiles fp1_0 
    left join
        users u1_0 
            on u1_0.id=fp1_0.user_id 
    where
        u1_0.id=?
Hibernate: 
    select
        p1_0.id,
        p1_0.created_at,
        p1_0.description,
        p1_0.expected_beneficiaries,
        p1_0.funder_id,
        p1_0.geography,
        p1_0.impact_kpi,
        p1_0.latitude,
        p1_0.longitude,
        p1_0.ngo_id,
        p1_0.project_duration,
        p1_0.sdg_goal,
        p1_0.sdg_target,
        p1_0.status,
        p1_0.title,
        p1_0.total_budget 
    from
        projects p1_0 
    where
        p1_0.status in ('PUBLISHED', 'SUBMITTED', 'DRAFT', 'UNDER_REVIEW', 'APPROVED', 'FUNDED', 'ESCROWED', 'ACTIVE', 'IN_PROGRESS') 
        and (
            ? is null 
            or p1_0.sdg_goal=?
        ) 
        and (
            ? is null 
            or lower(p1_0.geography) like replace(lower(concat('%', ?, '%')), '\\', '\\\\')
        ) 
        and (
            ? is null 
            or p1_0.total_budget>=?
        ) 
        and (
            ? is null 
            or p1_0.total_budget<=?
        ) 
    order by
        p1_0.created_at desc
Hibernate: 
    select
        ope1_0.id,
        ope1_0.committed_at,
        ope1_0.funder_id,
        ope1_0.project_id,
        ope1_0.status,
        ope1_0.viewed_at 
    from
        org_project_engagements ope1_0 
    left join
        funder_profiles f1_0 
            on f1_0.id=ope1_0.funder_id 
    where
        f1_0.id=?
2026-08-13T00:50:25.279+05:30 DEBUG 334182 --- [demo] [nio-8081-exec-1] o.s.security.web.FilterChainProxy        : Securing GET /api/org/projects/828c7eb0-cfb9-4b7b-8ae6-5a40302c917e
Hibernate: 
    select
        u1_0.id,
        u1_0.created_at,
        u1_0.email,
        u1_0.full_name,
        u1_0.is_verified,
        u1_0.password_hash,
        u1_0.phone,
        u1_0.role,
        u1_0.updated_at 
    from
        users u1_0 
    where
        u1_0.email=?
2026-08-13T00:50:25.283+05:30 DEBUG 334182 --- [demo] [nio-8081-exec-1] o.s.security.web.FilterChainProxy        : Secured GET /api/org/projects/828c7eb0-cfb9-4b7b-8ae6-5a40302c917e
2026-08-13T00:50:25.284+05:30 DEBUG 334182 --- [demo] [nio-8081-exec-1] horizationManagerBeforeMethodInterceptor : Authorizing method invocation ReflectiveMethodInvocation: public org.springframework.http.ResponseEntity com.transparencychain.backend.controller.OrgProjectController.getProjectDetail(java.util.UUID); target is of class [com.transparencychain.backend.controller.OrgProjectController]
2026-08-13T00:50:25.284+05:30 DEBUG 334182 --- [demo] [nio-8081-exec-1] horizationManagerBeforeMethodInterceptor : Authorized method invocation ReflectiveMethodInvocation: public org.springframework.http.ResponseEntity com.transparencychain.backend.controller.OrgProjectController.getProjectDetail(java.util.UUID); target is of class [com.transparencychain.backend.controller.OrgProjectController]
Hibernate: 
    select
        fp1_0.id,
        fp1_0.cin_number,
        fp1_0.org_name,
        fp1_0.org_type,
        fp1_0.total_donated,
        fp1_0.user_id 
    from
        funder_profiles fp1_0 
    left join
        users u1_0 
            on u1_0.id=fp1_0.user_id 
    where
        u1_0.id=?
Hibernate: 
    select
        p1_0.id,
        p1_0.created_at,
        p1_0.description,
        p1_0.expected_beneficiaries,
        p1_0.funder_id,
        p1_0.geography,
        p1_0.impact_kpi,
        p1_0.latitude,
        p1_0.longitude,
        p1_0.ngo_id,
        p1_0.project_duration,
        p1_0.sdg_goal,
        p1_0.sdg_target,
        p1_0.status,
        p1_0.title,
        p1_0.total_budget 
    from
        projects p1_0 
    where
        p1_0.id=?
Hibernate: 
    select
        ope1_0.id,
        ope1_0.committed_at,
        ope1_0.funder_id,
        ope1_0.project_id,
        ope1_0.status,
        ope1_0.viewed_at 
    from
        org_project_engagements ope1_0 
    left join
        funder_profiles f1_0 
            on f1_0.id=ope1_0.funder_id 
    left join
        projects p1_0 
            on p1_0.id=ope1_0.project_id 
    where
        f1_0.id=? 
        and p1_0.id=?
Hibernate: 
    select
        al1_0.id,
        al1_0.current_hash,
        al1_0.entity_id,
        al1_0.entity_type,
        al1_0.payload,
        al1_0.previous_hash,
        al1_0.timestamp 
    from
        audit_logs al1_0 
    order by
        al1_0.timestamp desc 
    limit
        ?
Hibernate: 
    select
        m1_0.id,
        m1_0.additional_allocated_amount,
        m1_0.amount_allocated,
        m1_0.current_version_id,
        m1_0.description,
        m1_0.due_date,
        m1_0.project_id,
        m1_0.released_amount,
        m1_0.required_evidence,
        m1_0.sequence_number,
        m1_0.status,
        m1_0.title,
        m1_0.verification_requirements 
    from
        milestones m1_0 
    left join
        projects p1_0 
            on p1_0.id=m1_0.project_id 
    where
        p1_0.id=?
Hibernate: 
    select
        np1_0.id,
        np1_0.auditor_membership_number,
        np1_0.auditor_name,
        np1_0.authorized_signatory_designation,
        np1_0.authorized_signatory_name,
        np1_0.authorized_signatory_pan,
        np1_0.bank_account_name,
        np1_0.bank_account_number_encrypted,
        np1_0.contact_email,
        np1_0.contact_phone,
        np1_0.csr1registration_number,
        np1_0.darpan_id,
        np1_0.date_of_establishment,
        np1_0.fcra_number,
        np1_0.focus_sdg_goals,
        np1_0.gstin,
        np1_0.ifsc_code,
        np1_0.latitude,
        np1_0.longitude,
        np1_0.operational_states,
        np1_0.org_name,
        np1_0.pan_number,
        np1_0.reg12a_number,
        np1_0.reg80g_number,
        np1_0.registered_address,
        np1_0.registration_number,
        np1_0.registration_type,
        np1_0.trust_score,
        np1_0.user_id,
        np1_0.verification_status,
        np1_0.verified_at,
        np1_0.website 
    from
        ngo_profiles np1_0 
    where
        np1_0.id=?
Hibernate: 
    insert 
    into
        org_project_engagements
        (committed_at, funder_id, project_id, status, viewed_at, id) 
    values
        (?, ?, ?, ?, ?, ?)
Hibernate: 
    insert 
    into
        audit_logs
        (current_hash, entity_id, entity_type, payload, previous_hash, timestamp, id) 
    values
        (?, ?, ?, ?, ?, ?, ?)
2026-08-13T00:50:25.426+05:30 DEBUG 334182 --- [demo] [nio-8081-exec-2] o.s.security.web.FilterChainProxy        : Securing POST /api/org/projects/828c7eb0-cfb9-4b7b-8ae6-5a40302c917e/review
Hibernate: 
    select
        u1_0.id,
        u1_0.created_at,
        u1_0.email,
        u1_0.full_name,
        u1_0.is_verified,
        u1_0.password_hash,
        u1_0.phone,
        u1_0.role,
        u1_0.updated_at 
    from
        users u1_0 
    where
        u1_0.email=?
2026-08-13T00:50:25.430+05:30 DEBUG 334182 --- [demo] [nio-8081-exec-2] o.s.security.web.FilterChainProxy        : Secured POST /api/org/projects/828c7eb0-cfb9-4b7b-8ae6-5a40302c917e/review
2026-08-13T00:50:25.431+05:30 DEBUG 334182 --- [demo] [nio-8081-exec-2] horizationManagerBeforeMethodInterceptor : Authorizing method invocation ReflectiveMethodInvocation: public org.springframework.http.ResponseEntity com.transparencychain.backend.controller.OrgProjectController.markProjectUnderReview(java.util.UUID); target is of class [com.transparencychain.backend.controller.OrgProjectController]
2026-08-13T00:50:25.431+05:30 DEBUG 334182 --- [demo] [nio-8081-exec-2] horizationManagerBeforeMethodInterceptor : Authorized method invocation ReflectiveMethodInvocation: public org.springframework.http.ResponseEntity com.transparencychain.backend.controller.OrgProjectController.markProjectUnderReview(java.util.UUID); target is of class [com.transparencychain.backend.controller.OrgProjectController]
Hibernate: 
    select
        fp1_0.id,
        fp1_0.cin_number,
        fp1_0.org_name,
        fp1_0.org_type,
        fp1_0.total_donated,
        fp1_0.user_id 
    from
        funder_profiles fp1_0 
    left join
        users u1_0 
            on u1_0.id=fp1_0.user_id 
    where
        u1_0.id=?
Hibernate: 
    select
        ope1_0.id,
        ope1_0.committed_at,
        ope1_0.funder_id,
        ope1_0.project_id,
        ope1_0.status,
        ope1_0.viewed_at 
    from
        org_project_engagements ope1_0 
    left join
        funder_profiles f1_0 
            on f1_0.id=ope1_0.funder_id 
    left join
        projects p1_0 
            on p1_0.id=ope1_0.project_id 
    where
        f1_0.id=? 
        and p1_0.id=?
Hibernate: 
    select
        al1_0.id,
        al1_0.current_hash,
        al1_0.entity_id,
        al1_0.entity_type,
        al1_0.payload,
        al1_0.previous_hash,
        al1_0.timestamp 
    from
        audit_logs al1_0 
    order by
        al1_0.timestamp desc 
    limit
        ?
Hibernate: 
    select
        p1_0.id,
        p1_0.created_at,
        p1_0.description,
        p1_0.expected_beneficiaries,
        p1_0.funder_id,
        p1_0.geography,
        p1_0.impact_kpi,
        p1_0.latitude,
        p1_0.longitude,
        p1_0.ngo_id,
        p1_0.project_duration,
        p1_0.sdg_goal,
        p1_0.sdg_target,
        p1_0.status,
        p1_0.title,
        p1_0.total_budget 
    from
        projects p1_0 
    where
        p1_0.id=?
Hibernate: 
    insert 
    into
        audit_logs
        (current_hash, entity_id, entity_type, payload, previous_hash, timestamp, id) 
    values
        (?, ?, ?, ?, ?, ?, ?)
Hibernate: 
    update
        org_project_engagements 
    set
        committed_at=?,
        funder_id=?,
        project_id=?,
        status=?,
        viewed_at=? 
    where
        id=?
Hibernate: 
    select
        ope1_0.id,
        ope1_0.committed_at,
        ope1_0.funder_id,
        ope1_0.project_id,
        ope1_0.status,
        ope1_0.viewed_at 
    from
        org_project_engagements ope1_0 
    left join
        funder_profiles f1_0 
            on f1_0.id=ope1_0.funder_id 
    left join
        projects p1_0 
            on p1_0.id=ope1_0.project_id 
    where
        f1_0.id=? 
        and p1_0.id=?
Hibernate: 
    select
        m1_0.id,
        m1_0.additional_allocated_amount,
        m1_0.amount_allocated,
        m1_0.current_version_id,
        m1_0.description,
        m1_0.due_date,
        m1_0.project_id,
        m1_0.released_amount,
        m1_0.required_evidence,
        m1_0.sequence_number,
        m1_0.status,
        m1_0.title,
        m1_0.verification_requirements 
    from
        milestones m1_0 
    left join
        projects p1_0 
            on p1_0.id=m1_0.project_id 
    where
        p1_0.id=?
Hibernate: 
    select
        np1_0.id,
        np1_0.auditor_membership_number,
        np1_0.auditor_name,
        np1_0.authorized_signatory_designation,
        np1_0.authorized_signatory_name,
        np1_0.authorized_signatory_pan,
        np1_0.bank_account_name,
        np1_0.bank_account_number_encrypted,
        np1_0.contact_email,
        np1_0.contact_phone,
        np1_0.csr1registration_number,
        np1_0.darpan_id,
        np1_0.date_of_establishment,
        np1_0.fcra_number,
        np1_0.focus_sdg_goals,
        np1_0.gstin,
        np1_0.ifsc_code,
        np1_0.latitude,
        np1_0.longitude,
        np1_0.operational_states,
        np1_0.org_name,
        np1_0.pan_number,
        np1_0.reg12a_number,
        np1_0.reg80g_number,
        np1_0.registered_address,
        np1_0.registration_number,
        np1_0.registration_type,
        np1_0.trust_score,
        np1_0.user_id,
        np1_0.verification_status,
        np1_0.verified_at,
        np1_0.website 
    from
        ngo_profiles np1_0 
    where
        np1_0.id=?
2026-08-13T00:50:25.475+05:30 DEBUG 334182 --- [demo] [nio-8081-exec-4] o.s.security.web.FilterChainProxy        : Securing POST /api/org/projects/828c7eb0-cfb9-4b7b-8ae6-5a40302c917e/review
Hibernate: 
    select
        u1_0.id,
        u1_0.created_at,
        u1_0.email,
        u1_0.full_name,
        u1_0.is_verified,
        u1_0.password_hash,
        u1_0.phone,
        u1_0.role,
        u1_0.updated_at 
    from
        users u1_0 
    where
        u1_0.email=?
2026-08-13T00:50:25.479+05:30 DEBUG 334182 --- [demo] [nio-8081-exec-4] o.s.security.web.FilterChainProxy        : Secured POST /api/org/projects/828c7eb0-cfb9-4b7b-8ae6-5a40302c917e/review
2026-08-13T00:50:25.480+05:30 DEBUG 334182 --- [demo] [nio-8081-exec-4] horizationManagerBeforeMethodInterceptor : Authorizing method invocation ReflectiveMethodInvocation: public org.springframework.http.ResponseEntity com.transparencychain.backend.controller.OrgProjectController.markProjectUnderReview(java.util.UUID); target is of class [com.transparencychain.backend.controller.OrgProjectController]
2026-08-13T00:50:25.480+05:30 DEBUG 334182 --- [demo] [nio-8081-exec-4] horizationManagerBeforeMethodInterceptor : Authorized method invocation ReflectiveMethodInvocation: public org.springframework.http.ResponseEntity com.transparencychain.backend.controller.OrgProjectController.markProjectUnderReview(java.util.UUID); target is of class [com.transparencychain.backend.controller.OrgProjectController]
Hibernate: 
    select
        fp1_0.id,
        fp1_0.cin_number,
        fp1_0.org_name,
        fp1_0.org_type,
        fp1_0.total_donated,
        fp1_0.user_id 
    from
        funder_profiles fp1_0 
    left join
        users u1_0 
            on u1_0.id=fp1_0.user_id 
    where
        u1_0.id=?
Hibernate: 
    select
        ope1_0.id,
        ope1_0.committed_at,
        ope1_0.funder_id,
        ope1_0.project_id,
        ope1_0.status,
        ope1_0.viewed_at 
    from
        org_project_engagements ope1_0 
    left join
        funder_profiles f1_0 
            on f1_0.id=ope1_0.funder_id 
    left join
        projects p1_0 
            on p1_0.id=ope1_0.project_id 
    where
        f1_0.id=? 
        and p1_0.id=?
2026-08-13T00:50:25.528+05:30 DEBUG 334182 --- [demo] [nio-8081-exec-3] s.s.w.f.HttpStatusRequestRejectedHandler : Rejecting request due to: The request was rejected because the URL contained a potentially malicious String "//"

org.springframework.security.web.firewall.RequestRejectedException: The request was rejected because the URL contained a potentially malicious String "//"
	at org.springframework.security.web.firewall.StrictHttpFirewall.rejectedBlocklistedUrls(StrictHttpFirewall.java:539) ~[spring-security-web-6.2.4.jar:6.2.4]
	at org.springframework.security.web.firewall.StrictHttpFirewall.getFirewalledRequest(StrictHttpFirewall.java:509) ~[spring-security-web-6.2.4.jar:6.2.4]
	at org.springframework.security.web.FilterChainProxy.doFilterInternal(FilterChainProxy.java:211) ~[spring-security-web-6.2.4.jar:6.2.4]
	at org.springframework.security.web.FilterChainProxy.doFilter(FilterChainProxy.java:191) ~[spring-security-web-6.2.4.jar:6.2.4]
	at org.springframework.web.filter.CompositeFilter$VirtualFilterChain.doFilter(CompositeFilter.java:113) ~[spring-web-6.1.6.jar:6.1.6]
	at org.springframework.web.servlet.handler.HandlerMappingIntrospector.lambda$createCacheFilter$3(HandlerMappingIntrospector.java:195) ~[spring-webmvc-6.1.6.jar:6.1.6]
	at org.springframework.web.filter.CompositeFilter$VirtualFilterChain.doFilter(CompositeFilter.java:113) ~[spring-web-6.1.6.jar:6.1.6]
	at org.springframework.web.filter.CompositeFilter.doFilter(CompositeFilter.java:74) ~[spring-web-6.1.6.jar:6.1.6]
	at org.springframework.security.config.annotation.web.configuration.WebMvcSecurityConfiguration$CompositeFilterChainProxy.doFilter(WebMvcSecurityConfiguration.java:230) ~[spring-security-config-6.2.4.jar:6.2.4]
	at org.springframework.web.filter.DelegatingFilterProxy.invokeDelegate(DelegatingFilterProxy.java:352) ~[spring-web-6.1.6.jar:6.1.6]
	at org.springframework.web.filter.DelegatingFilterProxy.doFilter(DelegatingFilterProxy.java:268) ~[spring-web-6.1.6.jar:6.1.6]
	at org.apache.catalina.core.ApplicationFilterChain.internalDoFilter(ApplicationFilterChain.java:175) ~[tomcat-embed-core-10.1.20.jar:10.1.20]
	at org.apache.catalina.core.ApplicationFilterChain.doFilter(ApplicationFilterChain.java:150) ~[tomcat-embed-core-10.1.20.jar:10.1.20]
	at org.springframework.web.filter.RequestContextFilter.doFilterInternal(RequestContextFilter.java:100) ~[spring-web-6.1.6.jar:6.1.6]
	at org.springframework.web.filter.OncePerRequestFilter.doFilter(OncePerRequestFilter.java:116) ~[spring-web-6.1.6.jar:6.1.6]
	at org.apache.catalina.core.ApplicationFilterChain.internalDoFilter(ApplicationFilterChain.java:175) ~[tomcat-embed-core-10.1.20.jar:10.1.20]
	at org.apache.catalina.core.ApplicationFilterChain.doFilter(ApplicationFilterChain.java:150) ~[tomcat-embed-core-10.1.20.jar:10.1.20]
	at org.springframework.web.filter.FormContentFilter.doFilterInternal(FormContentFilter.java:93) ~[spring-web-6.1.6.jar:6.1.6]
	at org.springframework.web.filter.OncePerRequestFilter.doFilter(OncePerRequestFilter.java:116) ~[spring-web-6.1.6.jar:6.1.6]
	at org.apache.catalina.core.ApplicationFilterChain.internalDoFilter(ApplicationFilterChain.java:175) ~[tomcat-embed-core-10.1.20.jar:10.1.20]
	at org.apache.catalina.core.ApplicationFilterChain.doFilter(ApplicationFilterChain.java:150) ~[tomcat-embed-core-10.1.20.jar:10.1.20]
	at org.springframework.web.filter.CharacterEncodingFilter.doFilterInternal(CharacterEncodingFilter.java:201) ~[spring-web-6.1.6.jar:6.1.6]
	at org.springframework.web.filter.OncePerRequestFilter.doFilter(OncePerRequestFilter.java:116) ~[spring-web-6.1.6.jar:6.1.6]
	at org.apache.catalina.core.ApplicationFilterChain.internalDoFilter(ApplicationFilterChain.java:175) ~[tomcat-embed-core-10.1.20.jar:10.1.20]
	at org.apache.catalina.core.ApplicationFilterChain.doFilter(ApplicationFilterChain.java:150) ~[tomcat-embed-core-10.1.20.jar:10.1.20]
	at org.apache.catalina.core.StandardWrapperValve.invoke(StandardWrapperValve.java:167) ~[tomcat-embed-core-10.1.20.jar:10.1.20]
	at org.apache.catalina.core.StandardContextValve.invoke(StandardContextValve.java:90) ~[tomcat-embed-core-10.1.20.jar:10.1.20]
	at org.apache.catalina.authenticator.AuthenticatorBase.invoke(AuthenticatorBase.java:482) ~[tomcat-embed-core-10.1.20.jar:10.1.20]
	at org.apache.catalina.core.StandardHostValve.invoke(StandardHostValve.java:115) ~[tomcat-embed-core-10.1.20.jar:10.1.20]
	at org.apache.catalina.valves.ErrorReportValve.invoke(ErrorReportValve.java:93) ~[tomcat-embed-core-10.1.20.jar:10.1.20]
	at org.apache.catalina.core.StandardEngineValve.invoke(StandardEngineValve.java:74) ~[tomcat-embed-core-10.1.20.jar:10.1.20]
	at org.apache.catalina.connector.CoyoteAdapter.service(CoyoteAdapter.java:344) ~[tomcat-embed-core-10.1.20.jar:10.1.20]
	at org.apache.coyote.http11.Http11Processor.service(Http11Processor.java:391) ~[tomcat-embed-core-10.1.20.jar:10.1.20]
	at org.apache.coyote.AbstractProcessorLight.process(AbstractProcessorLight.java:63) ~[tomcat-embed-core-10.1.20.jar:10.1.20]
	at org.apache.coyote.AbstractProtocol$ConnectionHandler.process(AbstractProtocol.java:896) ~[tomcat-embed-core-10.1.20.jar:10.1.20]
	at org.apache.tomcat.util.net.NioEndpoint$SocketProcessor.doRun(NioEndpoint.java:1736) ~[tomcat-embed-core-10.1.20.jar:10.1.20]
	at org.apache.tomcat.util.net.SocketProcessorBase.run(SocketProcessorBase.java:52) ~[tomcat-embed-core-10.1.20.jar:10.1.20]
	at org.apache.tomcat.util.threads.ThreadPoolExecutor.runWorker(ThreadPoolExecutor.java:1191) ~[tomcat-embed-core-10.1.20.jar:10.1.20]
	at org.apache.tomcat.util.threads.ThreadPoolExecutor$Worker.run(ThreadPoolExecutor.java:659) ~[tomcat-embed-core-10.1.20.jar:10.1.20]
	at org.apache.tomcat.util.threads.TaskThread$WrappingRunnable.run(TaskThread.java:63) ~[tomcat-embed-core-10.1.20.jar:10.1.20]
	at java.base/java.lang.Thread.run(Thread.java:1474) ~[na:na]

2026-08-13T00:50:25.530+05:30 DEBUG 334182 --- [demo] [nio-8081-exec-3] o.s.security.web.FilterChainProxy        : Securing POST /error
2026-08-13T00:50:25.531+05:30 DEBUG 334182 --- [demo] [nio-8081-exec-3] o.s.s.w.a.AnonymousAuthenticationFilter  : Set SecurityContextHolder to anonymous SecurityContext
2026-08-13T00:50:25.531+05:30 ERROR 334182 --- [demo] [nio-8081-exec-3] c.t.backend.security.AuthEntryPointJwt   : Unauthorized error: Full authentication is required to access this resource
2026-08-13T00:50:25.639+05:30 DEBUG 334182 --- [demo] [nio-8081-exec-5] s.s.w.f.HttpStatusRequestRejectedHandler : Rejecting request due to: The request was rejected because the URL contained a potentially malicious String "//"

org.springframework.security.web.firewall.RequestRejectedException: The request was rejected because the URL contained a potentially malicious String "//"
	at org.springframework.security.web.firewall.StrictHttpFirewall.rejectedBlocklistedUrls(StrictHttpFirewall.java:539) ~[spring-security-web-6.2.4.jar:6.2.4]
	at org.springframework.security.web.firewall.StrictHttpFirewall.getFirewalledRequest(StrictHttpFirewall.java:509) ~[spring-security-web-6.2.4.jar:6.2.4]
	at org.springframework.security.web.FilterChainProxy.doFilterInternal(FilterChainProxy.java:211) ~[spring-security-web-6.2.4.jar:6.2.4]
	at org.springframework.security.web.FilterChainProxy.doFilter(FilterChainProxy.java:191) ~[spring-security-web-6.2.4.jar:6.2.4]
	at org.springframework.web.filter.CompositeFilter$VirtualFilterChain.doFilter(CompositeFilter.java:113) ~[spring-web-6.1.6.jar:6.1.6]
	at org.springframework.web.servlet.handler.HandlerMappingIntrospector.lambda$createCacheFilter$3(HandlerMappingIntrospector.java:195) ~[spring-webmvc-6.1.6.jar:6.1.6]
	at org.springframework.web.filter.CompositeFilter$VirtualFilterChain.doFilter(CompositeFilter.java:113) ~[spring-web-6.1.6.jar:6.1.6]
	at org.springframework.web.filter.CompositeFilter.doFilter(CompositeFilter.java:74) ~[spring-web-6.1.6.jar:6.1.6]
	at org.springframework.security.config.annotation.web.configuration.WebMvcSecurityConfiguration$CompositeFilterChainProxy.doFilter(WebMvcSecurityConfiguration.java:230) ~[spring-security-config-6.2.4.jar:6.2.4]
	at org.springframework.web.filter.DelegatingFilterProxy.invokeDelegate(DelegatingFilterProxy.java:352) ~[spring-web-6.1.6.jar:6.1.6]
	at org.springframework.web.filter.DelegatingFilterProxy.doFilter(DelegatingFilterProxy.java:268) ~[spring-web-6.1.6.jar:6.1.6]
	at org.apache.catalina.core.ApplicationFilterChain.internalDoFilter(ApplicationFilterChain.java:175) ~[tomcat-embed-core-10.1.20.jar:10.1.20]
	at org.apache.catalina.core.ApplicationFilterChain.doFilter(ApplicationFilterChain.java:150) ~[tomcat-embed-core-10.1.20.jar:10.1.20]
	at org.springframework.web.filter.RequestContextFilter.doFilterInternal(RequestContextFilter.java:100) ~[spring-web-6.1.6.jar:6.1.6]
	at org.springframework.web.filter.OncePerRequestFilter.doFilter(OncePerRequestFilter.java:116) ~[spring-web-6.1.6.jar:6.1.6]
	at org.apache.catalina.core.ApplicationFilterChain.internalDoFilter(ApplicationFilterChain.java:175) ~[tomcat-embed-core-10.1.20.jar:10.1.20]
	at org.apache.catalina.core.ApplicationFilterChain.doFilter(ApplicationFilterChain.java:150) ~[tomcat-embed-core-10.1.20.jar:10.1.20]
	at org.springframework.web.filter.FormContentFilter.doFilterInternal(FormContentFilter.java:93) ~[spring-web-6.1.6.jar:6.1.6]
	at org.springframework.web.filter.OncePerRequestFilter.doFilter(OncePerRequestFilter.java:116) ~[spring-web-6.1.6.jar:6.1.6]
	at org.apache.catalina.core.ApplicationFilterChain.internalDoFilter(ApplicationFilterChain.java:175) ~[tomcat-embed-core-10.1.20.jar:10.1.20]
	at org.apache.catalina.core.ApplicationFilterChain.doFilter(ApplicationFilterChain.java:150) ~[tomcat-embed-core-10.1.20.jar:10.1.20]
	at org.springframework.web.filter.CharacterEncodingFilter.doFilterInternal(CharacterEncodingFilter.java:201) ~[spring-web-6.1.6.jar:6.1.6]
	at org.springframework.web.filter.OncePerRequestFilter.doFilter(OncePerRequestFilter.java:116) ~[spring-web-6.1.6.jar:6.1.6]
	at org.apache.catalina.core.ApplicationFilterChain.internalDoFilter(ApplicationFilterChain.java:175) ~[tomcat-embed-core-10.1.20.jar:10.1.20]
	at org.apache.catalina.core.ApplicationFilterChain.doFilter(ApplicationFilterChain.java:150) ~[tomcat-embed-core-10.1.20.jar:10.1.20]
	at org.apache.catalina.core.StandardWrapperValve.invoke(StandardWrapperValve.java:167) ~[tomcat-embed-core-10.1.20.jar:10.1.20]
	at org.apache.catalina.core.StandardContextValve.invoke(StandardContextValve.java:90) ~[tomcat-embed-core-10.1.20.jar:10.1.20]
	at org.apache.catalina.authenticator.AuthenticatorBase.invoke(AuthenticatorBase.java:482) ~[tomcat-embed-core-10.1.20.jar:10.1.20]
	at org.apache.catalina.core.StandardHostValve.invoke(StandardHostValve.java:115) ~[tomcat-embed-core-10.1.20.jar:10.1.20]
	at org.apache.catalina.valves.ErrorReportValve.invoke(ErrorReportValve.java:93) ~[tomcat-embed-core-10.1.20.jar:10.1.20]
	at org.apache.catalina.core.StandardEngineValve.invoke(StandardEngineValve.java:74) ~[tomcat-embed-core-10.1.20.jar:10.1.20]
	at org.apache.catalina.connector.CoyoteAdapter.service(CoyoteAdapter.java:344) ~[tomcat-embed-core-10.1.20.jar:10.1.20]
	at org.apache.coyote.http11.Http11Processor.service(Http11Processor.java:391) ~[tomcat-embed-core-10.1.20.jar:10.1.20]
	at org.apache.coyote.AbstractProcessorLight.process(AbstractProcessorLight.java:63) ~[tomcat-embed-core-10.1.20.jar:10.1.20]
	at org.apache.coyote.AbstractProtocol$ConnectionHandler.process(AbstractProtocol.java:896) ~[tomcat-embed-core-10.1.20.jar:10.1.20]
	at org.apache.tomcat.util.net.NioEndpoint$SocketProcessor.doRun(NioEndpoint.java:1736) ~[tomcat-embed-core-10.1.20.jar:10.1.20]
	at org.apache.tomcat.util.net.SocketProcessorBase.run(SocketProcessorBase.java:52) ~[tomcat-embed-core-10.1.20.jar:10.1.20]
	at org.apache.tomcat.util.threads.ThreadPoolExecutor.runWorker(ThreadPoolExecutor.java:1191) ~[tomcat-embed-core-10.1.20.jar:10.1.20]
	at org.apache.tomcat.util.threads.ThreadPoolExecutor$Worker.run(ThreadPoolExecutor.java:659) ~[tomcat-embed-core-10.1.20.jar:10.1.20]
	at org.apache.tomcat.util.threads.TaskThread$WrappingRunnable.run(TaskThread.java:63) ~[tomcat-embed-core-10.1.20.jar:10.1.20]
	at java.base/java.lang.Thread.run(Thread.java:1474) ~[na:na]

2026-08-13T00:50:25.640+05:30 DEBUG 334182 --- [demo] [nio-8081-exec-5] o.s.security.web.FilterChainProxy        : Securing POST /error
2026-08-13T00:50:25.640+05:30 DEBUG 334182 --- [demo] [nio-8081-exec-5] o.s.s.w.a.AnonymousAuthenticationFilter  : Set SecurityContextHolder to anonymous SecurityContext
2026-08-13T00:50:25.641+05:30 ERROR 334182 --- [demo] [nio-8081-exec-5] c.t.backend.security.AuthEntryPointJwt   : Unauthorized error: Full authentication is required to access this resource
2026-08-13T00:50:25.660+05:30 DEBUG 334182 --- [demo] [nio-8081-exec-8] o.s.security.web.FilterChainProxy        : Securing GET /api/org/change-requests/
Hibernate: 
    select
        u1_0.id,
        u1_0.created_at,
        u1_0.email,
        u1_0.full_name,
        u1_0.is_verified,
        u1_0.password_hash,
        u1_0.phone,
        u1_0.role,
        u1_0.updated_at 
    from
        users u1_0 
    where
        u1_0.email=?
2026-08-13T00:50:25.667+05:30 DEBUG 334182 --- [demo] [nio-8081-exec-8] o.s.security.web.FilterChainProxy        : Secured GET /api/org/change-requests/
2026-08-13T00:50:25.671+05:30 DEBUG 334182 --- [demo] [nio-8081-exec-8] o.s.security.web.FilterChainProxy        : Securing GET /error
2026-08-13T00:50:25.671+05:30 DEBUG 334182 --- [demo] [nio-8081-exec-8] o.s.s.w.a.AnonymousAuthenticationFilter  : Set SecurityContextHolder to anonymous SecurityContext
2026-08-13T00:50:25.671+05:30 ERROR 334182 --- [demo] [nio-8081-exec-8] c.t.backend.security.AuthEntryPointJwt   : Unauthorized error: Full authentication is required to access this resource
2026-08-13T00:50:25.694+05:30 DEBUG 334182 --- [demo] [io-8081-exec-10] o.s.security.web.FilterChainProxy        : Securing GET /api/ngo/change-requests?status=PENDING
Hibernate: 
    select
        u1_0.id,
        u1_0.created_at,
        u1_0.email,
        u1_0.full_name,
        u1_0.is_verified,
        u1_0.password_hash,
        u1_0.phone,
        u1_0.role,
        u1_0.updated_at 
    from
        users u1_0 
    where
        u1_0.email=?
2026-08-13T00:50:25.699+05:30 DEBUG 334182 --- [demo] [io-8081-exec-10] o.s.security.web.FilterChainProxy        : Secured GET /api/ngo/change-requests?status=PENDING
2026-08-13T00:50:25.704+05:30 DEBUG 334182 --- [demo] [io-8081-exec-10] horizationManagerBeforeMethodInterceptor : Authorizing method invocation ReflectiveMethodInvocation: public org.springframework.http.ResponseEntity com.transparencychain.backend.controller.NgoNegotiationController.getPendingChangeRequests(java.lang.String); target is of class [com.transparencychain.backend.controller.NgoNegotiationController]
2026-08-13T00:50:25.704+05:30 DEBUG 334182 --- [demo] [io-8081-exec-10] horizationManagerBeforeMethodInterceptor : Authorized method invocation ReflectiveMethodInvocation: public org.springframework.http.ResponseEntity com.transparencychain.backend.controller.NgoNegotiationController.getPendingChangeRequests(java.lang.String); target is of class [com.transparencychain.backend.controller.NgoNegotiationController]
Hibernate: 
    select
        np1_0.id,
        np1_0.auditor_membership_number,
        np1_0.auditor_name,
        np1_0.authorized_signatory_designation,
        np1_0.authorized_signatory_name,
        np1_0.authorized_signatory_pan,
        np1_0.bank_account_name,
        np1_0.bank_account_number_encrypted,
        np1_0.contact_email,
        np1_0.contact_phone,
        np1_0.csr1registration_number,
        np1_0.darpan_id,
        np1_0.date_of_establishment,
        np1_0.fcra_number,
        np1_0.focus_sdg_goals,
        np1_0.gstin,
        np1_0.ifsc_code,
        np1_0.latitude,
        np1_0.longitude,
        np1_0.operational_states,
        np1_0.org_name,
        np1_0.pan_number,
        np1_0.reg12a_number,
        np1_0.reg80g_number,
        np1_0.registered_address,
        np1_0.registration_number,
        np1_0.registration_type,
        np1_0.trust_score,
        np1_0.user_id,
        np1_0.verification_status,
        np1_0.verified_at,
        np1_0.website 
    from
        ngo_profiles np1_0 
    left join
        users u1_0 
            on u1_0.id=np1_0.user_id 
    where
        u1_0.id=?
Hibernate: 
    select
        p1_0.id,
        p1_0.created_at,
        p1_0.description,
        p1_0.expected_beneficiaries,
        p1_0.funder_id,
        p1_0.geography,
        p1_0.impact_kpi,
        p1_0.latitude,
        p1_0.longitude,
        p1_0.ngo_id,
        p1_0.project_duration,
        p1_0.sdg_goal,
        p1_0.sdg_target,
        p1_0.status,
        p1_0.title,
        p1_0.total_budget 
    from
        projects p1_0 
    left join
        ngo_profiles n1_0 
            on n1_0.id=p1_0.ngo_id 
    where
        n1_0.id=?
Hibernate: 
    select
        mcr1_0.id,
        mcr1_0.created_at,
        mcr1_0.milestone_id,
        mcr1_0.ngo_response_note,
        mcr1_0.original_version_id,
        mcr1_0.proposed_version_id,
        mcr1_0.requested_by_org_id,
        mcr1_0.responded_at,
        mcr1_0.status 
    from
        milestone_change_requests mcr1_0 
    left join
        milestones m1_0 
            on m1_0.id=mcr1_0.milestone_id 
    left join
        projects p1_0 
            on p1_0.id=m1_0.project_id 
    where
        p1_0.id=? 
        and mcr1_0.status=?
Hibernate: 
    select
        mcr1_0.id,
        mcr1_0.created_at,
        mcr1_0.milestone_id,
        mcr1_0.ngo_response_note,
        mcr1_0.original_version_id,
        mcr1_0.proposed_version_id,
        mcr1_0.requested_by_org_id,
        mcr1_0.responded_at,
        mcr1_0.status 
    from
        milestone_change_requests mcr1_0 
    left join
        milestones m1_0 
            on m1_0.id=mcr1_0.milestone_id 
    left join
        projects p1_0 
            on p1_0.id=m1_0.project_id 
    where
        p1_0.id=? 
        and mcr1_0.status=?
Hibernate: 
    select
        mcr1_0.id,
        mcr1_0.created_at,
        mcr1_0.milestone_id,
        mcr1_0.ngo_response_note,
        mcr1_0.original_version_id,
        mcr1_0.proposed_version_id,
        mcr1_0.requested_by_org_id,
        mcr1_0.responded_at,
        mcr1_0.status 
    from
        milestone_change_requests mcr1_0 
    left join
        milestones m1_0 
            on m1_0.id=mcr1_0.milestone_id 
    left join
        projects p1_0 
            on p1_0.id=m1_0.project_id 
    where
        p1_0.id=? 
        and mcr1_0.status=?
Hibernate: 
    select
        mcr1_0.id,
        mcr1_0.created_at,
        mcr1_0.milestone_id,
        mcr1_0.ngo_response_note,
        mcr1_0.original_version_id,
        mcr1_0.proposed_version_id,
        mcr1_0.requested_by_org_id,
        mcr1_0.responded_at,
        mcr1_0.status 
    from
        milestone_change_requests mcr1_0 
    left join
        milestones m1_0 
            on m1_0.id=mcr1_0.milestone_id 
    left join
        projects p1_0 
            on p1_0.id=m1_0.project_id 
    where
        p1_0.id=? 
        and mcr1_0.status=?
2026-08-13T00:50:25.731+05:30 DEBUG 334182 --- [demo] [nio-8081-exec-1] s.s.w.f.HttpStatusRequestRejectedHandler : Rejecting request due to: The request was rejected because the URL contained a potentially malicious String "//"

org.springframework.security.web.firewall.RequestRejectedException: The request was rejected because the URL contained a potentially malicious String "//"
	at org.springframework.security.web.firewall.StrictHttpFirewall.rejectedBlocklistedUrls(StrictHttpFirewall.java:539) ~[spring-security-web-6.2.4.jar:6.2.4]
	at org.springframework.security.web.firewall.StrictHttpFirewall.getFirewalledRequest(StrictHttpFirewall.java:509) ~[spring-security-web-6.2.4.jar:6.2.4]
	at org.springframework.security.web.FilterChainProxy.doFilterInternal(FilterChainProxy.java:211) ~[spring-security-web-6.2.4.jar:6.2.4]
	at org.springframework.security.web.FilterChainProxy.doFilter(FilterChainProxy.java:191) ~[spring-security-web-6.2.4.jar:6.2.4]
	at org.springframework.web.filter.CompositeFilter$VirtualFilterChain.doFilter(CompositeFilter.java:113) ~[spring-web-6.1.6.jar:6.1.6]
	at org.springframework.web.servlet.handler.HandlerMappingIntrospector.lambda$createCacheFilter$3(HandlerMappingIntrospector.java:195) ~[spring-webmvc-6.1.6.jar:6.1.6]
	at org.springframework.web.filter.CompositeFilter$VirtualFilterChain.doFilter(CompositeFilter.java:113) ~[spring-web-6.1.6.jar:6.1.6]
	at org.springframework.web.filter.CompositeFilter.doFilter(CompositeFilter.java:74) ~[spring-web-6.1.6.jar:6.1.6]
	at org.springframework.security.config.annotation.web.configuration.WebMvcSecurityConfiguration$CompositeFilterChainProxy.doFilter(WebMvcSecurityConfiguration.java:230) ~[spring-security-config-6.2.4.jar:6.2.4]
	at org.springframework.web.filter.DelegatingFilterProxy.invokeDelegate(DelegatingFilterProxy.java:352) ~[spring-web-6.1.6.jar:6.1.6]
	at org.springframework.web.filter.DelegatingFilterProxy.doFilter(DelegatingFilterProxy.java:268) ~[spring-web-6.1.6.jar:6.1.6]
	at org.apache.catalina.core.ApplicationFilterChain.internalDoFilter(ApplicationFilterChain.java:175) ~[tomcat-embed-core-10.1.20.jar:10.1.20]
	at org.apache.catalina.core.ApplicationFilterChain.doFilter(ApplicationFilterChain.java:150) ~[tomcat-embed-core-10.1.20.jar:10.1.20]
	at org.springframework.web.filter.RequestContextFilter.doFilterInternal(RequestContextFilter.java:100) ~[spring-web-6.1.6.jar:6.1.6]
	at org.springframework.web.filter.OncePerRequestFilter.doFilter(OncePerRequestFilter.java:116) ~[spring-web-6.1.6.jar:6.1.6]
	at org.apache.catalina.core.ApplicationFilterChain.internalDoFilter(ApplicationFilterChain.java:175) ~[tomcat-embed-core-10.1.20.jar:10.1.20]
	at org.apache.catalina.core.ApplicationFilterChain.doFilter(ApplicationFilterChain.java:150) ~[tomcat-embed-core-10.1.20.jar:10.1.20]
	at org.springframework.web.filter.FormContentFilter.doFilterInternal(FormContentFilter.java:93) ~[spring-web-6.1.6.jar:6.1.6]
	at org.springframework.web.filter.OncePerRequestFilter.doFilter(OncePerRequestFilter.java:116) ~[spring-web-6.1.6.jar:6.1.6]
	at org.apache.catalina.core.ApplicationFilterChain.internalDoFilter(ApplicationFilterChain.java:175) ~[tomcat-embed-core-10.1.20.jar:10.1.20]
	at org.apache.catalina.core.ApplicationFilterChain.doFilter(ApplicationFilterChain.java:150) ~[tomcat-embed-core-10.1.20.jar:10.1.20]
	at org.springframework.web.filter.CharacterEncodingFilter.doFilterInternal(CharacterEncodingFilter.java:201) ~[spring-web-6.1.6.jar:6.1.6]
	at org.springframework.web.filter.OncePerRequestFilter.doFilter(OncePerRequestFilter.java:116) ~[spring-web-6.1.6.jar:6.1.6]
	at org.apache.catalina.core.ApplicationFilterChain.internalDoFilter(ApplicationFilterChain.java:175) ~[tomcat-embed-core-10.1.20.jar:10.1.20]
	at org.apache.catalina.core.ApplicationFilterChain.doFilter(ApplicationFilterChain.java:150) ~[tomcat-embed-core-10.1.20.jar:10.1.20]
	at org.apache.catalina.core.StandardWrapperValve.invoke(StandardWrapperValve.java:167) ~[tomcat-embed-core-10.1.20.jar:10.1.20]
	at org.apache.catalina.core.StandardContextValve.invoke(StandardContextValve.java:90) ~[tomcat-embed-core-10.1.20.jar:10.1.20]
	at org.apache.catalina.authenticator.AuthenticatorBase.invoke(AuthenticatorBase.java:482) ~[tomcat-embed-core-10.1.20.jar:10.1.20]
	at org.apache.catalina.core.StandardHostValve.invoke(StandardHostValve.java:115) ~[tomcat-embed-core-10.1.20.jar:10.1.20]
	at org.apache.catalina.valves.ErrorReportValve.invoke(ErrorReportValve.java:93) ~[tomcat-embed-core-10.1.20.jar:10.1.20]
	at org.apache.catalina.core.StandardEngineValve.invoke(StandardEngineValve.java:74) ~[tomcat-embed-core-10.1.20.jar:10.1.20]
	at org.apache.catalina.connector.CoyoteAdapter.service(CoyoteAdapter.java:344) ~[tomcat-embed-core-10.1.20.jar:10.1.20]
	at org.apache.coyote.http11.Http11Processor.service(Http11Processor.java:391) ~[tomcat-embed-core-10.1.20.jar:10.1.20]
	at org.apache.coyote.AbstractProcessorLight.process(AbstractProcessorLight.java:63) ~[tomcat-embed-core-10.1.20.jar:10.1.20]
	at org.apache.coyote.AbstractProtocol$ConnectionHandler.process(AbstractProtocol.java:896) ~[tomcat-embed-core-10.1.20.jar:10.1.20]
	at org.apache.tomcat.util.net.NioEndpoint$SocketProcessor.doRun(NioEndpoint.java:1736) ~[tomcat-embed-core-10.1.20.jar:10.1.20]
	at org.apache.tomcat.util.net.SocketProcessorBase.run(SocketProcessorBase.java:52) ~[tomcat-embed-core-10.1.20.jar:10.1.20]
	at org.apache.tomcat.util.threads.ThreadPoolExecutor.runWorker(ThreadPoolExecutor.java:1191) ~[tomcat-embed-core-10.1.20.jar:10.1.20]
	at org.apache.tomcat.util.threads.ThreadPoolExecutor$Worker.run(ThreadPoolExecutor.java:659) ~[tomcat-embed-core-10.1.20.jar:10.1.20]
	at org.apache.tomcat.util.threads.TaskThread$WrappingRunnable.run(TaskThread.java:63) ~[tomcat-embed-core-10.1.20.jar:10.1.20]
	at java.base/java.lang.Thread.run(Thread.java:1474) ~[na:na]

2026-08-13T00:50:25.732+05:30 DEBUG 334182 --- [demo] [nio-8081-exec-1] o.s.security.web.FilterChainProxy        : Securing POST /error
2026-08-13T00:50:25.732+05:30 DEBUG 334182 --- [demo] [nio-8081-exec-1] o.s.s.w.a.AnonymousAuthenticationFilter  : Set SecurityContextHolder to anonymous SecurityContext
2026-08-13T00:50:25.732+05:30 ERROR 334182 --- [demo] [nio-8081-exec-1] c.t.backend.security.AuthEntryPointJwt   : Unauthorized error: Full authentication is required to access this resource
2026-08-13T00:50:25.747+05:30 DEBUG 334182 --- [demo] [nio-8081-exec-4] o.s.security.web.FilterChainProxy        : Securing GET /api/ngo/change-requests?status=PENDING
Hibernate: 
    select
        u1_0.id,
        u1_0.created_at,
        u1_0.email,
        u1_0.full_name,
        u1_0.is_verified,
        u1_0.password_hash,
        u1_0.phone,
        u1_0.role,
        u1_0.updated_at 
    from
        users u1_0 
    where
        u1_0.email=?
2026-08-13T00:50:25.752+05:30 DEBUG 334182 --- [demo] [nio-8081-exec-4] o.s.security.web.FilterChainProxy        : Secured GET /api/ngo/change-requests?status=PENDING
2026-08-13T00:50:25.752+05:30 DEBUG 334182 --- [demo] [nio-8081-exec-4] horizationManagerBeforeMethodInterceptor : Authorizing method invocation ReflectiveMethodInvocation: public org.springframework.http.ResponseEntity com.transparencychain.backend.controller.NgoNegotiationController.getPendingChangeRequests(java.lang.String); target is of class [com.transparencychain.backend.controller.NgoNegotiationController]
2026-08-13T00:50:25.753+05:30 DEBUG 334182 --- [demo] [nio-8081-exec-4] horizationManagerBeforeMethodInterceptor : Authorized method invocation ReflectiveMethodInvocation: public org.springframework.http.ResponseEntity com.transparencychain.backend.controller.NgoNegotiationController.getPendingChangeRequests(java.lang.String); target is of class [com.transparencychain.backend.controller.NgoNegotiationController]
Hibernate: 
    select
        np1_0.id,
        np1_0.auditor_membership_number,
        np1_0.auditor_name,
        np1_0.authorized_signatory_designation,
        np1_0.authorized_signatory_name,
        np1_0.authorized_signatory_pan,
        np1_0.bank_account_name,
        np1_0.bank_account_number_encrypted,
        np1_0.contact_email,
        np1_0.contact_phone,
        np1_0.csr1registration_number,
        np1_0.darpan_id,
        np1_0.date_of_establishment,
        np1_0.fcra_number,
        np1_0.focus_sdg_goals,
        np1_0.gstin,
        np1_0.ifsc_code,
        np1_0.latitude,
        np1_0.longitude,
        np1_0.operational_states,
        np1_0.org_name,
        np1_0.pan_number,
        np1_0.reg12a_number,
        np1_0.reg80g_number,
        np1_0.registered_address,
        np1_0.registration_number,
        np1_0.registration_type,
        np1_0.trust_score,
        np1_0.user_id,
        np1_0.verification_status,
        np1_0.verified_at,
        np1_0.website 
    from
        ngo_profiles np1_0 
    left join
        users u1_0 
            on u1_0.id=np1_0.user_id 
    where
        u1_0.id=?
Hibernate: 
    select
        p1_0.id,
        p1_0.created_at,
        p1_0.description,
        p1_0.expected_beneficiaries,
        p1_0.funder_id,
        p1_0.geography,
        p1_0.impact_kpi,
        p1_0.latitude,
        p1_0.longitude,
        p1_0.ngo_id,
        p1_0.project_duration,
        p1_0.sdg_goal,
        p1_0.sdg_target,
        p1_0.status,
        p1_0.title,
        p1_0.total_budget 
    from
        projects p1_0 
    left join
        ngo_profiles n1_0 
            on n1_0.id=p1_0.ngo_id 
    where
        n1_0.id=?
Hibernate: 
    select
        mcr1_0.id,
        mcr1_0.created_at,
        mcr1_0.milestone_id,
        mcr1_0.ngo_response_note,
        mcr1_0.original_version_id,
        mcr1_0.proposed_version_id,
        mcr1_0.requested_by_org_id,
        mcr1_0.responded_at,
        mcr1_0.status 
    from
        milestone_change_requests mcr1_0 
    left join
        milestones m1_0 
            on m1_0.id=mcr1_0.milestone_id 
    left join
        projects p1_0 
            on p1_0.id=m1_0.project_id 
    where
        p1_0.id=? 
        and mcr1_0.status=?
Hibernate: 
    select
        mcr1_0.id,
        mcr1_0.created_at,
        mcr1_0.milestone_id,
        mcr1_0.ngo_response_note,
        mcr1_0.original_version_id,
        mcr1_0.proposed_version_id,
        mcr1_0.requested_by_org_id,
        mcr1_0.responded_at,
        mcr1_0.status 
    from
        milestone_change_requests mcr1_0 
    left join
        milestones m1_0 
            on m1_0.id=mcr1_0.milestone_id 
    left join
        projects p1_0 
            on p1_0.id=m1_0.project_id 
    where
        p1_0.id=? 
        and mcr1_0.status=?
Hibernate: 
    select
        mcr1_0.id,
        mcr1_0.created_at,
        mcr1_0.milestone_id,
        mcr1_0.ngo_response_note,
        mcr1_0.original_version_id,
        mcr1_0.proposed_version_id,
        mcr1_0.requested_by_org_id,
        mcr1_0.responded_at,
        mcr1_0.status 
    from
        milestone_change_requests mcr1_0 
    left join
        milestones m1_0 
            on m1_0.id=mcr1_0.milestone_id 
    left join
        projects p1_0 
            on p1_0.id=m1_0.project_id 
    where
        p1_0.id=? 
        and mcr1_0.status=?
Hibernate: 
    select
        mcr1_0.id,
        mcr1_0.created_at,
        mcr1_0.milestone_id,
        mcr1_0.ngo_response_note,
        mcr1_0.original_version_id,
        mcr1_0.proposed_version_id,
        mcr1_0.requested_by_org_id,
        mcr1_0.responded_at,
        mcr1_0.status 
    from
        milestone_change_requests mcr1_0 
    left join
        milestones m1_0 
            on m1_0.id=mcr1_0.milestone_id 
    left join
        projects p1_0 
            on p1_0.id=m1_0.project_id 
    where
        p1_0.id=? 
        and mcr1_0.status=?
2026-08-13T00:50:25.798+05:30 DEBUG 334182 --- [demo] [nio-8081-exec-3] s.s.w.f.HttpStatusRequestRejectedHandler : Rejecting request due to: The request was rejected because the URL contained a potentially malicious String "//"

org.springframework.security.web.firewall.RequestRejectedException: The request was rejected because the URL contained a potentially malicious String "//"
	at org.springframework.security.web.firewall.StrictHttpFirewall.rejectedBlocklistedUrls(StrictHttpFirewall.java:539) ~[spring-security-web-6.2.4.jar:6.2.4]
	at org.springframework.security.web.firewall.StrictHttpFirewall.getFirewalledRequest(StrictHttpFirewall.java:509) ~[spring-security-web-6.2.4.jar:6.2.4]
	at org.springframework.security.web.FilterChainProxy.doFilterInternal(FilterChainProxy.java:211) ~[spring-security-web-6.2.4.jar:6.2.4]
	at org.springframework.security.web.FilterChainProxy.doFilter(FilterChainProxy.java:191) ~[spring-security-web-6.2.4.jar:6.2.4]
	at org.springframework.web.filter.CompositeFilter$VirtualFilterChain.doFilter(CompositeFilter.java:113) ~[spring-web-6.1.6.jar:6.1.6]
	at org.springframework.web.servlet.handler.HandlerMappingIntrospector.lambda$createCacheFilter$3(HandlerMappingIntrospector.java:195) ~[spring-webmvc-6.1.6.jar:6.1.6]
	at org.springframework.web.filter.CompositeFilter$VirtualFilterChain.doFilter(CompositeFilter.java:113) ~[spring-web-6.1.6.jar:6.1.6]
	at org.springframework.web.filter.CompositeFilter.doFilter(CompositeFilter.java:74) ~[spring-web-6.1.6.jar:6.1.6]
	at org.springframework.security.config.annotation.web.configuration.WebMvcSecurityConfiguration$CompositeFilterChainProxy.doFilter(WebMvcSecurityConfiguration.java:230) ~[spring-security-config-6.2.4.jar:6.2.4]
	at org.springframework.web.filter.DelegatingFilterProxy.invokeDelegate(DelegatingFilterProxy.java:352) ~[spring-web-6.1.6.jar:6.1.6]
	at org.springframework.web.filter.DelegatingFilterProxy.doFilter(DelegatingFilterProxy.java:268) ~[spring-web-6.1.6.jar:6.1.6]
	at org.apache.catalina.core.ApplicationFilterChain.internalDoFilter(ApplicationFilterChain.java:175) ~[tomcat-embed-core-10.1.20.jar:10.1.20]
	at org.apache.catalina.core.ApplicationFilterChain.doFilter(ApplicationFilterChain.java:150) ~[tomcat-embed-core-10.1.20.jar:10.1.20]
	at org.springframework.web.filter.RequestContextFilter.doFilterInternal(RequestContextFilter.java:100) ~[spring-web-6.1.6.jar:6.1.6]
	at org.springframework.web.filter.OncePerRequestFilter.doFilter(OncePerRequestFilter.java:116) ~[spring-web-6.1.6.jar:6.1.6]
	at org.apache.catalina.core.ApplicationFilterChain.internalDoFilter(ApplicationFilterChain.java:175) ~[tomcat-embed-core-10.1.20.jar:10.1.20]
	at org.apache.catalina.core.ApplicationFilterChain.doFilter(ApplicationFilterChain.java:150) ~[tomcat-embed-core-10.1.20.jar:10.1.20]
	at org.springframework.web.filter.FormContentFilter.doFilterInternal(FormContentFilter.java:93) ~[spring-web-6.1.6.jar:6.1.6]
	at org.springframework.web.filter.OncePerRequestFilter.doFilter(OncePerRequestFilter.java:116) ~[spring-web-6.1.6.jar:6.1.6]
	at org.apache.catalina.core.ApplicationFilterChain.internalDoFilter(ApplicationFilterChain.java:175) ~[tomcat-embed-core-10.1.20.jar:10.1.20]
	at org.apache.catalina.core.ApplicationFilterChain.doFilter(ApplicationFilterChain.java:150) ~[tomcat-embed-core-10.1.20.jar:10.1.20]
	at org.springframework.web.filter.CharacterEncodingFilter.doFilterInternal(CharacterEncodingFilter.java:201) ~[spring-web-6.1.6.jar:6.1.6]
	at org.springframework.web.filter.OncePerRequestFilter.doFilter(OncePerRequestFilter.java:116) ~[spring-web-6.1.6.jar:6.1.6]
	at org.apache.catalina.core.ApplicationFilterChain.internalDoFilter(ApplicationFilterChain.java:175) ~[tomcat-embed-core-10.1.20.jar:10.1.20]
	at org.apache.catalina.core.ApplicationFilterChain.doFilter(ApplicationFilterChain.java:150) ~[tomcat-embed-core-10.1.20.jar:10.1.20]
	at org.apache.catalina.core.StandardWrapperValve.invoke(StandardWrapperValve.java:167) ~[tomcat-embed-core-10.1.20.jar:10.1.20]
	at org.apache.catalina.core.StandardContextValve.invoke(StandardContextValve.java:90) ~[tomcat-embed-core-10.1.20.jar:10.1.20]
	at org.apache.catalina.authenticator.AuthenticatorBase.invoke(AuthenticatorBase.java:482) ~[tomcat-embed-core-10.1.20.jar:10.1.20]
	at org.apache.catalina.core.StandardHostValve.invoke(StandardHostValve.java:115) ~[tomcat-embed-core-10.1.20.jar:10.1.20]
	at org.apache.catalina.valves.ErrorReportValve.invoke(ErrorReportValve.java:93) ~[tomcat-embed-core-10.1.20.jar:10.1.20]
	at org.apache.catalina.core.StandardEngineValve.invoke(StandardEngineValve.java:74) ~[tomcat-embed-core-10.1.20.jar:10.1.20]
	at org.apache.catalina.connector.CoyoteAdapter.service(CoyoteAdapter.java:344) ~[tomcat-embed-core-10.1.20.jar:10.1.20]
	at org.apache.coyote.http11.Http11Processor.service(Http11Processor.java:391) ~[tomcat-embed-core-10.1.20.jar:10.1.20]
	at org.apache.coyote.AbstractProcessorLight.process(AbstractProcessorLight.java:63) ~[tomcat-embed-core-10.1.20.jar:10.1.20]
	at org.apache.coyote.AbstractProtocol$ConnectionHandler.process(AbstractProtocol.java:896) ~[tomcat-embed-core-10.1.20.jar:10.1.20]
	at org.apache.tomcat.util.net.NioEndpoint$SocketProcessor.doRun(NioEndpoint.java:1736) ~[tomcat-embed-core-10.1.20.jar:10.1.20]
	at org.apache.tomcat.util.net.SocketProcessorBase.run(SocketProcessorBase.java:52) ~[tomcat-embed-core-10.1.20.jar:10.1.20]
	at org.apache.tomcat.util.threads.ThreadPoolExecutor.runWorker(ThreadPoolExecutor.java:1191) ~[tomcat-embed-core-10.1.20.jar:10.1.20]
	at org.apache.tomcat.util.threads.ThreadPoolExecutor$Worker.run(ThreadPoolExecutor.java:659) ~[tomcat-embed-core-10.1.20.jar:10.1.20]
	at org.apache.tomcat.util.threads.TaskThread$WrappingRunnable.run(TaskThread.java:63) ~[tomcat-embed-core-10.1.20.jar:10.1.20]
	at java.base/java.lang.Thread.run(Thread.java:1474) ~[na:na]

2026-08-13T00:50:25.799+05:30 DEBUG 334182 --- [demo] [nio-8081-exec-3] o.s.security.web.FilterChainProxy        : Securing POST /error
2026-08-13T00:50:25.799+05:30 DEBUG 334182 --- [demo] [nio-8081-exec-3] o.s.s.w.a.AnonymousAuthenticationFilter  : Set SecurityContextHolder to anonymous SecurityContext
2026-08-13T00:50:25.799+05:30 ERROR 334182 --- [demo] [nio-8081-exec-3] c.t.backend.security.AuthEntryPointJwt   : Unauthorized error: Full authentication is required to access this resource
2026-08-13T00:50:25.841+05:30 DEBUG 334182 --- [demo] [nio-8081-exec-5] o.s.security.web.FilterChainProxy        : Securing GET /api/org/projects/828c7eb0-cfb9-4b7b-8ae6-5a40302c917e
Hibernate: 
    select
        u1_0.id,
        u1_0.created_at,
        u1_0.email,
        u1_0.full_name,
        u1_0.is_verified,
        u1_0.password_hash,
        u1_0.phone,
        u1_0.role,
        u1_0.updated_at 
    from
        users u1_0 
    where
        u1_0.email=?
2026-08-13T00:50:25.846+05:30 DEBUG 334182 --- [demo] [nio-8081-exec-5] o.s.security.web.FilterChainProxy        : Secured GET /api/org/projects/828c7eb0-cfb9-4b7b-8ae6-5a40302c917e
2026-08-13T00:50:25.847+05:30 DEBUG 334182 --- [demo] [nio-8081-exec-5] horizationManagerBeforeMethodInterceptor : Authorizing method invocation ReflectiveMethodInvocation: public org.springframework.http.ResponseEntity com.transparencychain.backend.controller.OrgProjectController.getProjectDetail(java.util.UUID); target is of class [com.transparencychain.backend.controller.OrgProjectController]
2026-08-13T00:50:25.847+05:30 DEBUG 334182 --- [demo] [nio-8081-exec-5] horizationManagerBeforeMethodInterceptor : Authorized method invocation ReflectiveMethodInvocation: public org.springframework.http.ResponseEntity com.transparencychain.backend.controller.OrgProjectController.getProjectDetail(java.util.UUID); target is of class [com.transparencychain.backend.controller.OrgProjectController]
Hibernate: 
    select
        fp1_0.id,
        fp1_0.cin_number,
        fp1_0.org_name,
        fp1_0.org_type,
        fp1_0.total_donated,
        fp1_0.user_id 
    from
        funder_profiles fp1_0 
    left join
        users u1_0 
            on u1_0.id=fp1_0.user_id 
    where
        u1_0.id=?
Hibernate: 
    select
        p1_0.id,
        p1_0.created_at,
        p1_0.description,
        p1_0.expected_beneficiaries,
        p1_0.funder_id,
        p1_0.geography,
        p1_0.impact_kpi,
        p1_0.latitude,
        p1_0.longitude,
        p1_0.ngo_id,
        p1_0.project_duration,
        p1_0.sdg_goal,
        p1_0.sdg_target,
        p1_0.status,
        p1_0.title,
        p1_0.total_budget 
    from
        projects p1_0 
    where
        p1_0.id=?
Hibernate: 
    select
        ope1_0.id,
        ope1_0.committed_at,
        ope1_0.funder_id,
        ope1_0.project_id,
        ope1_0.status,
        ope1_0.viewed_at 
    from
        org_project_engagements ope1_0 
    left join
        funder_profiles f1_0 
            on f1_0.id=ope1_0.funder_id 
    left join
        projects p1_0 
            on p1_0.id=ope1_0.project_id 
    where
        f1_0.id=? 
        and p1_0.id=?
Hibernate: 
    select
        m1_0.id,
        m1_0.additional_allocated_amount,
        m1_0.amount_allocated,
        m1_0.current_version_id,
        m1_0.description,
        m1_0.due_date,
        m1_0.project_id,
        m1_0.released_amount,
        m1_0.required_evidence,
        m1_0.sequence_number,
        m1_0.status,
        m1_0.title,
        m1_0.verification_requirements 
    from
        milestones m1_0 
    left join
        projects p1_0 
            on p1_0.id=m1_0.project_id 
    where
        p1_0.id=?
Hibernate: 
    select
        np1_0.id,
        np1_0.auditor_membership_number,
        np1_0.auditor_name,
        np1_0.authorized_signatory_designation,
        np1_0.authorized_signatory_name,
        np1_0.authorized_signatory_pan,
        np1_0.bank_account_name,
        np1_0.bank_account_number_encrypted,
        np1_0.contact_email,
        np1_0.contact_phone,
        np1_0.csr1registration_number,
        np1_0.darpan_id,
        np1_0.date_of_establishment,
        np1_0.fcra_number,
        np1_0.focus_sdg_goals,
        np1_0.gstin,
        np1_0.ifsc_code,
        np1_0.latitude,
        np1_0.longitude,
        np1_0.operational_states,
        np1_0.org_name,
        np1_0.pan_number,
        np1_0.reg12a_number,
        np1_0.reg80g_number,
        np1_0.registered_address,
        np1_0.registration_number,
        np1_0.registration_type,
        np1_0.trust_score,
        np1_0.user_id,
        np1_0.verification_status,
        np1_0.verified_at,
        np1_0.website 
    from
        ngo_profiles np1_0 
    where
        np1_0.id=?
2026-08-13T00:50:25.918+05:30 DEBUG 334182 --- [demo] [nio-8081-exec-8] s.s.w.f.HttpStatusRequestRejectedHandler : Rejecting request due to: The request was rejected because the URL contained a potentially malicious String "//"

org.springframework.security.web.firewall.RequestRejectedException: The request was rejected because the URL contained a potentially malicious String "//"
	at org.springframework.security.web.firewall.StrictHttpFirewall.rejectedBlocklistedUrls(StrictHttpFirewall.java:539) ~[spring-security-web-6.2.4.jar:6.2.4]
	at org.springframework.security.web.firewall.StrictHttpFirewall.getFirewalledRequest(StrictHttpFirewall.java:509) ~[spring-security-web-6.2.4.jar:6.2.4]
	at org.springframework.security.web.FilterChainProxy.doFilterInternal(FilterChainProxy.java:211) ~[spring-security-web-6.2.4.jar:6.2.4]
	at org.springframework.security.web.FilterChainProxy.doFilter(FilterChainProxy.java:191) ~[spring-security-web-6.2.4.jar:6.2.4]
	at org.springframework.web.filter.CompositeFilter$VirtualFilterChain.doFilter(CompositeFilter.java:113) ~[spring-web-6.1.6.jar:6.1.6]
	at org.springframework.web.servlet.handler.HandlerMappingIntrospector.lambda$createCacheFilter$3(HandlerMappingIntrospector.java:195) ~[spring-webmvc-6.1.6.jar:6.1.6]
	at org.springframework.web.filter.CompositeFilter$VirtualFilterChain.doFilter(CompositeFilter.java:113) ~[spring-web-6.1.6.jar:6.1.6]
	at org.springframework.web.filter.CompositeFilter.doFilter(CompositeFilter.java:74) ~[spring-web-6.1.6.jar:6.1.6]
	at org.springframework.security.config.annotation.web.configuration.WebMvcSecurityConfiguration$CompositeFilterChainProxy.doFilter(WebMvcSecurityConfiguration.java:230) ~[spring-security-config-6.2.4.jar:6.2.4]
	at org.springframework.web.filter.DelegatingFilterProxy.invokeDelegate(DelegatingFilterProxy.java:352) ~[spring-web-6.1.6.jar:6.1.6]
	at org.springframework.web.filter.DelegatingFilterProxy.doFilter(DelegatingFilterProxy.java:268) ~[spring-web-6.1.6.jar:6.1.6]
	at org.apache.catalina.core.ApplicationFilterChain.internalDoFilter(ApplicationFilterChain.java:175) ~[tomcat-embed-core-10.1.20.jar:10.1.20]
	at org.apache.catalina.core.ApplicationFilterChain.doFilter(ApplicationFilterChain.java:150) ~[tomcat-embed-core-10.1.20.jar:10.1.20]
	at org.springframework.web.filter.RequestContextFilter.doFilterInternal(RequestContextFilter.java:100) ~[spring-web-6.1.6.jar:6.1.6]
	at org.springframework.web.filter.OncePerRequestFilter.doFilter(OncePerRequestFilter.java:116) ~[spring-web-6.1.6.jar:6.1.6]
	at org.apache.catalina.core.ApplicationFilterChain.internalDoFilter(ApplicationFilterChain.java:175) ~[tomcat-embed-core-10.1.20.jar:10.1.20]
	at org.apache.catalina.core.ApplicationFilterChain.doFilter(ApplicationFilterChain.java:150) ~[tomcat-embed-core-10.1.20.jar:10.1.20]
	at org.springframework.web.filter.FormContentFilter.doFilterInternal(FormContentFilter.java:93) ~[spring-web-6.1.6.jar:6.1.6]
	at org.springframework.web.filter.OncePerRequestFilter.doFilter(OncePerRequestFilter.java:116) ~[spring-web-6.1.6.jar:6.1.6]
	at org.apache.catalina.core.ApplicationFilterChain.internalDoFilter(ApplicationFilterChain.java:175) ~[tomcat-embed-core-10.1.20.jar:10.1.20]
	at org.apache.catalina.core.ApplicationFilterChain.doFilter(ApplicationFilterChain.java:150) ~[tomcat-embed-core-10.1.20.jar:10.1.20]
	at org.springframework.web.filter.CharacterEncodingFilter.doFilterInternal(CharacterEncodingFilter.java:201) ~[spring-web-6.1.6.jar:6.1.6]
	at org.springframework.web.filter.OncePerRequestFilter.doFilter(OncePerRequestFilter.java:116) ~[spring-web-6.1.6.jar:6.1.6]
	at org.apache.catalina.core.ApplicationFilterChain.internalDoFilter(ApplicationFilterChain.java:175) ~[tomcat-embed-core-10.1.20.jar:10.1.20]
	at org.apache.catalina.core.ApplicationFilterChain.doFilter(ApplicationFilterChain.java:150) ~[tomcat-embed-core-10.1.20.jar:10.1.20]
	at org.apache.catalina.core.StandardWrapperValve.invoke(StandardWrapperValve.java:167) ~[tomcat-embed-core-10.1.20.jar:10.1.20]
	at org.apache.catalina.core.StandardContextValve.invoke(StandardContextValve.java:90) ~[tomcat-embed-core-10.1.20.jar:10.1.20]
	at org.apache.catalina.authenticator.AuthenticatorBase.invoke(AuthenticatorBase.java:482) ~[tomcat-embed-core-10.1.20.jar:10.1.20]
	at org.apache.catalina.core.StandardHostValve.invoke(StandardHostValve.java:115) ~[tomcat-embed-core-10.1.20.jar:10.1.20]
	at org.apache.catalina.valves.ErrorReportValve.invoke(ErrorReportValve.java:93) ~[tomcat-embed-core-10.1.20.jar:10.1.20]
	at org.apache.catalina.core.StandardEngineValve.invoke(StandardEngineValve.java:74) ~[tomcat-embed-core-10.1.20.jar:10.1.20]
	at org.apache.catalina.connector.CoyoteAdapter.service(CoyoteAdapter.java:344) ~[tomcat-embed-core-10.1.20.jar:10.1.20]
	at org.apache.coyote.http11.Http11Processor.service(Http11Processor.java:391) ~[tomcat-embed-core-10.1.20.jar:10.1.20]
	at org.apache.coyote.AbstractProcessorLight.process(AbstractProcessorLight.java:63) ~[tomcat-embed-core-10.1.20.jar:10.1.20]
	at org.apache.coyote.AbstractProtocol$ConnectionHandler.process(AbstractProtocol.java:896) ~[tomcat-embed-core-10.1.20.jar:10.1.20]
	at org.apache.tomcat.util.net.NioEndpoint$SocketProcessor.doRun(NioEndpoint.java:1736) ~[tomcat-embed-core-10.1.20.jar:10.1.20]
	at org.apache.tomcat.util.net.SocketProcessorBase.run(SocketProcessorBase.java:52) ~[tomcat-embed-core-10.1.20.jar:10.1.20]
	at org.apache.tomcat.util.threads.ThreadPoolExecutor.runWorker(ThreadPoolExecutor.java:1191) ~[tomcat-embed-core-10.1.20.jar:10.1.20]
	at org.apache.tomcat.util.threads.ThreadPoolExecutor$Worker.run(ThreadPoolExecutor.java:659) ~[tomcat-embed-core-10.1.20.jar:10.1.20]
	at org.apache.tomcat.util.threads.TaskThread$WrappingRunnable.run(TaskThread.java:63) ~[tomcat-embed-core-10.1.20.jar:10.1.20]
	at java.base/java.lang.Thread.run(Thread.java:1474) ~[na:na]

2026-08-13T00:50:25.919+05:30 DEBUG 334182 --- [demo] [nio-8081-exec-8] o.s.security.web.FilterChainProxy        : Securing POST /error
2026-08-13T00:50:25.920+05:30 DEBUG 334182 --- [demo] [nio-8081-exec-8] o.s.s.w.a.AnonymousAuthenticationFilter  : Set SecurityContextHolder to anonymous SecurityContext
2026-08-13T00:50:25.920+05:30 ERROR 334182 --- [demo] [nio-8081-exec-8] c.t.backend.security.AuthEntryPointJwt   : Unauthorized error: Full authentication is required to access this resource
2026-08-13T00:50:25.994+05:30 DEBUG 334182 --- [demo] [nio-8081-exec-9] o.s.security.web.FilterChainProxy        : Securing POST /api/org/projects/828c7eb0-cfb9-4b7b-8ae6-5a40302c917e/commit
Hibernate: 
    select
        u1_0.id,
        u1_0.created_at,
        u1_0.email,
        u1_0.full_name,
        u1_0.is_verified,
        u1_0.password_hash,
        u1_0.phone,
        u1_0.role,
        u1_0.updated_at 
    from
        users u1_0 
    where
        u1_0.email=?
2026-08-13T00:50:25.997+05:30 DEBUG 334182 --- [demo] [nio-8081-exec-9] o.s.security.web.FilterChainProxy        : Secured POST /api/org/projects/828c7eb0-cfb9-4b7b-8ae6-5a40302c917e/commit
2026-08-13T00:50:26.004+05:30 DEBUG 334182 --- [demo] [nio-8081-exec-9] horizationManagerBeforeMethodInterceptor : Authorizing method invocation ReflectiveMethodInvocation: public org.springframework.http.ResponseEntity com.transparencychain.backend.controller.OrgCommitmentController.createCommitment(java.util.UUID,com.transparencychain.backend.dto.CommitRequest); target is of class [com.transparencychain.backend.controller.OrgCommitmentController]
2026-08-13T00:50:26.004+05:30 DEBUG 334182 --- [demo] [nio-8081-exec-9] horizationManagerBeforeMethodInterceptor : Authorized method invocation ReflectiveMethodInvocation: public org.springframework.http.ResponseEntity com.transparencychain.backend.controller.OrgCommitmentController.createCommitment(java.util.UUID,com.transparencychain.backend.dto.CommitRequest); target is of class [com.transparencychain.backend.controller.OrgCommitmentController]
Hibernate: 
    select
        fp1_0.id,
        fp1_0.cin_number,
        fp1_0.org_name,
        fp1_0.org_type,
        fp1_0.total_donated,
        fp1_0.user_id 
    from
        funder_profiles fp1_0 
    left join
        users u1_0 
            on u1_0.id=fp1_0.user_id 
    where
        u1_0.id=?
Hibernate: 
    select
        p1_0.id,
        p1_0.created_at,
        p1_0.description,
        p1_0.expected_beneficiaries,
        p1_0.funder_id,
        p1_0.geography,
        p1_0.impact_kpi,
        p1_0.latitude,
        p1_0.longitude,
        p1_0.ngo_id,
        p1_0.project_duration,
        p1_0.sdg_goal,
        p1_0.sdg_target,
        p1_0.status,
        p1_0.title,
        p1_0.total_budget 
    from
        projects p1_0 
    where
        p1_0.id=?
Hibernate: 
    select
        ope1_0.id,
        ope1_0.committed_at,
        ope1_0.funder_id,
        ope1_0.project_id,
        ope1_0.status,
        ope1_0.viewed_at 
    from
        org_project_engagements ope1_0 
    left join
        funder_profiles f1_0 
            on f1_0.id=ope1_0.funder_id 
    left join
        projects p1_0 
            on p1_0.id=ope1_0.project_id 
    where
        f1_0.id=? 
        and p1_0.id=?
Hibernate: 
    select
        m1_0.id,
        m1_0.additional_allocated_amount,
        m1_0.amount_allocated,
        m1_0.current_version_id,
        m1_0.description,
        m1_0.due_date,
        m1_0.project_id,
        m1_0.released_amount,
        m1_0.required_evidence,
        m1_0.sequence_number,
        m1_0.status,
        m1_0.title,
        m1_0.verification_requirements 
    from
        milestones m1_0 
    left join
        projects p1_0 
            on p1_0.id=m1_0.project_id 
    where
        p1_0.id=?
2026-08-13T00:50:26.027+05:30 DEBUG 334182 --- [demo] [io-8081-exec-10] o.s.security.web.FilterChainProxy        : Securing POST /api/org/projects/828c7eb0-cfb9-4b7b-8ae6-5a40302c917e/commit
Hibernate: 
    select
        u1_0.id,
        u1_0.created_at,
        u1_0.email,
        u1_0.full_name,
        u1_0.is_verified,
        u1_0.password_hash,
        u1_0.phone,
        u1_0.role,
        u1_0.updated_at 
    from
        users u1_0 
    where
        u1_0.email=?
2026-08-13T00:50:26.032+05:30 DEBUG 334182 --- [demo] [io-8081-exec-10] o.s.security.web.FilterChainProxy        : Secured POST /api/org/projects/828c7eb0-cfb9-4b7b-8ae6-5a40302c917e/commit
2026-08-13T00:50:26.033+05:30 DEBUG 334182 --- [demo] [io-8081-exec-10] horizationManagerBeforeMethodInterceptor : Authorizing method invocation ReflectiveMethodInvocation: public org.springframework.http.ResponseEntity com.transparencychain.backend.controller.OrgCommitmentController.createCommitment(java.util.UUID,com.transparencychain.backend.dto.CommitRequest); target is of class [com.transparencychain.backend.controller.OrgCommitmentController]
2026-08-13T00:50:26.034+05:30 DEBUG 334182 --- [demo] [io-8081-exec-10] horizationManagerBeforeMethodInterceptor : Authorized method invocation ReflectiveMethodInvocation: public org.springframework.http.ResponseEntity com.transparencychain.backend.controller.OrgCommitmentController.createCommitment(java.util.UUID,com.transparencychain.backend.dto.CommitRequest); target is of class [com.transparencychain.backend.controller.OrgCommitmentController]
Hibernate: 
    select
        fp1_0.id,
        fp1_0.cin_number,
        fp1_0.org_name,
        fp1_0.org_type,
        fp1_0.total_donated,
        fp1_0.user_id 
    from
        funder_profiles fp1_0 
    left join
        users u1_0 
            on u1_0.id=fp1_0.user_id 
    where
        u1_0.id=?
Hibernate: 
    select
        p1_0.id,
        p1_0.created_at,
        p1_0.description,
        p1_0.expected_beneficiaries,
        p1_0.funder_id,
        p1_0.geography,
        p1_0.impact_kpi,
        p1_0.latitude,
        p1_0.longitude,
        p1_0.ngo_id,
        p1_0.project_duration,
        p1_0.sdg_goal,
        p1_0.sdg_target,
        p1_0.status,
        p1_0.title,
        p1_0.total_budget 
    from
        projects p1_0 
    where
        p1_0.id=?
Hibernate: 
    select
        ope1_0.id,
        ope1_0.committed_at,
        ope1_0.funder_id,
        ope1_0.project_id,
        ope1_0.status,
        ope1_0.viewed_at 
    from
        org_project_engagements ope1_0 
    left join
        funder_profiles f1_0 
            on f1_0.id=ope1_0.funder_id 
    left join
        projects p1_0 
            on p1_0.id=ope1_0.project_id 
    where
        f1_0.id=? 
        and p1_0.id=?
Hibernate: 
    select
        m1_0.id,
        m1_0.additional_allocated_amount,
        m1_0.amount_allocated,
        m1_0.current_version_id,
        m1_0.description,
        m1_0.due_date,
        m1_0.project_id,
        m1_0.released_amount,
        m1_0.required_evidence,
        m1_0.sequence_number,
        m1_0.status,
        m1_0.title,
        m1_0.verification_requirements 
    from
        milestones m1_0 
    left join
        projects p1_0 
            on p1_0.id=m1_0.project_id 
    where
        p1_0.id=?
2026-08-13T00:50:26.076+05:30 DEBUG 334182 --- [demo] [nio-8081-exec-1] o.s.security.web.FilterChainProxy        : Securing GET /api/org/commitments/
Hibernate: 
    select
        u1_0.id,
        u1_0.created_at,
        u1_0.email,
        u1_0.full_name,
        u1_0.is_verified,
        u1_0.password_hash,
        u1_0.phone,
        u1_0.role,
        u1_0.updated_at 
    from
        users u1_0 
    where
        u1_0.email=?
2026-08-13T00:50:26.080+05:30 DEBUG 334182 --- [demo] [nio-8081-exec-1] o.s.security.web.FilterChainProxy        : Secured GET /api/org/commitments/
2026-08-13T00:50:26.081+05:30 DEBUG 334182 --- [demo] [nio-8081-exec-1] o.s.security.web.FilterChainProxy        : Securing GET /error
2026-08-13T00:50:26.081+05:30 DEBUG 334182 --- [demo] [nio-8081-exec-1] o.s.s.w.a.AnonymousAuthenticationFilter  : Set SecurityContextHolder to anonymous SecurityContext
2026-08-13T00:50:26.081+05:30 ERROR 334182 --- [demo] [nio-8081-exec-1] c.t.backend.security.AuthEntryPointJwt   : Unauthorized error: Full authentication is required to access this resource
2026-08-13T00:50:26.096+05:30 DEBUG 334182 --- [demo] [nio-8081-exec-4] s.s.w.f.HttpStatusRequestRejectedHandler : Rejecting request due to: The request was rejected because the URL contained a potentially malicious String "//"

org.springframework.security.web.firewall.RequestRejectedException: The request was rejected because the URL contained a potentially malicious String "//"
	at org.springframework.security.web.firewall.StrictHttpFirewall.rejectedBlocklistedUrls(StrictHttpFirewall.java:539) ~[spring-security-web-6.2.4.jar:6.2.4]
	at org.springframework.security.web.firewall.StrictHttpFirewall.getFirewalledRequest(StrictHttpFirewall.java:509) ~[spring-security-web-6.2.4.jar:6.2.4]
	at org.springframework.security.web.FilterChainProxy.doFilterInternal(FilterChainProxy.java:211) ~[spring-security-web-6.2.4.jar:6.2.4]
	at org.springframework.security.web.FilterChainProxy.doFilter(FilterChainProxy.java:191) ~[spring-security-web-6.2.4.jar:6.2.4]
	at org.springframework.web.filter.CompositeFilter$VirtualFilterChain.doFilter(CompositeFilter.java:113) ~[spring-web-6.1.6.jar:6.1.6]
	at org.springframework.web.servlet.handler.HandlerMappingIntrospector.lambda$createCacheFilter$3(HandlerMappingIntrospector.java:195) ~[spring-webmvc-6.1.6.jar:6.1.6]
	at org.springframework.web.filter.CompositeFilter$VirtualFilterChain.doFilter(CompositeFilter.java:113) ~[spring-web-6.1.6.jar:6.1.6]
	at org.springframework.web.filter.CompositeFilter.doFilter(CompositeFilter.java:74) ~[spring-web-6.1.6.jar:6.1.6]
	at org.springframework.security.config.annotation.web.configuration.WebMvcSecurityConfiguration$CompositeFilterChainProxy.doFilter(WebMvcSecurityConfiguration.java:230) ~[spring-security-config-6.2.4.jar:6.2.4]
	at org.springframework.web.filter.DelegatingFilterProxy.invokeDelegate(DelegatingFilterProxy.java:352) ~[spring-web-6.1.6.jar:6.1.6]
	at org.springframework.web.filter.DelegatingFilterProxy.doFilter(DelegatingFilterProxy.java:268) ~[spring-web-6.1.6.jar:6.1.6]
	at org.apache.catalina.core.ApplicationFilterChain.internalDoFilter(ApplicationFilterChain.java:175) ~[tomcat-embed-core-10.1.20.jar:10.1.20]
	at org.apache.catalina.core.ApplicationFilterChain.doFilter(ApplicationFilterChain.java:150) ~[tomcat-embed-core-10.1.20.jar:10.1.20]
	at org.springframework.web.filter.RequestContextFilter.doFilterInternal(RequestContextFilter.java:100) ~[spring-web-6.1.6.jar:6.1.6]
	at org.springframework.web.filter.OncePerRequestFilter.doFilter(OncePerRequestFilter.java:116) ~[spring-web-6.1.6.jar:6.1.6]
	at org.apache.catalina.core.ApplicationFilterChain.internalDoFilter(ApplicationFilterChain.java:175) ~[tomcat-embed-core-10.1.20.jar:10.1.20]
	at org.apache.catalina.core.ApplicationFilterChain.doFilter(ApplicationFilterChain.java:150) ~[tomcat-embed-core-10.1.20.jar:10.1.20]
	at org.springframework.web.filter.FormContentFilter.doFilterInternal(FormContentFilter.java:93) ~[spring-web-6.1.6.jar:6.1.6]
	at org.springframework.web.filter.OncePerRequestFilter.doFilter(OncePerRequestFilter.java:116) ~[spring-web-6.1.6.jar:6.1.6]
	at org.apache.catalina.core.ApplicationFilterChain.internalDoFilter(ApplicationFilterChain.java:175) ~[tomcat-embed-core-10.1.20.jar:10.1.20]
	at org.apache.catalina.core.ApplicationFilterChain.doFilter(ApplicationFilterChain.java:150) ~[tomcat-embed-core-10.1.20.jar:10.1.20]
	at org.springframework.web.filter.CharacterEncodingFilter.doFilterInternal(CharacterEncodingFilter.java:201) ~[spring-web-6.1.6.jar:6.1.6]
	at org.springframework.web.filter.OncePerRequestFilter.doFilter(OncePerRequestFilter.java:116) ~[spring-web-6.1.6.jar:6.1.6]
	at org.apache.catalina.core.ApplicationFilterChain.internalDoFilter(ApplicationFilterChain.java:175) ~[tomcat-embed-core-10.1.20.jar:10.1.20]
	at org.apache.catalina.core.ApplicationFilterChain.doFilter(ApplicationFilterChain.java:150) ~[tomcat-embed-core-10.1.20.jar:10.1.20]
	at org.apache.catalina.core.StandardWrapperValve.invoke(StandardWrapperValve.java:167) ~[tomcat-embed-core-10.1.20.jar:10.1.20]
	at org.apache.catalina.core.StandardContextValve.invoke(StandardContextValve.java:90) ~[tomcat-embed-core-10.1.20.jar:10.1.20]
	at org.apache.catalina.authenticator.AuthenticatorBase.invoke(AuthenticatorBase.java:482) ~[tomcat-embed-core-10.1.20.jar:10.1.20]
	at org.apache.catalina.core.StandardHostValve.invoke(StandardHostValve.java:115) ~[tomcat-embed-core-10.1.20.jar:10.1.20]
	at org.apache.catalina.valves.ErrorReportValve.invoke(ErrorReportValve.java:93) ~[tomcat-embed-core-10.1.20.jar:10.1.20]
	at org.apache.catalina.core.StandardEngineValve.invoke(StandardEngineValve.java:74) ~[tomcat-embed-core-10.1.20.jar:10.1.20]
	at org.apache.catalina.connector.CoyoteAdapter.service(CoyoteAdapter.java:344) ~[tomcat-embed-core-10.1.20.jar:10.1.20]
	at org.apache.coyote.http11.Http11Processor.service(Http11Processor.java:391) ~[tomcat-embed-core-10.1.20.jar:10.1.20]
	at org.apache.coyote.AbstractProcessorLight.process(AbstractProcessorLight.java:63) ~[tomcat-embed-core-10.1.20.jar:10.1.20]
	at org.apache.coyote.AbstractProtocol$ConnectionHandler.process(AbstractProtocol.java:896) ~[tomcat-embed-core-10.1.20.jar:10.1.20]
	at org.apache.tomcat.util.net.NioEndpoint$SocketProcessor.doRun(NioEndpoint.java:1736) ~[tomcat-embed-core-10.1.20.jar:10.1.20]
	at org.apache.tomcat.util.net.SocketProcessorBase.run(SocketProcessorBase.java:52) ~[tomcat-embed-core-10.1.20.jar:10.1.20]
	at org.apache.tomcat.util.threads.ThreadPoolExecutor.runWorker(ThreadPoolExecutor.java:1191) ~[tomcat-embed-core-10.1.20.jar:10.1.20]
	at org.apache.tomcat.util.threads.ThreadPoolExecutor$Worker.run(ThreadPoolExecutor.java:659) ~[tomcat-embed-core-10.1.20.jar:10.1.20]
	at org.apache.tomcat.util.threads.TaskThread$WrappingRunnable.run(TaskThread.java:63) ~[tomcat-embed-core-10.1.20.jar:10.1.20]
	at java.base/java.lang.Thread.run(Thread.java:1474) ~[na:na]

2026-08-13T00:50:26.097+05:30 DEBUG 334182 --- [demo] [nio-8081-exec-4] o.s.security.web.FilterChainProxy        : Securing POST /error
2026-08-13T00:50:26.097+05:30 DEBUG 334182 --- [demo] [nio-8081-exec-4] o.s.s.w.a.AnonymousAuthenticationFilter  : Set SecurityContextHolder to anonymous SecurityContext
2026-08-13T00:50:26.097+05:30 ERROR 334182 --- [demo] [nio-8081-exec-4] c.t.backend.security.AuthEntryPointJwt   : Unauthorized error: Full authentication is required to access this resource
2026-08-13T00:50:26.111+05:30 DEBUG 334182 --- [demo] [nio-8081-exec-6] o.s.security.web.FilterChainProxy        : Securing POST /api/org/projects/828c7eb0-cfb9-4b7b-8ae6-5a40302c917e/commit
Hibernate: 
    select
        u1_0.id,
        u1_0.created_at,
        u1_0.email,
        u1_0.full_name,
        u1_0.is_verified,
        u1_0.password_hash,
        u1_0.phone,
        u1_0.role,
        u1_0.updated_at 
    from
        users u1_0 
    where
        u1_0.email=?
2026-08-13T00:50:26.115+05:30 DEBUG 334182 --- [demo] [nio-8081-exec-6] o.s.security.web.FilterChainProxy        : Secured POST /api/org/projects/828c7eb0-cfb9-4b7b-8ae6-5a40302c917e/commit
2026-08-13T00:50:26.116+05:30 DEBUG 334182 --- [demo] [nio-8081-exec-6] horizationManagerBeforeMethodInterceptor : Authorizing method invocation ReflectiveMethodInvocation: public org.springframework.http.ResponseEntity com.transparencychain.backend.controller.OrgCommitmentController.createCommitment(java.util.UUID,com.transparencychain.backend.dto.CommitRequest); target is of class [com.transparencychain.backend.controller.OrgCommitmentController]
2026-08-13T00:50:26.116+05:30 DEBUG 334182 --- [demo] [nio-8081-exec-6] horizationManagerBeforeMethodInterceptor : Authorized method invocation ReflectiveMethodInvocation: public org.springframework.http.ResponseEntity com.transparencychain.backend.controller.OrgCommitmentController.createCommitment(java.util.UUID,com.transparencychain.backend.dto.CommitRequest); target is of class [com.transparencychain.backend.controller.OrgCommitmentController]
Hibernate: 
    select
        fp1_0.id,
        fp1_0.cin_number,
        fp1_0.org_name,
        fp1_0.org_type,
        fp1_0.total_donated,
        fp1_0.user_id 
    from
        funder_profiles fp1_0 
    left join
        users u1_0 
            on u1_0.id=fp1_0.user_id 
    where
        u1_0.id=?
Hibernate: 
    select
        p1_0.id,
        p1_0.created_at,
        p1_0.description,
        p1_0.expected_beneficiaries,
        p1_0.funder_id,
        p1_0.geography,
        p1_0.impact_kpi,
        p1_0.latitude,
        p1_0.longitude,
        p1_0.ngo_id,
        p1_0.project_duration,
        p1_0.sdg_goal,
        p1_0.sdg_target,
        p1_0.status,
        p1_0.title,
        p1_0.total_budget 
    from
        projects p1_0 
    where
        p1_0.id=?
Hibernate: 
    select
        ope1_0.id,
        ope1_0.committed_at,
        ope1_0.funder_id,
        ope1_0.project_id,
        ope1_0.status,
        ope1_0.viewed_at 
    from
        org_project_engagements ope1_0 
    left join
        funder_profiles f1_0 
            on f1_0.id=ope1_0.funder_id 
    left join
        projects p1_0 
            on p1_0.id=ope1_0.project_id 
    where
        f1_0.id=? 
        and p1_0.id=?
Hibernate: 
    select
        m1_0.id,
        m1_0.additional_allocated_amount,
        m1_0.amount_allocated,
        m1_0.current_version_id,
        m1_0.description,
        m1_0.due_date,
        m1_0.project_id,
        m1_0.released_amount,
        m1_0.required_evidence,
        m1_0.sequence_number,
        m1_0.status,
        m1_0.title,
        m1_0.verification_requirements 
    from
        milestones m1_0 
    left join
        projects p1_0 
            on p1_0.id=m1_0.project_id 
    where
        p1_0.id=?
2026-08-13T00:50:26.139+05:30 DEBUG 334182 --- [demo] [nio-8081-exec-5] s.s.w.f.HttpStatusRequestRejectedHandler : Rejecting request due to: The request was rejected because the URL contained a potentially malicious String "//"

org.springframework.security.web.firewall.RequestRejectedException: The request was rejected because the URL contained a potentially malicious String "//"
	at org.springframework.security.web.firewall.StrictHttpFirewall.rejectedBlocklistedUrls(StrictHttpFirewall.java:539) ~[spring-security-web-6.2.4.jar:6.2.4]
	at org.springframework.security.web.firewall.StrictHttpFirewall.getFirewalledRequest(StrictHttpFirewall.java:509) ~[spring-security-web-6.2.4.jar:6.2.4]
	at org.springframework.security.web.FilterChainProxy.doFilterInternal(FilterChainProxy.java:211) ~[spring-security-web-6.2.4.jar:6.2.4]
	at org.springframework.security.web.FilterChainProxy.doFilter(FilterChainProxy.java:191) ~[spring-security-web-6.2.4.jar:6.2.4]
	at org.springframework.web.filter.CompositeFilter$VirtualFilterChain.doFilter(CompositeFilter.java:113) ~[spring-web-6.1.6.jar:6.1.6]
	at org.springframework.web.servlet.handler.HandlerMappingIntrospector.lambda$createCacheFilter$3(HandlerMappingIntrospector.java:195) ~[spring-webmvc-6.1.6.jar:6.1.6]
	at org.springframework.web.filter.CompositeFilter$VirtualFilterChain.doFilter(CompositeFilter.java:113) ~[spring-web-6.1.6.jar:6.1.6]
	at org.springframework.web.filter.CompositeFilter.doFilter(CompositeFilter.java:74) ~[spring-web-6.1.6.jar:6.1.6]
	at org.springframework.security.config.annotation.web.configuration.WebMvcSecurityConfiguration$CompositeFilterChainProxy.doFilter(WebMvcSecurityConfiguration.java:230) ~[spring-security-config-6.2.4.jar:6.2.4]
	at org.springframework.web.filter.DelegatingFilterProxy.invokeDelegate(DelegatingFilterProxy.java:352) ~[spring-web-6.1.6.jar:6.1.6]
	at org.springframework.web.filter.DelegatingFilterProxy.doFilter(DelegatingFilterProxy.java:268) ~[spring-web-6.1.6.jar:6.1.6]
	at org.apache.catalina.core.ApplicationFilterChain.internalDoFilter(ApplicationFilterChain.java:175) ~[tomcat-embed-core-10.1.20.jar:10.1.20]
	at org.apache.catalina.core.ApplicationFilterChain.doFilter(ApplicationFilterChain.java:150) ~[tomcat-embed-core-10.1.20.jar:10.1.20]
	at org.springframework.web.filter.RequestContextFilter.doFilterInternal(RequestContextFilter.java:100) ~[spring-web-6.1.6.jar:6.1.6]
	at org.springframework.web.filter.OncePerRequestFilter.doFilter(OncePerRequestFilter.java:116) ~[spring-web-6.1.6.jar:6.1.6]
	at org.apache.catalina.core.ApplicationFilterChain.internalDoFilter(ApplicationFilterChain.java:175) ~[tomcat-embed-core-10.1.20.jar:10.1.20]
	at org.apache.catalina.core.ApplicationFilterChain.doFilter(ApplicationFilterChain.java:150) ~[tomcat-embed-core-10.1.20.jar:10.1.20]
	at org.springframework.web.filter.FormContentFilter.doFilterInternal(FormContentFilter.java:93) ~[spring-web-6.1.6.jar:6.1.6]
	at org.springframework.web.filter.OncePerRequestFilter.doFilter(OncePerRequestFilter.java:116) ~[spring-web-6.1.6.jar:6.1.6]
	at org.apache.catalina.core.ApplicationFilterChain.internalDoFilter(ApplicationFilterChain.java:175) ~[tomcat-embed-core-10.1.20.jar:10.1.20]
	at org.apache.catalina.core.ApplicationFilterChain.doFilter(ApplicationFilterChain.java:150) ~[tomcat-embed-core-10.1.20.jar:10.1.20]
	at org.springframework.web.filter.CharacterEncodingFilter.doFilterInternal(CharacterEncodingFilter.java:201) ~[spring-web-6.1.6.jar:6.1.6]
	at org.springframework.web.filter.OncePerRequestFilter.doFilter(OncePerRequestFilter.java:116) ~[spring-web-6.1.6.jar:6.1.6]
	at org.apache.catalina.core.ApplicationFilterChain.internalDoFilter(ApplicationFilterChain.java:175) ~[tomcat-embed-core-10.1.20.jar:10.1.20]
	at org.apache.catalina.core.ApplicationFilterChain.doFilter(ApplicationFilterChain.java:150) ~[tomcat-embed-core-10.1.20.jar:10.1.20]
	at org.apache.catalina.core.StandardWrapperValve.invoke(StandardWrapperValve.java:167) ~[tomcat-embed-core-10.1.20.jar:10.1.20]
	at org.apache.catalina.core.StandardContextValve.invoke(StandardContextValve.java:90) ~[tomcat-embed-core-10.1.20.jar:10.1.20]
	at org.apache.catalina.authenticator.AuthenticatorBase.invoke(AuthenticatorBase.java:482) ~[tomcat-embed-core-10.1.20.jar:10.1.20]
	at org.apache.catalina.core.StandardHostValve.invoke(StandardHostValve.java:115) ~[tomcat-embed-core-10.1.20.jar:10.1.20]
	at org.apache.catalina.valves.ErrorReportValve.invoke(ErrorReportValve.java:93) ~[tomcat-embed-core-10.1.20.jar:10.1.20]
	at org.apache.catalina.core.StandardEngineValve.invoke(StandardEngineValve.java:74) ~[tomcat-embed-core-10.1.20.jar:10.1.20]
	at org.apache.catalina.connector.CoyoteAdapter.service(CoyoteAdapter.java:344) ~[tomcat-embed-core-10.1.20.jar:10.1.20]
	at org.apache.coyote.http11.Http11Processor.service(Http11Processor.java:391) ~[tomcat-embed-core-10.1.20.jar:10.1.20]
	at org.apache.coyote.AbstractProcessorLight.process(AbstractProcessorLight.java:63) ~[tomcat-embed-core-10.1.20.jar:10.1.20]
	at org.apache.coyote.AbstractProtocol$ConnectionHandler.process(AbstractProtocol.java:896) ~[tomcat-embed-core-10.1.20.jar:10.1.20]
	at org.apache.tomcat.util.net.NioEndpoint$SocketProcessor.doRun(NioEndpoint.java:1736) ~[tomcat-embed-core-10.1.20.jar:10.1.20]
	at org.apache.tomcat.util.net.SocketProcessorBase.run(SocketProcessorBase.java:52) ~[tomcat-embed-core-10.1.20.jar:10.1.20]
	at org.apache.tomcat.util.threads.ThreadPoolExecutor.runWorker(ThreadPoolExecutor.java:1191) ~[tomcat-embed-core-10.1.20.jar:10.1.20]
	at org.apache.tomcat.util.threads.ThreadPoolExecutor$Worker.run(ThreadPoolExecutor.java:659) ~[tomcat-embed-core-10.1.20.jar:10.1.20]
	at org.apache.tomcat.util.threads.TaskThread$WrappingRunnable.run(TaskThread.java:63) ~[tomcat-embed-core-10.1.20.jar:10.1.20]
	at java.base/java.lang.Thread.run(Thread.java:1474) ~[na:na]

2026-08-13T00:50:26.139+05:30 DEBUG 334182 --- [demo] [nio-8081-exec-5] o.s.security.web.FilterChainProxy        : Securing POST /error
2026-08-13T00:50:26.139+05:30 DEBUG 334182 --- [demo] [nio-8081-exec-5] o.s.s.w.a.AnonymousAuthenticationFilter  : Set SecurityContextHolder to anonymous SecurityContext
2026-08-13T00:50:26.140+05:30 ERROR 334182 --- [demo] [nio-8081-exec-5] c.t.backend.security.AuthEntryPointJwt   : Unauthorized error: Full authentication is required to access this resource
2026-08-13T00:50:26.154+05:30 DEBUG 334182 --- [demo] [nio-8081-exec-8] s.s.w.f.HttpStatusRequestRejectedHandler : Rejecting request due to: The request was rejected because the URL contained a potentially malicious String "//"

org.springframework.security.web.firewall.RequestRejectedException: The request was rejected because the URL contained a potentially malicious String "//"
	at org.springframework.security.web.firewall.StrictHttpFirewall.rejectedBlocklistedUrls(StrictHttpFirewall.java:539) ~[spring-security-web-6.2.4.jar:6.2.4]
	at org.springframework.security.web.firewall.StrictHttpFirewall.getFirewalledRequest(StrictHttpFirewall.java:509) ~[spring-security-web-6.2.4.jar:6.2.4]
	at org.springframework.security.web.FilterChainProxy.doFilterInternal(FilterChainProxy.java:211) ~[spring-security-web-6.2.4.jar:6.2.4]
	at org.springframework.security.web.FilterChainProxy.doFilter(FilterChainProxy.java:191) ~[spring-security-web-6.2.4.jar:6.2.4]
	at org.springframework.web.filter.CompositeFilter$VirtualFilterChain.doFilter(CompositeFilter.java:113) ~[spring-web-6.1.6.jar:6.1.6]
	at org.springframework.web.servlet.handler.HandlerMappingIntrospector.lambda$createCacheFilter$3(HandlerMappingIntrospector.java:195) ~[spring-webmvc-6.1.6.jar:6.1.6]
	at org.springframework.web.filter.CompositeFilter$VirtualFilterChain.doFilter(CompositeFilter.java:113) ~[spring-web-6.1.6.jar:6.1.6]
	at org.springframework.web.filter.CompositeFilter.doFilter(CompositeFilter.java:74) ~[spring-web-6.1.6.jar:6.1.6]
	at org.springframework.security.config.annotation.web.configuration.WebMvcSecurityConfiguration$CompositeFilterChainProxy.doFilter(WebMvcSecurityConfiguration.java:230) ~[spring-security-config-6.2.4.jar:6.2.4]
	at org.springframework.web.filter.DelegatingFilterProxy.invokeDelegate(DelegatingFilterProxy.java:352) ~[spring-web-6.1.6.jar:6.1.6]
	at org.springframework.web.filter.DelegatingFilterProxy.doFilter(DelegatingFilterProxy.java:268) ~[spring-web-6.1.6.jar:6.1.6]
	at org.apache.catalina.core.ApplicationFilterChain.internalDoFilter(ApplicationFilterChain.java:175) ~[tomcat-embed-core-10.1.20.jar:10.1.20]
	at org.apache.catalina.core.ApplicationFilterChain.doFilter(ApplicationFilterChain.java:150) ~[tomcat-embed-core-10.1.20.jar:10.1.20]
	at org.springframework.web.filter.RequestContextFilter.doFilterInternal(RequestContextFilter.java:100) ~[spring-web-6.1.6.jar:6.1.6]
	at org.springframework.web.filter.OncePerRequestFilter.doFilter(OncePerRequestFilter.java:116) ~[spring-web-6.1.6.jar:6.1.6]
	at org.apache.catalina.core.ApplicationFilterChain.internalDoFilter(ApplicationFilterChain.java:175) ~[tomcat-embed-core-10.1.20.jar:10.1.20]
	at org.apache.catalina.core.ApplicationFilterChain.doFilter(ApplicationFilterChain.java:150) ~[tomcat-embed-core-10.1.20.jar:10.1.20]
	at org.springframework.web.filter.FormContentFilter.doFilterInternal(FormContentFilter.java:93) ~[spring-web-6.1.6.jar:6.1.6]
	at org.springframework.web.filter.OncePerRequestFilter.doFilter(OncePerRequestFilter.java:116) ~[spring-web-6.1.6.jar:6.1.6]
	at org.apache.catalina.core.ApplicationFilterChain.internalDoFilter(ApplicationFilterChain.java:175) ~[tomcat-embed-core-10.1.20.jar:10.1.20]
	at org.apache.catalina.core.ApplicationFilterChain.doFilter(ApplicationFilterChain.java:150) ~[tomcat-embed-core-10.1.20.jar:10.1.20]
	at org.springframework.web.filter.CharacterEncodingFilter.doFilterInternal(CharacterEncodingFilter.java:201) ~[spring-web-6.1.6.jar:6.1.6]
	at org.springframework.web.filter.OncePerRequestFilter.doFilter(OncePerRequestFilter.java:116) ~[spring-web-6.1.6.jar:6.1.6]
	at org.apache.catalina.core.ApplicationFilterChain.internalDoFilter(ApplicationFilterChain.java:175) ~[tomcat-embed-core-10.1.20.jar:10.1.20]
	at org.apache.catalina.core.ApplicationFilterChain.doFilter(ApplicationFilterChain.java:150) ~[tomcat-embed-core-10.1.20.jar:10.1.20]
	at org.apache.catalina.core.StandardWrapperValve.invoke(StandardWrapperValve.java:167) ~[tomcat-embed-core-10.1.20.jar:10.1.20]
	at org.apache.catalina.core.StandardContextValve.invoke(StandardContextValve.java:90) ~[tomcat-embed-core-10.1.20.jar:10.1.20]
	at org.apache.catalina.authenticator.AuthenticatorBase.invoke(AuthenticatorBase.java:482) ~[tomcat-embed-core-10.1.20.jar:10.1.20]
	at org.apache.catalina.core.StandardHostValve.invoke(StandardHostValve.java:115) ~[tomcat-embed-core-10.1.20.jar:10.1.20]
	at org.apache.catalina.valves.ErrorReportValve.invoke(ErrorReportValve.java:93) ~[tomcat-embed-core-10.1.20.jar:10.1.20]
	at org.apache.catalina.core.StandardEngineValve.invoke(StandardEngineValve.java:74) ~[tomcat-embed-core-10.1.20.jar:10.1.20]
	at org.apache.catalina.connector.CoyoteAdapter.service(CoyoteAdapter.java:344) ~[tomcat-embed-core-10.1.20.jar:10.1.20]
	at org.apache.coyote.http11.Http11Processor.service(Http11Processor.java:391) ~[tomcat-embed-core-10.1.20.jar:10.1.20]
	at org.apache.coyote.AbstractProcessorLight.process(AbstractProcessorLight.java:63) ~[tomcat-embed-core-10.1.20.jar:10.1.20]
	at org.apache.coyote.AbstractProtocol$ConnectionHandler.process(AbstractProtocol.java:896) ~[tomcat-embed-core-10.1.20.jar:10.1.20]
	at org.apache.tomcat.util.net.NioEndpoint$SocketProcessor.doRun(NioEndpoint.java:1736) ~[tomcat-embed-core-10.1.20.jar:10.1.20]
	at org.apache.tomcat.util.net.SocketProcessorBase.run(SocketProcessorBase.java:52) ~[tomcat-embed-core-10.1.20.jar:10.1.20]
	at org.apache.tomcat.util.threads.ThreadPoolExecutor.runWorker(ThreadPoolExecutor.java:1191) ~[tomcat-embed-core-10.1.20.jar:10.1.20]
	at org.apache.tomcat.util.threads.ThreadPoolExecutor$Worker.run(ThreadPoolExecutor.java:659) ~[tomcat-embed-core-10.1.20.jar:10.1.20]
	at org.apache.tomcat.util.threads.TaskThread$WrappingRunnable.run(TaskThread.java:63) ~[tomcat-embed-core-10.1.20.jar:10.1.20]
	at java.base/java.lang.Thread.run(Thread.java:1474) ~[na:na]

2026-08-13T00:50:26.155+05:30 DEBUG 334182 --- [demo] [nio-8081-exec-8] o.s.security.web.FilterChainProxy        : Securing POST /error
2026-08-13T00:50:26.155+05:30 DEBUG 334182 --- [demo] [nio-8081-exec-8] o.s.s.w.a.AnonymousAuthenticationFilter  : Set SecurityContextHolder to anonymous SecurityContext
2026-08-13T00:50:26.155+05:30 ERROR 334182 --- [demo] [nio-8081-exec-8] c.t.backend.security.AuthEntryPointJwt   : Unauthorized error: Full authentication is required to access this resource
2026-08-13T00:50:26.195+05:30 DEBUG 334182 --- [demo] [io-8081-exec-10] s.s.w.f.HttpStatusRequestRejectedHandler : Rejecting request due to: The request was rejected because the URL contained a potentially malicious String "//"

org.springframework.security.web.firewall.RequestRejectedException: The request was rejected because the URL contained a potentially malicious String "//"
	at org.springframework.security.web.firewall.StrictHttpFirewall.rejectedBlocklistedUrls(StrictHttpFirewall.java:539) ~[spring-security-web-6.2.4.jar:6.2.4]
	at org.springframework.security.web.firewall.StrictHttpFirewall.getFirewalledRequest(StrictHttpFirewall.java:509) ~[spring-security-web-6.2.4.jar:6.2.4]
	at org.springframework.security.web.FilterChainProxy.doFilterInternal(FilterChainProxy.java:211) ~[spring-security-web-6.2.4.jar:6.2.4]
	at org.springframework.security.web.FilterChainProxy.doFilter(FilterChainProxy.java:191) ~[spring-security-web-6.2.4.jar:6.2.4]
	at org.springframework.web.filter.CompositeFilter$VirtualFilterChain.doFilter(CompositeFilter.java:113) ~[spring-web-6.1.6.jar:6.1.6]
	at org.springframework.web.servlet.handler.HandlerMappingIntrospector.lambda$createCacheFilter$3(HandlerMappingIntrospector.java:195) ~[spring-webmvc-6.1.6.jar:6.1.6]
	at org.springframework.web.filter.CompositeFilter$VirtualFilterChain.doFilter(CompositeFilter.java:113) ~[spring-web-6.1.6.jar:6.1.6]
	at org.springframework.web.filter.CompositeFilter.doFilter(CompositeFilter.java:74) ~[spring-web-6.1.6.jar:6.1.6]
	at org.springframework.security.config.annotation.web.configuration.WebMvcSecurityConfiguration$CompositeFilterChainProxy.doFilter(WebMvcSecurityConfiguration.java:230) ~[spring-security-config-6.2.4.jar:6.2.4]
	at org.springframework.web.filter.DelegatingFilterProxy.invokeDelegate(DelegatingFilterProxy.java:352) ~[spring-web-6.1.6.jar:6.1.6]
	at org.springframework.web.filter.DelegatingFilterProxy.doFilter(DelegatingFilterProxy.java:268) ~[spring-web-6.1.6.jar:6.1.6]
	at org.apache.catalina.core.ApplicationFilterChain.internalDoFilter(ApplicationFilterChain.java:175) ~[tomcat-embed-core-10.1.20.jar:10.1.20]
	at org.apache.catalina.core.ApplicationFilterChain.doFilter(ApplicationFilterChain.java:150) ~[tomcat-embed-core-10.1.20.jar:10.1.20]
	at org.springframework.web.filter.RequestContextFilter.doFilterInternal(RequestContextFilter.java:100) ~[spring-web-6.1.6.jar:6.1.6]
	at org.springframework.web.filter.OncePerRequestFilter.doFilter(OncePerRequestFilter.java:116) ~[spring-web-6.1.6.jar:6.1.6]
	at org.apache.catalina.core.ApplicationFilterChain.internalDoFilter(ApplicationFilterChain.java:175) ~[tomcat-embed-core-10.1.20.jar:10.1.20]
	at org.apache.catalina.core.ApplicationFilterChain.doFilter(ApplicationFilterChain.java:150) ~[tomcat-embed-core-10.1.20.jar:10.1.20]
	at org.springframework.web.filter.FormContentFilter.doFilterInternal(FormContentFilter.java:93) ~[spring-web-6.1.6.jar:6.1.6]
	at org.springframework.web.filter.OncePerRequestFilter.doFilter(OncePerRequestFilter.java:116) ~[spring-web-6.1.6.jar:6.1.6]
	at org.apache.catalina.core.ApplicationFilterChain.internalDoFilter(ApplicationFilterChain.java:175) ~[tomcat-embed-core-10.1.20.jar:10.1.20]
	at org.apache.catalina.core.ApplicationFilterChain.doFilter(ApplicationFilterChain.java:150) ~[tomcat-embed-core-10.1.20.jar:10.1.20]
	at org.springframework.web.filter.CharacterEncodingFilter.doFilterInternal(CharacterEncodingFilter.java:201) ~[spring-web-6.1.6.jar:6.1.6]
	at org.springframework.web.filter.OncePerRequestFilter.doFilter(OncePerRequestFilter.java:116) ~[spring-web-6.1.6.jar:6.1.6]
	at org.apache.catalina.core.ApplicationFilterChain.internalDoFilter(ApplicationFilterChain.java:175) ~[tomcat-embed-core-10.1.20.jar:10.1.20]
	at org.apache.catalina.core.ApplicationFilterChain.doFilter(ApplicationFilterChain.java:150) ~[tomcat-embed-core-10.1.20.jar:10.1.20]
	at org.apache.catalina.core.StandardWrapperValve.invoke(StandardWrapperValve.java:167) ~[tomcat-embed-core-10.1.20.jar:10.1.20]
	at org.apache.catalina.core.StandardContextValve.invoke(StandardContextValve.java:90) ~[tomcat-embed-core-10.1.20.jar:10.1.20]
	at org.apache.catalina.authenticator.AuthenticatorBase.invoke(AuthenticatorBase.java:482) ~[tomcat-embed-core-10.1.20.jar:10.1.20]
	at org.apache.catalina.core.StandardHostValve.invoke(StandardHostValve.java:115) ~[tomcat-embed-core-10.1.20.jar:10.1.20]
	at org.apache.catalina.valves.ErrorReportValve.invoke(ErrorReportValve.java:93) ~[tomcat-embed-core-10.1.20.jar:10.1.20]
	at org.apache.catalina.core.StandardEngineValve.invoke(StandardEngineValve.java:74) ~[tomcat-embed-core-10.1.20.jar:10.1.20]
	at org.apache.catalina.connector.CoyoteAdapter.service(CoyoteAdapter.java:344) ~[tomcat-embed-core-10.1.20.jar:10.1.20]
	at org.apache.coyote.http11.Http11Processor.service(Http11Processor.java:391) ~[tomcat-embed-core-10.1.20.jar:10.1.20]
	at org.apache.coyote.AbstractProcessorLight.process(AbstractProcessorLight.java:63) ~[tomcat-embed-core-10.1.20.jar:10.1.20]
	at org.apache.coyote.AbstractProtocol$ConnectionHandler.process(AbstractProtocol.java:896) ~[tomcat-embed-core-10.1.20.jar:10.1.20]
	at org.apache.tomcat.util.net.NioEndpoint$SocketProcessor.doRun(NioEndpoint.java:1736) ~[tomcat-embed-core-10.1.20.jar:10.1.20]
	at org.apache.tomcat.util.net.SocketProcessorBase.run(SocketProcessorBase.java:52) ~[tomcat-embed-core-10.1.20.jar:10.1.20]
	at org.apache.tomcat.util.threads.ThreadPoolExecutor.runWorker(ThreadPoolExecutor.java:1191) ~[tomcat-embed-core-10.1.20.jar:10.1.20]
	at org.apache.tomcat.util.threads.ThreadPoolExecutor$Worker.run(ThreadPoolExecutor.java:659) ~[tomcat-embed-core-10.1.20.jar:10.1.20]
	at org.apache.tomcat.util.threads.TaskThread$WrappingRunnable.run(TaskThread.java:63) ~[tomcat-embed-core-10.1.20.jar:10.1.20]
	at java.base/java.lang.Thread.run(Thread.java:1474) ~[na:na]

2026-08-13T00:50:26.196+05:30 DEBUG 334182 --- [demo] [io-8081-exec-10] o.s.security.web.FilterChainProxy        : Securing POST /error
2026-08-13T00:50:26.197+05:30 DEBUG 334182 --- [demo] [io-8081-exec-10] o.s.s.w.a.AnonymousAuthenticationFilter  : Set SecurityContextHolder to anonymous SecurityContext
2026-08-13T00:50:26.197+05:30 ERROR 334182 --- [demo] [io-8081-exec-10] c.t.backend.security.AuthEntryPointJwt   : Unauthorized error: Full authentication is required to access this resource
2026-08-13T00:50:26.241+05:30 DEBUG 334182 --- [demo] [nio-8081-exec-2] o.s.security.web.FilterChainProxy        : Securing GET /api/org/tickets
Hibernate: 
    select
        u1_0.id,
        u1_0.created_at,
        u1_0.email,
        u1_0.full_name,
        u1_0.is_verified,
        u1_0.password_hash,
        u1_0.phone,
        u1_0.role,
        u1_0.updated_at 
    from
        users u1_0 
    where
        u1_0.email=?
2026-08-13T00:50:26.245+05:30 DEBUG 334182 --- [demo] [nio-8081-exec-2] o.s.security.web.FilterChainProxy        : Secured GET /api/org/tickets
2026-08-13T00:50:26.246+05:30 DEBUG 334182 --- [demo] [nio-8081-exec-2] horizationManagerBeforeMethodInterceptor : Authorizing method invocation ReflectiveMethodInvocation: public org.springframework.http.ResponseEntity com.transparencychain.backend.controller.OrgTicketController.getTickets(java.lang.String); target is of class [com.transparencychain.backend.controller.OrgTicketController]
2026-08-13T00:50:26.247+05:30 DEBUG 334182 --- [demo] [nio-8081-exec-2] horizationManagerBeforeMethodInterceptor : Authorized method invocation ReflectiveMethodInvocation: public org.springframework.http.ResponseEntity com.transparencychain.backend.controller.OrgTicketController.getTickets(java.lang.String); target is of class [com.transparencychain.backend.controller.OrgTicketController]
Hibernate: 
    select
        ope1_0.id,
        ope1_0.committed_at,
        ope1_0.funder_id,
        ope1_0.project_id,
        ope1_0.status,
        ope1_0.viewed_at 
    from
        org_project_engagements ope1_0
Hibernate: 
    select
        fp1_0.id,
        fp1_0.cin_number,
        fp1_0.org_name,
        fp1_0.org_type,
        fp1_0.total_donated,
        fp1_0.user_id 
    from
        funder_profiles fp1_0 
    where
        fp1_0.id=?
Hibernate: 
    select
        t1_0.id,
        t1_0.evidence_id,
        t1_0.milestone_id,
        t1_0.raised_at,
        t1_0.raised_by_ngo_id,
        t1_0.resolved_at,
        t1_0.risk_level,
        t1_0.risk_score,
        t1_0.status 
    from
        tickets t1_0
2026-08-13T00:50:26.284+05:30 DEBUG 334182 --- [demo] [nio-8081-exec-4] o.s.security.web.FilterChainProxy        : Securing GET /api/org/tickets/
Hibernate: 
    select
        u1_0.id,
        u1_0.created_at,
        u1_0.email,
        u1_0.full_name,
        u1_0.is_verified,
        u1_0.password_hash,
        u1_0.phone,
        u1_0.role,
        u1_0.updated_at 
    from
        users u1_0 
    where
        u1_0.email=?
2026-08-13T00:50:26.287+05:30 DEBUG 334182 --- [demo] [nio-8081-exec-4] o.s.security.web.FilterChainProxy        : Secured GET /api/org/tickets/
2026-08-13T00:50:26.289+05:30 DEBUG 334182 --- [demo] [nio-8081-exec-4] o.s.security.web.FilterChainProxy        : Securing GET /error
2026-08-13T00:50:26.289+05:30 DEBUG 334182 --- [demo] [nio-8081-exec-4] o.s.s.w.a.AnonymousAuthenticationFilter  : Set SecurityContextHolder to anonymous SecurityContext
2026-08-13T00:50:26.289+05:30 ERROR 334182 --- [demo] [nio-8081-exec-4] c.t.backend.security.AuthEntryPointJwt   : Unauthorized error: Full authentication is required to access this resource
2026-08-13T00:50:26.304+05:30 DEBUG 334182 --- [demo] [nio-8081-exec-6] s.s.w.f.HttpStatusRequestRejectedHandler : Rejecting request due to: The request was rejected because the URL contained a potentially malicious String "//"

org.springframework.security.web.firewall.RequestRejectedException: The request was rejected because the URL contained a potentially malicious String "//"
	at org.springframework.security.web.firewall.StrictHttpFirewall.rejectedBlocklistedUrls(StrictHttpFirewall.java:539) ~[spring-security-web-6.2.4.jar:6.2.4]
	at org.springframework.security.web.firewall.StrictHttpFirewall.getFirewalledRequest(StrictHttpFirewall.java:509) ~[spring-security-web-6.2.4.jar:6.2.4]
	at org.springframework.security.web.FilterChainProxy.doFilterInternal(FilterChainProxy.java:211) ~[spring-security-web-6.2.4.jar:6.2.4]
	at org.springframework.security.web.FilterChainProxy.doFilter(FilterChainProxy.java:191) ~[spring-security-web-6.2.4.jar:6.2.4]
	at org.springframework.web.filter.CompositeFilter$VirtualFilterChain.doFilter(CompositeFilter.java:113) ~[spring-web-6.1.6.jar:6.1.6]
	at org.springframework.web.servlet.handler.HandlerMappingIntrospector.lambda$createCacheFilter$3(HandlerMappingIntrospector.java:195) ~[spring-webmvc-6.1.6.jar:6.1.6]
	at org.springframework.web.filter.CompositeFilter$VirtualFilterChain.doFilter(CompositeFilter.java:113) ~[spring-web-6.1.6.jar:6.1.6]
	at org.springframework.web.filter.CompositeFilter.doFilter(CompositeFilter.java:74) ~[spring-web-6.1.6.jar:6.1.6]
	at org.springframework.security.config.annotation.web.configuration.WebMvcSecurityConfiguration$CompositeFilterChainProxy.doFilter(WebMvcSecurityConfiguration.java:230) ~[spring-security-config-6.2.4.jar:6.2.4]
	at org.springframework.web.filter.DelegatingFilterProxy.invokeDelegate(DelegatingFilterProxy.java:352) ~[spring-web-6.1.6.jar:6.1.6]
	at org.springframework.web.filter.DelegatingFilterProxy.doFilter(DelegatingFilterProxy.java:268) ~[spring-web-6.1.6.jar:6.1.6]
	at org.apache.catalina.core.ApplicationFilterChain.internalDoFilter(ApplicationFilterChain.java:175) ~[tomcat-embed-core-10.1.20.jar:10.1.20]
	at org.apache.catalina.core.ApplicationFilterChain.doFilter(ApplicationFilterChain.java:150) ~[tomcat-embed-core-10.1.20.jar:10.1.20]
	at org.springframework.web.filter.RequestContextFilter.doFilterInternal(RequestContextFilter.java:100) ~[spring-web-6.1.6.jar:6.1.6]
	at org.springframework.web.filter.OncePerRequestFilter.doFilter(OncePerRequestFilter.java:116) ~[spring-web-6.1.6.jar:6.1.6]
	at org.apache.catalina.core.ApplicationFilterChain.internalDoFilter(ApplicationFilterChain.java:175) ~[tomcat-embed-core-10.1.20.jar:10.1.20]
	at org.apache.catalina.core.ApplicationFilterChain.doFilter(ApplicationFilterChain.java:150) ~[tomcat-embed-core-10.1.20.jar:10.1.20]
	at org.springframework.web.filter.FormContentFilter.doFilterInternal(FormContentFilter.java:93) ~[spring-web-6.1.6.jar:6.1.6]
	at org.springframework.web.filter.OncePerRequestFilter.doFilter(OncePerRequestFilter.java:116) ~[spring-web-6.1.6.jar:6.1.6]
	at org.apache.catalina.core.ApplicationFilterChain.internalDoFilter(ApplicationFilterChain.java:175) ~[tomcat-embed-core-10.1.20.jar:10.1.20]
	at org.apache.catalina.core.ApplicationFilterChain.doFilter(ApplicationFilterChain.java:150) ~[tomcat-embed-core-10.1.20.jar:10.1.20]
	at org.springframework.web.filter.CharacterEncodingFilter.doFilterInternal(CharacterEncodingFilter.java:201) ~[spring-web-6.1.6.jar:6.1.6]
	at org.springframework.web.filter.OncePerRequestFilter.doFilter(OncePerRequestFilter.java:116) ~[spring-web-6.1.6.jar:6.1.6]
	at org.apache.catalina.core.ApplicationFilterChain.internalDoFilter(ApplicationFilterChain.java:175) ~[tomcat-embed-core-10.1.20.jar:10.1.20]
	at org.apache.catalina.core.ApplicationFilterChain.doFilter(ApplicationFilterChain.java:150) ~[tomcat-embed-core-10.1.20.jar:10.1.20]
	at org.apache.catalina.core.StandardWrapperValve.invoke(StandardWrapperValve.java:167) ~[tomcat-embed-core-10.1.20.jar:10.1.20]
	at org.apache.catalina.core.StandardContextValve.invoke(StandardContextValve.java:90) ~[tomcat-embed-core-10.1.20.jar:10.1.20]
	at org.apache.catalina.authenticator.AuthenticatorBase.invoke(AuthenticatorBase.java:482) ~[tomcat-embed-core-10.1.20.jar:10.1.20]
	at org.apache.catalina.core.StandardHostValve.invoke(StandardHostValve.java:115) ~[tomcat-embed-core-10.1.20.jar:10.1.20]
	at org.apache.catalina.valves.ErrorReportValve.invoke(ErrorReportValve.java:93) ~[tomcat-embed-core-10.1.20.jar:10.1.20]
	at org.apache.catalina.core.StandardEngineValve.invoke(StandardEngineValve.java:74) ~[tomcat-embed-core-10.1.20.jar:10.1.20]
	at org.apache.catalina.connector.CoyoteAdapter.service(CoyoteAdapter.java:344) ~[tomcat-embed-core-10.1.20.jar:10.1.20]
	at org.apache.coyote.http11.Http11Processor.service(Http11Processor.java:391) ~[tomcat-embed-core-10.1.20.jar:10.1.20]
	at org.apache.coyote.AbstractProcessorLight.process(AbstractProcessorLight.java:63) ~[tomcat-embed-core-10.1.20.jar:10.1.20]
	at org.apache.coyote.AbstractProtocol$ConnectionHandler.process(AbstractProtocol.java:896) ~[tomcat-embed-core-10.1.20.jar:10.1.20]
	at org.apache.tomcat.util.net.NioEndpoint$SocketProcessor.doRun(NioEndpoint.java:1736) ~[tomcat-embed-core-10.1.20.jar:10.1.20]
	at org.apache.tomcat.util.net.SocketProcessorBase.run(SocketProcessorBase.java:52) ~[tomcat-embed-core-10.1.20.jar:10.1.20]
	at org.apache.tomcat.util.threads.ThreadPoolExecutor.runWorker(ThreadPoolExecutor.java:1191) ~[tomcat-embed-core-10.1.20.jar:10.1.20]
	at org.apache.tomcat.util.threads.ThreadPoolExecutor$Worker.run(ThreadPoolExecutor.java:659) ~[tomcat-embed-core-10.1.20.jar:10.1.20]
	at org.apache.tomcat.util.threads.TaskThread$WrappingRunnable.run(TaskThread.java:63) ~[tomcat-embed-core-10.1.20.jar:10.1.20]
	at java.base/java.lang.Thread.run(Thread.java:1474) ~[na:na]

2026-08-13T00:50:26.305+05:30 DEBUG 334182 --- [demo] [nio-8081-exec-6] o.s.security.web.FilterChainProxy        : Securing POST /error
2026-08-13T00:50:26.305+05:30 DEBUG 334182 --- [demo] [nio-8081-exec-6] o.s.s.w.a.AnonymousAuthenticationFilter  : Set SecurityContextHolder to anonymous SecurityContext
2026-08-13T00:50:26.305+05:30 ERROR 334182 --- [demo] [nio-8081-exec-6] c.t.backend.security.AuthEntryPointJwt   : Unauthorized error: Full authentication is required to access this resource
2026-08-13T00:50:26.346+05:30 DEBUG 334182 --- [demo] [nio-8081-exec-5] s.s.w.f.HttpStatusRequestRejectedHandler : Rejecting request due to: The request was rejected because the URL contained a potentially malicious String "//"

org.springframework.security.web.firewall.RequestRejectedException: The request was rejected because the URL contained a potentially malicious String "//"
	at org.springframework.security.web.firewall.StrictHttpFirewall.rejectedBlocklistedUrls(StrictHttpFirewall.java:539) ~[spring-security-web-6.2.4.jar:6.2.4]
	at org.springframework.security.web.firewall.StrictHttpFirewall.getFirewalledRequest(StrictHttpFirewall.java:509) ~[spring-security-web-6.2.4.jar:6.2.4]
	at org.springframework.security.web.FilterChainProxy.doFilterInternal(FilterChainProxy.java:211) ~[spring-security-web-6.2.4.jar:6.2.4]
	at org.springframework.security.web.FilterChainProxy.doFilter(FilterChainProxy.java:191) ~[spring-security-web-6.2.4.jar:6.2.4]
	at org.springframework.web.filter.CompositeFilter$VirtualFilterChain.doFilter(CompositeFilter.java:113) ~[spring-web-6.1.6.jar:6.1.6]
	at org.springframework.web.servlet.handler.HandlerMappingIntrospector.lambda$createCacheFilter$3(HandlerMappingIntrospector.java:195) ~[spring-webmvc-6.1.6.jar:6.1.6]
	at org.springframework.web.filter.CompositeFilter$VirtualFilterChain.doFilter(CompositeFilter.java:113) ~[spring-web-6.1.6.jar:6.1.6]
	at org.springframework.web.filter.CompositeFilter.doFilter(CompositeFilter.java:74) ~[spring-web-6.1.6.jar:6.1.6]
	at org.springframework.security.config.annotation.web.configuration.WebMvcSecurityConfiguration$CompositeFilterChainProxy.doFilter(WebMvcSecurityConfiguration.java:230) ~[spring-security-config-6.2.4.jar:6.2.4]
	at org.springframework.web.filter.DelegatingFilterProxy.invokeDelegate(DelegatingFilterProxy.java:352) ~[spring-web-6.1.6.jar:6.1.6]
	at org.springframework.web.filter.DelegatingFilterProxy.doFilter(DelegatingFilterProxy.java:268) ~[spring-web-6.1.6.jar:6.1.6]
	at org.apache.catalina.core.ApplicationFilterChain.internalDoFilter(ApplicationFilterChain.java:175) ~[tomcat-embed-core-10.1.20.jar:10.1.20]
	at org.apache.catalina.core.ApplicationFilterChain.doFilter(ApplicationFilterChain.java:150) ~[tomcat-embed-core-10.1.20.jar:10.1.20]
	at org.springframework.web.filter.RequestContextFilter.doFilterInternal(RequestContextFilter.java:100) ~[spring-web-6.1.6.jar:6.1.6]
	at org.springframework.web.filter.OncePerRequestFilter.doFilter(OncePerRequestFilter.java:116) ~[spring-web-6.1.6.jar:6.1.6]
	at org.apache.catalina.core.ApplicationFilterChain.internalDoFilter(ApplicationFilterChain.java:175) ~[tomcat-embed-core-10.1.20.jar:10.1.20]
	at org.apache.catalina.core.ApplicationFilterChain.doFilter(ApplicationFilterChain.java:150) ~[tomcat-embed-core-10.1.20.jar:10.1.20]
	at org.springframework.web.filter.FormContentFilter.doFilterInternal(FormContentFilter.java:93) ~[spring-web-6.1.6.jar:6.1.6]
	at org.springframework.web.filter.OncePerRequestFilter.doFilter(OncePerRequestFilter.java:116) ~[spring-web-6.1.6.jar:6.1.6]
	at org.apache.catalina.core.ApplicationFilterChain.internalDoFilter(ApplicationFilterChain.java:175) ~[tomcat-embed-core-10.1.20.jar:10.1.20]
	at org.apache.catalina.core.ApplicationFilterChain.doFilter(ApplicationFilterChain.java:150) ~[tomcat-embed-core-10.1.20.jar:10.1.20]
	at org.springframework.web.filter.CharacterEncodingFilter.doFilterInternal(CharacterEncodingFilter.java:201) ~[spring-web-6.1.6.jar:6.1.6]
	at org.springframework.web.filter.OncePerRequestFilter.doFilter(OncePerRequestFilter.java:116) ~[spring-web-6.1.6.jar:6.1.6]
	at org.apache.catalina.core.ApplicationFilterChain.internalDoFilter(ApplicationFilterChain.java:175) ~[tomcat-embed-core-10.1.20.jar:10.1.20]
	at org.apache.catalina.core.ApplicationFilterChain.doFilter(ApplicationFilterChain.java:150) ~[tomcat-embed-core-10.1.20.jar:10.1.20]
	at org.apache.catalina.core.StandardWrapperValve.invoke(StandardWrapperValve.java:167) ~[tomcat-embed-core-10.1.20.jar:10.1.20]
	at org.apache.catalina.core.StandardContextValve.invoke(StandardContextValve.java:90) ~[tomcat-embed-core-10.1.20.jar:10.1.20]
	at org.apache.catalina.authenticator.AuthenticatorBase.invoke(AuthenticatorBase.java:482) ~[tomcat-embed-core-10.1.20.jar:10.1.20]
	at org.apache.catalina.core.StandardHostValve.invoke(StandardHostValve.java:115) ~[tomcat-embed-core-10.1.20.jar:10.1.20]
	at org.apache.catalina.valves.ErrorReportValve.invoke(ErrorReportValve.java:93) ~[tomcat-embed-core-10.1.20.jar:10.1.20]
	at org.apache.catalina.core.StandardEngineValve.invoke(StandardEngineValve.java:74) ~[tomcat-embed-core-10.1.20.jar:10.1.20]
	at org.apache.catalina.connector.CoyoteAdapter.service(CoyoteAdapter.java:344) ~[tomcat-embed-core-10.1.20.jar:10.1.20]
	at org.apache.coyote.http11.Http11Processor.service(Http11Processor.java:391) ~[tomcat-embed-core-10.1.20.jar:10.1.20]
	at org.apache.coyote.AbstractProcessorLight.process(AbstractProcessorLight.java:63) ~[tomcat-embed-core-10.1.20.jar:10.1.20]
	at org.apache.coyote.AbstractProtocol$ConnectionHandler.process(AbstractProtocol.java:896) ~[tomcat-embed-core-10.1.20.jar:10.1.20]
	at org.apache.tomcat.util.net.NioEndpoint$SocketProcessor.doRun(NioEndpoint.java:1736) ~[tomcat-embed-core-10.1.20.jar:10.1.20]
	at org.apache.tomcat.util.net.SocketProcessorBase.run(SocketProcessorBase.java:52) ~[tomcat-embed-core-10.1.20.jar:10.1.20]
	at org.apache.tomcat.util.threads.ThreadPoolExecutor.runWorker(ThreadPoolExecutor.java:1191) ~[tomcat-embed-core-10.1.20.jar:10.1.20]
	at org.apache.tomcat.util.threads.ThreadPoolExecutor$Worker.run(ThreadPoolExecutor.java:659) ~[tomcat-embed-core-10.1.20.jar:10.1.20]
	at org.apache.tomcat.util.threads.TaskThread$WrappingRunnable.run(TaskThread.java:63) ~[tomcat-embed-core-10.1.20.jar:10.1.20]
	at java.base/java.lang.Thread.run(Thread.java:1474) ~[na:na]

2026-08-13T00:50:26.347+05:30 DEBUG 334182 --- [demo] [nio-8081-exec-5] o.s.security.web.FilterChainProxy        : Securing POST /error
2026-08-13T00:50:26.347+05:30 DEBUG 334182 --- [demo] [nio-8081-exec-5] o.s.s.w.a.AnonymousAuthenticationFilter  : Set SecurityContextHolder to anonymous SecurityContext
2026-08-13T00:50:26.347+05:30 ERROR 334182 --- [demo] [nio-8081-exec-5] c.t.backend.security.AuthEntryPointJwt   : Unauthorized error: Full authentication is required to access this resource
2026-08-13T00:50:26.385+05:30 DEBUG 334182 --- [demo] [nio-8081-exec-8] s.s.w.f.HttpStatusRequestRejectedHandler : Rejecting request due to: The request was rejected because the URL contained a potentially malicious String "//"

org.springframework.security.web.firewall.RequestRejectedException: The request was rejected because the URL contained a potentially malicious String "//"
	at org.springframework.security.web.firewall.StrictHttpFirewall.rejectedBlocklistedUrls(StrictHttpFirewall.java:539) ~[spring-security-web-6.2.4.jar:6.2.4]
	at org.springframework.security.web.firewall.StrictHttpFirewall.getFirewalledRequest(StrictHttpFirewall.java:509) ~[spring-security-web-6.2.4.jar:6.2.4]
	at org.springframework.security.web.FilterChainProxy.doFilterInternal(FilterChainProxy.java:211) ~[spring-security-web-6.2.4.jar:6.2.4]
	at org.springframework.security.web.FilterChainProxy.doFilter(FilterChainProxy.java:191) ~[spring-security-web-6.2.4.jar:6.2.4]
	at org.springframework.web.filter.CompositeFilter$VirtualFilterChain.doFilter(CompositeFilter.java:113) ~[spring-web-6.1.6.jar:6.1.6]
	at org.springframework.web.servlet.handler.HandlerMappingIntrospector.lambda$createCacheFilter$3(HandlerMappingIntrospector.java:195) ~[spring-webmvc-6.1.6.jar:6.1.6]
	at org.springframework.web.filter.CompositeFilter$VirtualFilterChain.doFilter(CompositeFilter.java:113) ~[spring-web-6.1.6.jar:6.1.6]
	at org.springframework.web.filter.CompositeFilter.doFilter(CompositeFilter.java:74) ~[spring-web-6.1.6.jar:6.1.6]
	at org.springframework.security.config.annotation.web.configuration.WebMvcSecurityConfiguration$CompositeFilterChainProxy.doFilter(WebMvcSecurityConfiguration.java:230) ~[spring-security-config-6.2.4.jar:6.2.4]
	at org.springframework.web.filter.DelegatingFilterProxy.invokeDelegate(DelegatingFilterProxy.java:352) ~[spring-web-6.1.6.jar:6.1.6]
	at org.springframework.web.filter.DelegatingFilterProxy.doFilter(DelegatingFilterProxy.java:268) ~[spring-web-6.1.6.jar:6.1.6]
	at org.apache.catalina.core.ApplicationFilterChain.internalDoFilter(ApplicationFilterChain.java:175) ~[tomcat-embed-core-10.1.20.jar:10.1.20]
	at org.apache.catalina.core.ApplicationFilterChain.doFilter(ApplicationFilterChain.java:150) ~[tomcat-embed-core-10.1.20.jar:10.1.20]
	at org.springframework.web.filter.RequestContextFilter.doFilterInternal(RequestContextFilter.java:100) ~[spring-web-6.1.6.jar:6.1.6]
	at org.springframework.web.filter.OncePerRequestFilter.doFilter(OncePerRequestFilter.java:116) ~[spring-web-6.1.6.jar:6.1.6]
	at org.apache.catalina.core.ApplicationFilterChain.internalDoFilter(ApplicationFilterChain.java:175) ~[tomcat-embed-core-10.1.20.jar:10.1.20]
	at org.apache.catalina.core.ApplicationFilterChain.doFilter(ApplicationFilterChain.java:150) ~[tomcat-embed-core-10.1.20.jar:10.1.20]
	at org.springframework.web.filter.FormContentFilter.doFilterInternal(FormContentFilter.java:93) ~[spring-web-6.1.6.jar:6.1.6]
	at org.springframework.web.filter.OncePerRequestFilter.doFilter(OncePerRequestFilter.java:116) ~[spring-web-6.1.6.jar:6.1.6]
	at org.apache.catalina.core.ApplicationFilterChain.internalDoFilter(ApplicationFilterChain.java:175) ~[tomcat-embed-core-10.1.20.jar:10.1.20]
	at org.apache.catalina.core.ApplicationFilterChain.doFilter(ApplicationFilterChain.java:150) ~[tomcat-embed-core-10.1.20.jar:10.1.20]
	at org.springframework.web.filter.CharacterEncodingFilter.doFilterInternal(CharacterEncodingFilter.java:201) ~[spring-web-6.1.6.jar:6.1.6]
	at org.springframework.web.filter.OncePerRequestFilter.doFilter(OncePerRequestFilter.java:116) ~[spring-web-6.1.6.jar:6.1.6]
	at org.apache.catalina.core.ApplicationFilterChain.internalDoFilter(ApplicationFilterChain.java:175) ~[tomcat-embed-core-10.1.20.jar:10.1.20]
	at org.apache.catalina.core.ApplicationFilterChain.doFilter(ApplicationFilterChain.java:150) ~[tomcat-embed-core-10.1.20.jar:10.1.20]
	at org.apache.catalina.core.StandardWrapperValve.invoke(StandardWrapperValve.java:167) ~[tomcat-embed-core-10.1.20.jar:10.1.20]
	at org.apache.catalina.core.StandardContextValve.invoke(StandardContextValve.java:90) ~[tomcat-embed-core-10.1.20.jar:10.1.20]
	at org.apache.catalina.authenticator.AuthenticatorBase.invoke(AuthenticatorBase.java:482) ~[tomcat-embed-core-10.1.20.jar:10.1.20]
	at org.apache.catalina.core.StandardHostValve.invoke(StandardHostValve.java:115) ~[tomcat-embed-core-10.1.20.jar:10.1.20]
	at org.apache.catalina.valves.ErrorReportValve.invoke(ErrorReportValve.java:93) ~[tomcat-embed-core-10.1.20.jar:10.1.20]
	at org.apache.catalina.core.StandardEngineValve.invoke(StandardEngineValve.java:74) ~[tomcat-embed-core-10.1.20.jar:10.1.20]
	at org.apache.catalina.connector.CoyoteAdapter.service(CoyoteAdapter.java:344) ~[tomcat-embed-core-10.1.20.jar:10.1.20]
	at org.apache.coyote.http11.Http11Processor.service(Http11Processor.java:391) ~[tomcat-embed-core-10.1.20.jar:10.1.20]
	at org.apache.coyote.AbstractProcessorLight.process(AbstractProcessorLight.java:63) ~[tomcat-embed-core-10.1.20.jar:10.1.20]
	at org.apache.coyote.AbstractProtocol$ConnectionHandler.process(AbstractProtocol.java:896) ~[tomcat-embed-core-10.1.20.jar:10.1.20]
	at org.apache.tomcat.util.net.NioEndpoint$SocketProcessor.doRun(NioEndpoint.java:1736) ~[tomcat-embed-core-10.1.20.jar:10.1.20]
	at org.apache.tomcat.util.net.SocketProcessorBase.run(SocketProcessorBase.java:52) ~[tomcat-embed-core-10.1.20.jar:10.1.20]
	at org.apache.tomcat.util.threads.ThreadPoolExecutor.runWorker(ThreadPoolExecutor.java:1191) ~[tomcat-embed-core-10.1.20.jar:10.1.20]
	at org.apache.tomcat.util.threads.ThreadPoolExecutor$Worker.run(ThreadPoolExecutor.java:659) ~[tomcat-embed-core-10.1.20.jar:10.1.20]
	at org.apache.tomcat.util.threads.TaskThread$WrappingRunnable.run(TaskThread.java:63) ~[tomcat-embed-core-10.1.20.jar:10.1.20]
	at java.base/java.lang.Thread.run(Thread.java:1474) ~[na:na]

2026-08-13T00:50:26.385+05:30 DEBUG 334182 --- [demo] [nio-8081-exec-8] o.s.security.web.FilterChainProxy        : Securing POST /error
2026-08-13T00:50:26.385+05:30 DEBUG 334182 --- [demo] [nio-8081-exec-8] o.s.s.w.a.AnonymousAuthenticationFilter  : Set SecurityContextHolder to anonymous SecurityContext
2026-08-13T00:50:26.385+05:30 ERROR 334182 --- [demo] [nio-8081-exec-8] c.t.backend.security.AuthEntryPointJwt   : Unauthorized error: Full authentication is required to access this resource
2026-08-13T00:50:26.426+05:30 DEBUG 334182 --- [demo] [io-8081-exec-10] s.s.w.f.HttpStatusRequestRejectedHandler : Rejecting request due to: The request was rejected because the URL contained a potentially malicious String "//"

org.springframework.security.web.firewall.RequestRejectedException: The request was rejected because the URL contained a potentially malicious String "//"
	at org.springframework.security.web.firewall.StrictHttpFirewall.rejectedBlocklistedUrls(StrictHttpFirewall.java:539) ~[spring-security-web-6.2.4.jar:6.2.4]
	at org.springframework.security.web.firewall.StrictHttpFirewall.getFirewalledRequest(StrictHttpFirewall.java:509) ~[spring-security-web-6.2.4.jar:6.2.4]
	at org.springframework.security.web.FilterChainProxy.doFilterInternal(FilterChainProxy.java:211) ~[spring-security-web-6.2.4.jar:6.2.4]
	at org.springframework.security.web.FilterChainProxy.doFilter(FilterChainProxy.java:191) ~[spring-security-web-6.2.4.jar:6.2.4]
	at org.springframework.web.filter.CompositeFilter$VirtualFilterChain.doFilter(CompositeFilter.java:113) ~[spring-web-6.1.6.jar:6.1.6]
	at org.springframework.web.servlet.handler.HandlerMappingIntrospector.lambda$createCacheFilter$3(HandlerMappingIntrospector.java:195) ~[spring-webmvc-6.1.6.jar:6.1.6]
	at org.springframework.web.filter.CompositeFilter$VirtualFilterChain.doFilter(CompositeFilter.java:113) ~[spring-web-6.1.6.jar:6.1.6]
	at org.springframework.web.filter.CompositeFilter.doFilter(CompositeFilter.java:74) ~[spring-web-6.1.6.jar:6.1.6]
	at org.springframework.security.config.annotation.web.configuration.WebMvcSecurityConfiguration$CompositeFilterChainProxy.doFilter(WebMvcSecurityConfiguration.java:230) ~[spring-security-config-6.2.4.jar:6.2.4]
	at org.springframework.web.filter.DelegatingFilterProxy.invokeDelegate(DelegatingFilterProxy.java:352) ~[spring-web-6.1.6.jar:6.1.6]
	at org.springframework.web.filter.DelegatingFilterProxy.doFilter(DelegatingFilterProxy.java:268) ~[spring-web-6.1.6.jar:6.1.6]
	at org.apache.catalina.core.ApplicationFilterChain.internalDoFilter(ApplicationFilterChain.java:175) ~[tomcat-embed-core-10.1.20.jar:10.1.20]
	at org.apache.catalina.core.ApplicationFilterChain.doFilter(ApplicationFilterChain.java:150) ~[tomcat-embed-core-10.1.20.jar:10.1.20]
	at org.springframework.web.filter.RequestContextFilter.doFilterInternal(RequestContextFilter.java:100) ~[spring-web-6.1.6.jar:6.1.6]
	at org.springframework.web.filter.OncePerRequestFilter.doFilter(OncePerRequestFilter.java:116) ~[spring-web-6.1.6.jar:6.1.6]
	at org.apache.catalina.core.ApplicationFilterChain.internalDoFilter(ApplicationFilterChain.java:175) ~[tomcat-embed-core-10.1.20.jar:10.1.20]
	at org.apache.catalina.core.ApplicationFilterChain.doFilter(ApplicationFilterChain.java:150) ~[tomcat-embed-core-10.1.20.jar:10.1.20]
	at org.springframework.web.filter.FormContentFilter.doFilterInternal(FormContentFilter.java:93) ~[spring-web-6.1.6.jar:6.1.6]
	at org.springframework.web.filter.OncePerRequestFilter.doFilter(OncePerRequestFilter.java:116) ~[spring-web-6.1.6.jar:6.1.6]
	at org.apache.catalina.core.ApplicationFilterChain.internalDoFilter(ApplicationFilterChain.java:175) ~[tomcat-embed-core-10.1.20.jar:10.1.20]
	at org.apache.catalina.core.ApplicationFilterChain.doFilter(ApplicationFilterChain.java:150) ~[tomcat-embed-core-10.1.20.jar:10.1.20]
	at org.springframework.web.filter.CharacterEncodingFilter.doFilterInternal(CharacterEncodingFilter.java:201) ~[spring-web-6.1.6.jar:6.1.6]
	at org.springframework.web.filter.OncePerRequestFilter.doFilter(OncePerRequestFilter.java:116) ~[spring-web-6.1.6.jar:6.1.6]
	at org.apache.catalina.core.ApplicationFilterChain.internalDoFilter(ApplicationFilterChain.java:175) ~[tomcat-embed-core-10.1.20.jar:10.1.20]
	at org.apache.catalina.core.ApplicationFilterChain.doFilter(ApplicationFilterChain.java:150) ~[tomcat-embed-core-10.1.20.jar:10.1.20]
	at org.apache.catalina.core.StandardWrapperValve.invoke(StandardWrapperValve.java:167) ~[tomcat-embed-core-10.1.20.jar:10.1.20]
	at org.apache.catalina.core.StandardContextValve.invoke(StandardContextValve.java:90) ~[tomcat-embed-core-10.1.20.jar:10.1.20]
	at org.apache.catalina.authenticator.AuthenticatorBase.invoke(AuthenticatorBase.java:482) ~[tomcat-embed-core-10.1.20.jar:10.1.20]
	at org.apache.catalina.core.StandardHostValve.invoke(StandardHostValve.java:115) ~[tomcat-embed-core-10.1.20.jar:10.1.20]
	at org.apache.catalina.valves.ErrorReportValve.invoke(ErrorReportValve.java:93) ~[tomcat-embed-core-10.1.20.jar:10.1.20]
	at org.apache.catalina.core.StandardEngineValve.invoke(StandardEngineValve.java:74) ~[tomcat-embed-core-10.1.20.jar:10.1.20]
	at org.apache.catalina.connector.CoyoteAdapter.service(CoyoteAdapter.java:344) ~[tomcat-embed-core-10.1.20.jar:10.1.20]
	at org.apache.coyote.http11.Http11Processor.service(Http11Processor.java:391) ~[tomcat-embed-core-10.1.20.jar:10.1.20]
	at org.apache.coyote.AbstractProcessorLight.process(AbstractProcessorLight.java:63) ~[tomcat-embed-core-10.1.20.jar:10.1.20]
	at org.apache.coyote.AbstractProtocol$ConnectionHandler.process(AbstractProtocol.java:896) ~[tomcat-embed-core-10.1.20.jar:10.1.20]
	at org.apache.tomcat.util.net.NioEndpoint$SocketProcessor.doRun(NioEndpoint.java:1736) ~[tomcat-embed-core-10.1.20.jar:10.1.20]
	at org.apache.tomcat.util.net.SocketProcessorBase.run(SocketProcessorBase.java:52) ~[tomcat-embed-core-10.1.20.jar:10.1.20]
	at org.apache.tomcat.util.threads.ThreadPoolExecutor.runWorker(ThreadPoolExecutor.java:1191) ~[tomcat-embed-core-10.1.20.jar:10.1.20]
	at org.apache.tomcat.util.threads.ThreadPoolExecutor$Worker.run(ThreadPoolExecutor.java:659) ~[tomcat-embed-core-10.1.20.jar:10.1.20]
	at org.apache.tomcat.util.threads.TaskThread$WrappingRunnable.run(TaskThread.java:63) ~[tomcat-embed-core-10.1.20.jar:10.1.20]
	at java.base/java.lang.Thread.run(Thread.java:1474) ~[na:na]

2026-08-13T00:50:26.427+05:30 DEBUG 334182 --- [demo] [io-8081-exec-10] o.s.security.web.FilterChainProxy        : Securing POST /error
2026-08-13T00:50:26.427+05:30 DEBUG 334182 --- [demo] [io-8081-exec-10] o.s.s.w.a.AnonymousAuthenticationFilter  : Set SecurityContextHolder to anonymous SecurityContext
2026-08-13T00:50:26.428+05:30 ERROR 334182 --- [demo] [io-8081-exec-10] c.t.backend.security.AuthEntryPointJwt   : Unauthorized error: Full authentication is required to access this resource
2026-08-13T00:50:26.437+05:30 DEBUG 334182 --- [demo] [nio-8081-exec-2] s.s.w.f.HttpStatusRequestRejectedHandler : Rejecting request due to: The request was rejected because the URL contained a potentially malicious String "//"

org.springframework.security.web.firewall.RequestRejectedException: The request was rejected because the URL contained a potentially malicious String "//"
	at org.springframework.security.web.firewall.StrictHttpFirewall.rejectedBlocklistedUrls(StrictHttpFirewall.java:539) ~[spring-security-web-6.2.4.jar:6.2.4]
	at org.springframework.security.web.firewall.StrictHttpFirewall.getFirewalledRequest(StrictHttpFirewall.java:509) ~[spring-security-web-6.2.4.jar:6.2.4]
	at org.springframework.security.web.FilterChainProxy.doFilterInternal(FilterChainProxy.java:211) ~[spring-security-web-6.2.4.jar:6.2.4]
	at org.springframework.security.web.FilterChainProxy.doFilter(FilterChainProxy.java:191) ~[spring-security-web-6.2.4.jar:6.2.4]
	at org.springframework.web.filter.CompositeFilter$VirtualFilterChain.doFilter(CompositeFilter.java:113) ~[spring-web-6.1.6.jar:6.1.6]
	at org.springframework.web.servlet.handler.HandlerMappingIntrospector.lambda$createCacheFilter$3(HandlerMappingIntrospector.java:195) ~[spring-webmvc-6.1.6.jar:6.1.6]
	at org.springframework.web.filter.CompositeFilter$VirtualFilterChain.doFilter(CompositeFilter.java:113) ~[spring-web-6.1.6.jar:6.1.6]
	at org.springframework.web.filter.CompositeFilter.doFilter(CompositeFilter.java:74) ~[spring-web-6.1.6.jar:6.1.6]
	at org.springframework.security.config.annotation.web.configuration.WebMvcSecurityConfiguration$CompositeFilterChainProxy.doFilter(WebMvcSecurityConfiguration.java:230) ~[spring-security-config-6.2.4.jar:6.2.4]
	at org.springframework.web.filter.DelegatingFilterProxy.invokeDelegate(DelegatingFilterProxy.java:352) ~[spring-web-6.1.6.jar:6.1.6]
	at org.springframework.web.filter.DelegatingFilterProxy.doFilter(DelegatingFilterProxy.java:268) ~[spring-web-6.1.6.jar:6.1.6]
	at org.apache.catalina.core.ApplicationFilterChain.internalDoFilter(ApplicationFilterChain.java:175) ~[tomcat-embed-core-10.1.20.jar:10.1.20]
	at org.apache.catalina.core.ApplicationFilterChain.doFilter(ApplicationFilterChain.java:150) ~[tomcat-embed-core-10.1.20.jar:10.1.20]
	at org.springframework.web.filter.RequestContextFilter.doFilterInternal(RequestContextFilter.java:100) ~[spring-web-6.1.6.jar:6.1.6]
	at org.springframework.web.filter.OncePerRequestFilter.doFilter(OncePerRequestFilter.java:116) ~[spring-web-6.1.6.jar:6.1.6]
	at org.apache.catalina.core.ApplicationFilterChain.internalDoFilter(ApplicationFilterChain.java:175) ~[tomcat-embed-core-10.1.20.jar:10.1.20]
	at org.apache.catalina.core.ApplicationFilterChain.doFilter(ApplicationFilterChain.java:150) ~[tomcat-embed-core-10.1.20.jar:10.1.20]
	at org.springframework.web.filter.FormContentFilter.doFilterInternal(FormContentFilter.java:93) ~[spring-web-6.1.6.jar:6.1.6]
	at org.springframework.web.filter.OncePerRequestFilter.doFilter(OncePerRequestFilter.java:116) ~[spring-web-6.1.6.jar:6.1.6]
	at org.apache.catalina.core.ApplicationFilterChain.internalDoFilter(ApplicationFilterChain.java:175) ~[tomcat-embed-core-10.1.20.jar:10.1.20]
	at org.apache.catalina.core.ApplicationFilterChain.doFilter(ApplicationFilterChain.java:150) ~[tomcat-embed-core-10.1.20.jar:10.1.20]
	at org.springframework.web.filter.CharacterEncodingFilter.doFilterInternal(CharacterEncodingFilter.java:201) ~[spring-web-6.1.6.jar:6.1.6]
	at org.springframework.web.filter.OncePerRequestFilter.doFilter(OncePerRequestFilter.java:116) ~[spring-web-6.1.6.jar:6.1.6]
	at org.apache.catalina.core.ApplicationFilterChain.internalDoFilter(ApplicationFilterChain.java:175) ~[tomcat-embed-core-10.1.20.jar:10.1.20]
	at org.apache.catalina.core.ApplicationFilterChain.doFilter(ApplicationFilterChain.java:150) ~[tomcat-embed-core-10.1.20.jar:10.1.20]
	at org.apache.catalina.core.StandardWrapperValve.invoke(StandardWrapperValve.java:167) ~[tomcat-embed-core-10.1.20.jar:10.1.20]
	at org.apache.catalina.core.StandardContextValve.invoke(StandardContextValve.java:90) ~[tomcat-embed-core-10.1.20.jar:10.1.20]
	at org.apache.catalina.authenticator.AuthenticatorBase.invoke(AuthenticatorBase.java:482) ~[tomcat-embed-core-10.1.20.jar:10.1.20]
	at org.apache.catalina.core.StandardHostValve.invoke(StandardHostValve.java:115) ~[tomcat-embed-core-10.1.20.jar:10.1.20]
	at org.apache.catalina.valves.ErrorReportValve.invoke(ErrorReportValve.java:93) ~[tomcat-embed-core-10.1.20.jar:10.1.20]
	at org.apache.catalina.core.StandardEngineValve.invoke(StandardEngineValve.java:74) ~[tomcat-embed-core-10.1.20.jar:10.1.20]
	at org.apache.catalina.connector.CoyoteAdapter.service(CoyoteAdapter.java:344) ~[tomcat-embed-core-10.1.20.jar:10.1.20]
	at org.apache.coyote.http11.Http11Processor.service(Http11Processor.java:391) ~[tomcat-embed-core-10.1.20.jar:10.1.20]
	at org.apache.coyote.AbstractProcessorLight.process(AbstractProcessorLight.java:63) ~[tomcat-embed-core-10.1.20.jar:10.1.20]
	at org.apache.coyote.AbstractProtocol$ConnectionHandler.process(AbstractProtocol.java:896) ~[tomcat-embed-core-10.1.20.jar:10.1.20]
	at org.apache.tomcat.util.net.NioEndpoint$SocketProcessor.doRun(NioEndpoint.java:1736) ~[tomcat-embed-core-10.1.20.jar:10.1.20]
	at org.apache.tomcat.util.net.SocketProcessorBase.run(SocketProcessorBase.java:52) ~[tomcat-embed-core-10.1.20.jar:10.1.20]
	at org.apache.tomcat.util.threads.ThreadPoolExecutor.runWorker(ThreadPoolExecutor.java:1191) ~[tomcat-embed-core-10.1.20.jar:10.1.20]
	at org.apache.tomcat.util.threads.ThreadPoolExecutor$Worker.run(ThreadPoolExecutor.java:659) ~[tomcat-embed-core-10.1.20.jar:10.1.20]
	at org.apache.tomcat.util.threads.TaskThread$WrappingRunnable.run(TaskThread.java:63) ~[tomcat-embed-core-10.1.20.jar:10.1.20]
	at java.base/java.lang.Thread.run(Thread.java:1474) ~[na:na]

2026-08-13T00:50:26.438+05:30 DEBUG 334182 --- [demo] [nio-8081-exec-2] o.s.security.web.FilterChainProxy        : Securing POST /error
2026-08-13T00:50:26.438+05:30 DEBUG 334182 --- [demo] [nio-8081-exec-2] o.s.s.w.a.AnonymousAuthenticationFilter  : Set SecurityContextHolder to anonymous SecurityContext
2026-08-13T00:50:26.438+05:30 ERROR 334182 --- [demo] [nio-8081-exec-2] c.t.backend.security.AuthEntryPointJwt   : Unauthorized error: Full authentication is required to access this resource
2026-08-13T00:50:26.490+05:30 DEBUG 334182 --- [demo] [nio-8081-exec-4] s.s.w.f.HttpStatusRequestRejectedHandler : Rejecting request due to: The request was rejected because the URL contained a potentially malicious String "//"

org.springframework.security.web.firewall.RequestRejectedException: The request was rejected because the URL contained a potentially malicious String "//"
	at org.springframework.security.web.firewall.StrictHttpFirewall.rejectedBlocklistedUrls(StrictHttpFirewall.java:539) ~[spring-security-web-6.2.4.jar:6.2.4]
	at org.springframework.security.web.firewall.StrictHttpFirewall.getFirewalledRequest(StrictHttpFirewall.java:509) ~[spring-security-web-6.2.4.jar:6.2.4]
	at org.springframework.security.web.FilterChainProxy.doFilterInternal(FilterChainProxy.java:211) ~[spring-security-web-6.2.4.jar:6.2.4]
	at org.springframework.security.web.FilterChainProxy.doFilter(FilterChainProxy.java:191) ~[spring-security-web-6.2.4.jar:6.2.4]
	at org.springframework.web.filter.CompositeFilter$VirtualFilterChain.doFilter(CompositeFilter.java:113) ~[spring-web-6.1.6.jar:6.1.6]
	at org.springframework.web.servlet.handler.HandlerMappingIntrospector.lambda$createCacheFilter$3(HandlerMappingIntrospector.java:195) ~[spring-webmvc-6.1.6.jar:6.1.6]
	at org.springframework.web.filter.CompositeFilter$VirtualFilterChain.doFilter(CompositeFilter.java:113) ~[spring-web-6.1.6.jar:6.1.6]
	at org.springframework.web.filter.CompositeFilter.doFilter(CompositeFilter.java:74) ~[spring-web-6.1.6.jar:6.1.6]
	at org.springframework.security.config.annotation.web.configuration.WebMvcSecurityConfiguration$CompositeFilterChainProxy.doFilter(WebMvcSecurityConfiguration.java:230) ~[spring-security-config-6.2.4.jar:6.2.4]
	at org.springframework.web.filter.DelegatingFilterProxy.invokeDelegate(DelegatingFilterProxy.java:352) ~[spring-web-6.1.6.jar:6.1.6]
	at org.springframework.web.filter.DelegatingFilterProxy.doFilter(DelegatingFilterProxy.java:268) ~[spring-web-6.1.6.jar:6.1.6]
	at org.apache.catalina.core.ApplicationFilterChain.internalDoFilter(ApplicationFilterChain.java:175) ~[tomcat-embed-core-10.1.20.jar:10.1.20]
	at org.apache.catalina.core.ApplicationFilterChain.doFilter(ApplicationFilterChain.java:150) ~[tomcat-embed-core-10.1.20.jar:10.1.20]
	at org.springframework.web.filter.RequestContextFilter.doFilterInternal(RequestContextFilter.java:100) ~[spring-web-6.1.6.jar:6.1.6]
	at org.springframework.web.filter.OncePerRequestFilter.doFilter(OncePerRequestFilter.java:116) ~[spring-web-6.1.6.jar:6.1.6]
	at org.apache.catalina.core.ApplicationFilterChain.internalDoFilter(ApplicationFilterChain.java:175) ~[tomcat-embed-core-10.1.20.jar:10.1.20]
	at org.apache.catalina.core.ApplicationFilterChain.doFilter(ApplicationFilterChain.java:150) ~[tomcat-embed-core-10.1.20.jar:10.1.20]
	at org.springframework.web.filter.FormContentFilter.doFilterInternal(FormContentFilter.java:93) ~[spring-web-6.1.6.jar:6.1.6]
	at org.springframework.web.filter.OncePerRequestFilter.doFilter(OncePerRequestFilter.java:116) ~[spring-web-6.1.6.jar:6.1.6]
	at org.apache.catalina.core.ApplicationFilterChain.internalDoFilter(ApplicationFilterChain.java:175) ~[tomcat-embed-core-10.1.20.jar:10.1.20]
	at org.apache.catalina.core.ApplicationFilterChain.doFilter(ApplicationFilterChain.java:150) ~[tomcat-embed-core-10.1.20.jar:10.1.20]
	at org.springframework.web.filter.CharacterEncodingFilter.doFilterInternal(CharacterEncodingFilter.java:201) ~[spring-web-6.1.6.jar:6.1.6]
	at org.springframework.web.filter.OncePerRequestFilter.doFilter(OncePerRequestFilter.java:116) ~[spring-web-6.1.6.jar:6.1.6]
	at org.apache.catalina.core.ApplicationFilterChain.internalDoFilter(ApplicationFilterChain.java:175) ~[tomcat-embed-core-10.1.20.jar:10.1.20]
	at org.apache.catalina.core.ApplicationFilterChain.doFilter(ApplicationFilterChain.java:150) ~[tomcat-embed-core-10.1.20.jar:10.1.20]
	at org.apache.catalina.core.StandardWrapperValve.invoke(StandardWrapperValve.java:167) ~[tomcat-embed-core-10.1.20.jar:10.1.20]
	at org.apache.catalina.core.StandardContextValve.invoke(StandardContextValve.java:90) ~[tomcat-embed-core-10.1.20.jar:10.1.20]
	at org.apache.catalina.authenticator.AuthenticatorBase.invoke(AuthenticatorBase.java:482) ~[tomcat-embed-core-10.1.20.jar:10.1.20]
	at org.apache.catalina.core.StandardHostValve.invoke(StandardHostValve.java:115) ~[tomcat-embed-core-10.1.20.jar:10.1.20]
	at org.apache.catalina.valves.ErrorReportValve.invoke(ErrorReportValve.java:93) ~[tomcat-embed-core-10.1.20.jar:10.1.20]
	at org.apache.catalina.core.StandardEngineValve.invoke(StandardEngineValve.java:74) ~[tomcat-embed-core-10.1.20.jar:10.1.20]
	at org.apache.catalina.connector.CoyoteAdapter.service(CoyoteAdapter.java:344) ~[tomcat-embed-core-10.1.20.jar:10.1.20]
	at org.apache.coyote.http11.Http11Processor.service(Http11Processor.java:391) ~[tomcat-embed-core-10.1.20.jar:10.1.20]
	at org.apache.coyote.AbstractProcessorLight.process(AbstractProcessorLight.java:63) ~[tomcat-embed-core-10.1.20.jar:10.1.20]
	at org.apache.coyote.AbstractProtocol$ConnectionHandler.process(AbstractProtocol.java:896) ~[tomcat-embed-core-10.1.20.jar:10.1.20]
	at org.apache.tomcat.util.net.NioEndpoint$SocketProcessor.doRun(NioEndpoint.java:1736) ~[tomcat-embed-core-10.1.20.jar:10.1.20]
	at org.apache.tomcat.util.net.SocketProcessorBase.run(SocketProcessorBase.java:52) ~[tomcat-embed-core-10.1.20.jar:10.1.20]
	at org.apache.tomcat.util.threads.ThreadPoolExecutor.runWorker(ThreadPoolExecutor.java:1191) ~[tomcat-embed-core-10.1.20.jar:10.1.20]
	at org.apache.tomcat.util.threads.ThreadPoolExecutor$Worker.run(ThreadPoolExecutor.java:659) ~[tomcat-embed-core-10.1.20.jar:10.1.20]
	at org.apache.tomcat.util.threads.TaskThread$WrappingRunnable.run(TaskThread.java:63) ~[tomcat-embed-core-10.1.20.jar:10.1.20]
	at java.base/java.lang.Thread.run(Thread.java:1474) ~[na:na]

2026-08-13T00:50:26.491+05:30 DEBUG 334182 --- [demo] [nio-8081-exec-4] o.s.security.web.FilterChainProxy        : Securing POST /error
2026-08-13T00:50:26.491+05:30 DEBUG 334182 --- [demo] [nio-8081-exec-4] o.s.s.w.a.AnonymousAuthenticationFilter  : Set SecurityContextHolder to anonymous SecurityContext
2026-08-13T00:50:26.491+05:30 ERROR 334182 --- [demo] [nio-8081-exec-4] c.t.backend.security.AuthEntryPointJwt   : Unauthorized error: Full authentication is required to access this resource
2026-08-13T00:50:26.508+05:30 DEBUG 334182 --- [demo] [nio-8081-exec-6] o.s.security.web.FilterChainProxy        : Securing POST /api/v1/auth/register
2026-08-13T00:50:26.508+05:30 DEBUG 334182 --- [demo] [nio-8081-exec-6] o.s.s.w.a.AnonymousAuthenticationFilter  : Set SecurityContextHolder to anonymous SecurityContext
2026-08-13T00:50:26.508+05:30 DEBUG 334182 --- [demo] [nio-8081-exec-6] o.s.security.web.FilterChainProxy        : Secured POST /api/v1/auth/register
Hibernate: 
    select
        u1_0.id,
        u1_0.created_at,
        u1_0.email,
        u1_0.full_name,
        u1_0.is_verified,
        u1_0.password_hash,
        u1_0.phone,
        u1_0.role,
        u1_0.updated_at 
    from
        users u1_0 
    where
        u1_0.email=?
Hibernate: 
    insert 
    into
        users
        (created_at, email, full_name, is_verified, password_hash, phone, role, updated_at, id) 
    values
        (?, ?, ?, ?, ?, ?, ?, ?, ?)
Hibernate: 
    insert 
    into
        funder_profiles
        (cin_number, org_name, org_type, total_donated, user_id, id) 
    values
        (?, ?, ?, ?, ?, ?)
2026-08-13T00:50:26.642+05:30 DEBUG 334182 --- [demo] [nio-8081-exec-7] o.s.security.web.FilterChainProxy        : Securing POST /api/v1/auth/login
2026-08-13T00:50:26.643+05:30 DEBUG 334182 --- [demo] [nio-8081-exec-7] o.s.s.w.a.AnonymousAuthenticationFilter  : Set SecurityContextHolder to anonymous SecurityContext
2026-08-13T00:50:26.643+05:30 DEBUG 334182 --- [demo] [nio-8081-exec-7] o.s.security.web.FilterChainProxy        : Secured POST /api/v1/auth/login
Hibernate: 
    select
        u1_0.id,
        u1_0.created_at,
        u1_0.email,
        u1_0.full_name,
        u1_0.is_verified,
        u1_0.password_hash,
        u1_0.phone,
        u1_0.role,
        u1_0.updated_at 
    from
        users u1_0 
    where
        u1_0.email=?
2026-08-13T00:50:26.717+05:30 DEBUG 334182 --- [demo] [nio-8081-exec-7] o.s.s.a.dao.DaoAuthenticationProvider    : Authenticated user
2026-08-13T00:50:26.749+05:30 DEBUG 334182 --- [demo] [nio-8081-exec-8] s.s.w.f.HttpStatusRequestRejectedHandler : Rejecting request due to: The request was rejected because the URL contained a potentially malicious String "//"

org.springframework.security.web.firewall.RequestRejectedException: The request was rejected because the URL contained a potentially malicious String "//"
	at org.springframework.security.web.firewall.StrictHttpFirewall.rejectedBlocklistedUrls(StrictHttpFirewall.java:539) ~[spring-security-web-6.2.4.jar:6.2.4]
	at org.springframework.security.web.firewall.StrictHttpFirewall.getFirewalledRequest(StrictHttpFirewall.java:509) ~[spring-security-web-6.2.4.jar:6.2.4]
	at org.springframework.security.web.FilterChainProxy.doFilterInternal(FilterChainProxy.java:211) ~[spring-security-web-6.2.4.jar:6.2.4]
	at org.springframework.security.web.FilterChainProxy.doFilter(FilterChainProxy.java:191) ~[spring-security-web-6.2.4.jar:6.2.4]
	at org.springframework.web.filter.CompositeFilter$VirtualFilterChain.doFilter(CompositeFilter.java:113) ~[spring-web-6.1.6.jar:6.1.6]
	at org.springframework.web.servlet.handler.HandlerMappingIntrospector.lambda$createCacheFilter$3(HandlerMappingIntrospector.java:195) ~[spring-webmvc-6.1.6.jar:6.1.6]
	at org.springframework.web.filter.CompositeFilter$VirtualFilterChain.doFilter(CompositeFilter.java:113) ~[spring-web-6.1.6.jar:6.1.6]
	at org.springframework.web.filter.CompositeFilter.doFilter(CompositeFilter.java:74) ~[spring-web-6.1.6.jar:6.1.6]
	at org.springframework.security.config.annotation.web.configuration.WebMvcSecurityConfiguration$CompositeFilterChainProxy.doFilter(WebMvcSecurityConfiguration.java:230) ~[spring-security-config-6.2.4.jar:6.2.4]
	at org.springframework.web.filter.DelegatingFilterProxy.invokeDelegate(DelegatingFilterProxy.java:352) ~[spring-web-6.1.6.jar:6.1.6]
	at org.springframework.web.filter.DelegatingFilterProxy.doFilter(DelegatingFilterProxy.java:268) ~[spring-web-6.1.6.jar:6.1.6]
	at org.apache.catalina.core.ApplicationFilterChain.internalDoFilter(ApplicationFilterChain.java:175) ~[tomcat-embed-core-10.1.20.jar:10.1.20]
	at org.apache.catalina.core.ApplicationFilterChain.doFilter(ApplicationFilterChain.java:150) ~[tomcat-embed-core-10.1.20.jar:10.1.20]
	at org.springframework.web.filter.RequestContextFilter.doFilterInternal(RequestContextFilter.java:100) ~[spring-web-6.1.6.jar:6.1.6]
	at org.springframework.web.filter.OncePerRequestFilter.doFilter(OncePerRequestFilter.java:116) ~[spring-web-6.1.6.jar:6.1.6]
	at org.apache.catalina.core.ApplicationFilterChain.internalDoFilter(ApplicationFilterChain.java:175) ~[tomcat-embed-core-10.1.20.jar:10.1.20]
	at org.apache.catalina.core.ApplicationFilterChain.doFilter(ApplicationFilterChain.java:150) ~[tomcat-embed-core-10.1.20.jar:10.1.20]
	at org.springframework.web.filter.FormContentFilter.doFilterInternal(FormContentFilter.java:93) ~[spring-web-6.1.6.jar:6.1.6]
	at org.springframework.web.filter.OncePerRequestFilter.doFilter(OncePerRequestFilter.java:116) ~[spring-web-6.1.6.jar:6.1.6]
	at org.apache.catalina.core.ApplicationFilterChain.internalDoFilter(ApplicationFilterChain.java:175) ~[tomcat-embed-core-10.1.20.jar:10.1.20]
	at org.apache.catalina.core.ApplicationFilterChain.doFilter(ApplicationFilterChain.java:150) ~[tomcat-embed-core-10.1.20.jar:10.1.20]
	at org.springframework.web.filter.CharacterEncodingFilter.doFilterInternal(CharacterEncodingFilter.java:201) ~[spring-web-6.1.6.jar:6.1.6]
	at org.springframework.web.filter.OncePerRequestFilter.doFilter(OncePerRequestFilter.java:116) ~[spring-web-6.1.6.jar:6.1.6]
	at org.apache.catalina.core.ApplicationFilterChain.internalDoFilter(ApplicationFilterChain.java:175) ~[tomcat-embed-core-10.1.20.jar:10.1.20]
	at org.apache.catalina.core.ApplicationFilterChain.doFilter(ApplicationFilterChain.java:150) ~[tomcat-embed-core-10.1.20.jar:10.1.20]
	at org.apache.catalina.core.StandardWrapperValve.invoke(StandardWrapperValve.java:167) ~[tomcat-embed-core-10.1.20.jar:10.1.20]
	at org.apache.catalina.core.StandardContextValve.invoke(StandardContextValve.java:90) ~[tomcat-embed-core-10.1.20.jar:10.1.20]
	at org.apache.catalina.authenticator.AuthenticatorBase.invoke(AuthenticatorBase.java:482) ~[tomcat-embed-core-10.1.20.jar:10.1.20]
	at org.apache.catalina.core.StandardHostValve.invoke(StandardHostValve.java:115) ~[tomcat-embed-core-10.1.20.jar:10.1.20]
	at org.apache.catalina.valves.ErrorReportValve.invoke(ErrorReportValve.java:93) ~[tomcat-embed-core-10.1.20.jar:10.1.20]
	at org.apache.catalina.core.StandardEngineValve.invoke(StandardEngineValve.java:74) ~[tomcat-embed-core-10.1.20.jar:10.1.20]
	at org.apache.catalina.connector.CoyoteAdapter.service(CoyoteAdapter.java:344) ~[tomcat-embed-core-10.1.20.jar:10.1.20]
	at org.apache.coyote.http11.Http11Processor.service(Http11Processor.java:391) ~[tomcat-embed-core-10.1.20.jar:10.1.20]
	at org.apache.coyote.AbstractProcessorLight.process(AbstractProcessorLight.java:63) ~[tomcat-embed-core-10.1.20.jar:10.1.20]
	at org.apache.coyote.AbstractProtocol$ConnectionHandler.process(AbstractProtocol.java:896) ~[tomcat-embed-core-10.1.20.jar:10.1.20]
	at org.apache.tomcat.util.net.NioEndpoint$SocketProcessor.doRun(NioEndpoint.java:1736) ~[tomcat-embed-core-10.1.20.jar:10.1.20]
	at org.apache.tomcat.util.net.SocketProcessorBase.run(SocketProcessorBase.java:52) ~[tomcat-embed-core-10.1.20.jar:10.1.20]
	at org.apache.tomcat.util.threads.ThreadPoolExecutor.runWorker(ThreadPoolExecutor.java:1191) ~[tomcat-embed-core-10.1.20.jar:10.1.20]
	at org.apache.tomcat.util.threads.ThreadPoolExecutor$Worker.run(ThreadPoolExecutor.java:659) ~[tomcat-embed-core-10.1.20.jar:10.1.20]
	at org.apache.tomcat.util.threads.TaskThread$WrappingRunnable.run(TaskThread.java:63) ~[tomcat-embed-core-10.1.20.jar:10.1.20]
	at java.base/java.lang.Thread.run(Thread.java:1474) ~[na:na]

2026-08-13T00:50:26.750+05:30 DEBUG 334182 --- [demo] [nio-8081-exec-8] o.s.security.web.FilterChainProxy        : Securing POST /error
2026-08-13T00:50:26.750+05:30 DEBUG 334182 --- [demo] [nio-8081-exec-8] o.s.s.w.a.AnonymousAuthenticationFilter  : Set SecurityContextHolder to anonymous SecurityContext
2026-08-13T00:50:26.750+05:30 ERROR 334182 --- [demo] [nio-8081-exec-8] c.t.backend.security.AuthEntryPointJwt   : Unauthorized error: Full authentication is required to access this resource
2026-08-13T00:50:26.764+05:30 DEBUG 334182 --- [demo] [nio-8081-exec-9] o.s.security.web.FilterChainProxy        : Securing GET /api/org/projects/828c7eb0-cfb9-4b7b-8ae6-5a40302c917e/escrow
Hibernate: 
    select
        u1_0.id,
        u1_0.created_at,
        u1_0.email,
        u1_0.full_name,
        u1_0.is_verified,
        u1_0.password_hash,
        u1_0.phone,
        u1_0.role,
        u1_0.updated_at 
    from
        users u1_0 
    where
        u1_0.email=?
2026-08-13T00:50:26.769+05:30 DEBUG 334182 --- [demo] [nio-8081-exec-9] o.s.security.web.FilterChainProxy        : Secured GET /api/org/projects/828c7eb0-cfb9-4b7b-8ae6-5a40302c917e/escrow
2026-08-13T00:50:26.770+05:30 DEBUG 334182 --- [demo] [nio-8081-exec-9] horizationManagerBeforeMethodInterceptor : Authorizing method invocation ReflectiveMethodInvocation: public org.springframework.http.ResponseEntity com.transparencychain.backend.controller.OrgCommitmentController.getEscrowByProject(java.util.UUID); target is of class [com.transparencychain.backend.controller.OrgCommitmentController]
2026-08-13T00:50:26.771+05:30 DEBUG 334182 --- [demo] [nio-8081-exec-9] horizationManagerBeforeMethodInterceptor : Authorized method invocation ReflectiveMethodInvocation: public org.springframework.http.ResponseEntity com.transparencychain.backend.controller.OrgCommitmentController.getEscrowByProject(java.util.UUID); target is of class [com.transparencychain.backend.controller.OrgCommitmentController]
Hibernate: 
    select
        ea1_0.id,
        ea1_0.locked_amount,
        ea1_0.project_id,
        ea1_0.released_amount,
        ea1_0.status 
    from
        escrow_accounts ea1_0 
    left join
        projects p1_0 
            on p1_0.id=ea1_0.project_id 
    where
        p1_0.id=?
2026-08-13T00:50:26.795+05:30 DEBUG 334182 --- [demo] [io-8081-exec-10] o.s.security.web.FilterChainProxy        : Securing GET /api/org/projects/828c7eb0-cfb9-4b7b-8ae6-5a40302c917e/commitment
Hibernate: 
    select
        u1_0.id,
        u1_0.created_at,
        u1_0.email,
        u1_0.full_name,
        u1_0.is_verified,
        u1_0.password_hash,
        u1_0.phone,
        u1_0.role,
        u1_0.updated_at 
    from
        users u1_0 
    where
        u1_0.email=?
2026-08-13T00:50:26.798+05:30 DEBUG 334182 --- [demo] [io-8081-exec-10] o.s.security.web.FilterChainProxy        : Secured GET /api/org/projects/828c7eb0-cfb9-4b7b-8ae6-5a40302c917e/commitment
2026-08-13T00:50:26.799+05:30 DEBUG 334182 --- [demo] [io-8081-exec-10] horizationManagerBeforeMethodInterceptor : Authorizing method invocation ReflectiveMethodInvocation: public org.springframework.http.ResponseEntity com.transparencychain.backend.controller.OrgCommitmentController.getCommitmentByProject(java.util.UUID); target is of class [com.transparencychain.backend.controller.OrgCommitmentController]
2026-08-13T00:50:26.799+05:30 DEBUG 334182 --- [demo] [io-8081-exec-10] horizationManagerBeforeMethodInterceptor : Authorized method invocation ReflectiveMethodInvocation: public org.springframework.http.ResponseEntity com.transparencychain.backend.controller.OrgCommitmentController.getCommitmentByProject(java.util.UUID); target is of class [com.transparencychain.backend.controller.OrgCommitmentController]
Hibernate: 
    select
        fp1_0.id,
        fp1_0.cin_number,
        fp1_0.org_name,
        fp1_0.org_type,
        fp1_0.total_donated,
        fp1_0.user_id 
    from
        funder_profiles fp1_0 
    left join
        users u1_0 
            on u1_0.id=fp1_0.user_id 
    where
        u1_0.id=?
Hibernate: 
    select
        fc1_0.id,
        fc1_0.budget_exceeded_warning,
        fc1_0.created_at,
        fc1_0.funder_id,
        fc1_0.project_id,
        fc1_0.status,
        fc1_0.total_committed_amount 
    from
        funding_commitments fc1_0 
    left join
        projects p1_0 
            on p1_0.id=fc1_0.project_id 
    where
        p1_0.id=?
2026-08-13T00:50:26.820+05:30 DEBUG 334182 --- [demo] [nio-8081-exec-2] s.s.w.f.HttpStatusRequestRejectedHandler : Rejecting request due to: The request was rejected because the URL contained a potentially malicious String "//"

org.springframework.security.web.firewall.RequestRejectedException: The request was rejected because the URL contained a potentially malicious String "//"
	at org.springframework.security.web.firewall.StrictHttpFirewall.rejectedBlocklistedUrls(StrictHttpFirewall.java:539) ~[spring-security-web-6.2.4.jar:6.2.4]
	at org.springframework.security.web.firewall.StrictHttpFirewall.getFirewalledRequest(StrictHttpFirewall.java:509) ~[spring-security-web-6.2.4.jar:6.2.4]
	at org.springframework.security.web.FilterChainProxy.doFilterInternal(FilterChainProxy.java:211) ~[spring-security-web-6.2.4.jar:6.2.4]
	at org.springframework.security.web.FilterChainProxy.doFilter(FilterChainProxy.java:191) ~[spring-security-web-6.2.4.jar:6.2.4]
	at org.springframework.web.filter.CompositeFilter$VirtualFilterChain.doFilter(CompositeFilter.java:113) ~[spring-web-6.1.6.jar:6.1.6]
	at org.springframework.web.servlet.handler.HandlerMappingIntrospector.lambda$createCacheFilter$3(HandlerMappingIntrospector.java:195) ~[spring-webmvc-6.1.6.jar:6.1.6]
	at org.springframework.web.filter.CompositeFilter$VirtualFilterChain.doFilter(CompositeFilter.java:113) ~[spring-web-6.1.6.jar:6.1.6]
	at org.springframework.web.filter.CompositeFilter.doFilter(CompositeFilter.java:74) ~[spring-web-6.1.6.jar:6.1.6]
	at org.springframework.security.config.annotation.web.configuration.WebMvcSecurityConfiguration$CompositeFilterChainProxy.doFilter(WebMvcSecurityConfiguration.java:230) ~[spring-security-config-6.2.4.jar:6.2.4]
	at org.springframework.web.filter.DelegatingFilterProxy.invokeDelegate(DelegatingFilterProxy.java:352) ~[spring-web-6.1.6.jar:6.1.6]
	at org.springframework.web.filter.DelegatingFilterProxy.doFilter(DelegatingFilterProxy.java:268) ~[spring-web-6.1.6.jar:6.1.6]
	at org.apache.catalina.core.ApplicationFilterChain.internalDoFilter(ApplicationFilterChain.java:175) ~[tomcat-embed-core-10.1.20.jar:10.1.20]
	at org.apache.catalina.core.ApplicationFilterChain.doFilter(ApplicationFilterChain.java:150) ~[tomcat-embed-core-10.1.20.jar:10.1.20]
	at org.springframework.web.filter.RequestContextFilter.doFilterInternal(RequestContextFilter.java:100) ~[spring-web-6.1.6.jar:6.1.6]
	at org.springframework.web.filter.OncePerRequestFilter.doFilter(OncePerRequestFilter.java:116) ~[spring-web-6.1.6.jar:6.1.6]
	at org.apache.catalina.core.ApplicationFilterChain.internalDoFilter(ApplicationFilterChain.java:175) ~[tomcat-embed-core-10.1.20.jar:10.1.20]
	at org.apache.catalina.core.ApplicationFilterChain.doFilter(ApplicationFilterChain.java:150) ~[tomcat-embed-core-10.1.20.jar:10.1.20]
	at org.springframework.web.filter.FormContentFilter.doFilterInternal(FormContentFilter.java:93) ~[spring-web-6.1.6.jar:6.1.6]
	at org.springframework.web.filter.OncePerRequestFilter.doFilter(OncePerRequestFilter.java:116) ~[spring-web-6.1.6.jar:6.1.6]
	at org.apache.catalina.core.ApplicationFilterChain.internalDoFilter(ApplicationFilterChain.java:175) ~[tomcat-embed-core-10.1.20.jar:10.1.20]
	at org.apache.catalina.core.ApplicationFilterChain.doFilter(ApplicationFilterChain.java:150) ~[tomcat-embed-core-10.1.20.jar:10.1.20]
	at org.springframework.web.filter.CharacterEncodingFilter.doFilterInternal(CharacterEncodingFilter.java:201) ~[spring-web-6.1.6.jar:6.1.6]
	at org.springframework.web.filter.OncePerRequestFilter.doFilter(OncePerRequestFilter.java:116) ~[spring-web-6.1.6.jar:6.1.6]
	at org.apache.catalina.core.ApplicationFilterChain.internalDoFilter(ApplicationFilterChain.java:175) ~[tomcat-embed-core-10.1.20.jar:10.1.20]
	at org.apache.catalina.core.ApplicationFilterChain.doFilter(ApplicationFilterChain.java:150) ~[tomcat-embed-core-10.1.20.jar:10.1.20]
	at org.apache.catalina.core.StandardWrapperValve.invoke(StandardWrapperValve.java:167) ~[tomcat-embed-core-10.1.20.jar:10.1.20]
	at org.apache.catalina.core.StandardContextValve.invoke(StandardContextValve.java:90) ~[tomcat-embed-core-10.1.20.jar:10.1.20]
	at org.apache.catalina.authenticator.AuthenticatorBase.invoke(AuthenticatorBase.java:482) ~[tomcat-embed-core-10.1.20.jar:10.1.20]
	at org.apache.catalina.core.StandardHostValve.invoke(StandardHostValve.java:115) ~[tomcat-embed-core-10.1.20.jar:10.1.20]
	at org.apache.catalina.valves.ErrorReportValve.invoke(ErrorReportValve.java:93) ~[tomcat-embed-core-10.1.20.jar:10.1.20]
	at org.apache.catalina.core.StandardEngineValve.invoke(StandardEngineValve.java:74) ~[tomcat-embed-core-10.1.20.jar:10.1.20]
	at org.apache.catalina.connector.CoyoteAdapter.service(CoyoteAdapter.java:344) ~[tomcat-embed-core-10.1.20.jar:10.1.20]
	at org.apache.coyote.http11.Http11Processor.service(Http11Processor.java:391) ~[tomcat-embed-core-10.1.20.jar:10.1.20]
	at org.apache.coyote.AbstractProcessorLight.process(AbstractProcessorLight.java:63) ~[tomcat-embed-core-10.1.20.jar:10.1.20]
	at org.apache.coyote.AbstractProtocol$ConnectionHandler.process(AbstractProtocol.java:896) ~[tomcat-embed-core-10.1.20.jar:10.1.20]
	at org.apache.tomcat.util.net.NioEndpoint$SocketProcessor.doRun(NioEndpoint.java:1736) ~[tomcat-embed-core-10.1.20.jar:10.1.20]
	at org.apache.tomcat.util.net.SocketProcessorBase.run(SocketProcessorBase.java:52) ~[tomcat-embed-core-10.1.20.jar:10.1.20]
	at org.apache.tomcat.util.threads.ThreadPoolExecutor.runWorker(ThreadPoolExecutor.java:1191) ~[tomcat-embed-core-10.1.20.jar:10.1.20]
	at org.apache.tomcat.util.threads.ThreadPoolExecutor$Worker.run(ThreadPoolExecutor.java:659) ~[tomcat-embed-core-10.1.20.jar:10.1.20]
	at org.apache.tomcat.util.threads.TaskThread$WrappingRunnable.run(TaskThread.java:63) ~[tomcat-embed-core-10.1.20.jar:10.1.20]
	at java.base/java.lang.Thread.run(Thread.java:1474) ~[na:na]

2026-08-13T00:50:26.820+05:30 DEBUG 334182 --- [demo] [nio-8081-exec-2] o.s.security.web.FilterChainProxy        : Securing POST /error
2026-08-13T00:50:26.820+05:30 DEBUG 334182 --- [demo] [nio-8081-exec-2] o.s.s.w.a.AnonymousAuthenticationFilter  : Set SecurityContextHolder to anonymous SecurityContext
2026-08-13T00:50:26.821+05:30 ERROR 334182 --- [demo] [nio-8081-exec-2] c.t.backend.security.AuthEntryPointJwt   : Unauthorized error: Full authentication is required to access this resource
2026-08-13T00:50:26.830+05:30 DEBUG 334182 --- [demo] [nio-8081-exec-3] s.s.w.f.HttpStatusRequestRejectedHandler : Rejecting request due to: The request was rejected because the URL contained a potentially malicious String "//"

org.springframework.security.web.firewall.RequestRejectedException: The request was rejected because the URL contained a potentially malicious String "//"
	at org.springframework.security.web.firewall.StrictHttpFirewall.rejectedBlocklistedUrls(StrictHttpFirewall.java:539) ~[spring-security-web-6.2.4.jar:6.2.4]
	at org.springframework.security.web.firewall.StrictHttpFirewall.getFirewalledRequest(StrictHttpFirewall.java:509) ~[spring-security-web-6.2.4.jar:6.2.4]
	at org.springframework.security.web.FilterChainProxy.doFilterInternal(FilterChainProxy.java:211) ~[spring-security-web-6.2.4.jar:6.2.4]
	at org.springframework.security.web.FilterChainProxy.doFilter(FilterChainProxy.java:191) ~[spring-security-web-6.2.4.jar:6.2.4]
	at org.springframework.web.filter.CompositeFilter$VirtualFilterChain.doFilter(CompositeFilter.java:113) ~[spring-web-6.1.6.jar:6.1.6]
	at org.springframework.web.servlet.handler.HandlerMappingIntrospector.lambda$createCacheFilter$3(HandlerMappingIntrospector.java:195) ~[spring-webmvc-6.1.6.jar:6.1.6]
	at org.springframework.web.filter.CompositeFilter$VirtualFilterChain.doFilter(CompositeFilter.java:113) ~[spring-web-6.1.6.jar:6.1.6]
	at org.springframework.web.filter.CompositeFilter.doFilter(CompositeFilter.java:74) ~[spring-web-6.1.6.jar:6.1.6]
	at org.springframework.security.config.annotation.web.configuration.WebMvcSecurityConfiguration$CompositeFilterChainProxy.doFilter(WebMvcSecurityConfiguration.java:230) ~[spring-security-config-6.2.4.jar:6.2.4]
	at org.springframework.web.filter.DelegatingFilterProxy.invokeDelegate(DelegatingFilterProxy.java:352) ~[spring-web-6.1.6.jar:6.1.6]
	at org.springframework.web.filter.DelegatingFilterProxy.doFilter(DelegatingFilterProxy.java:268) ~[spring-web-6.1.6.jar:6.1.6]
	at org.apache.catalina.core.ApplicationFilterChain.internalDoFilter(ApplicationFilterChain.java:175) ~[tomcat-embed-core-10.1.20.jar:10.1.20]
	at org.apache.catalina.core.ApplicationFilterChain.doFilter(ApplicationFilterChain.java:150) ~[tomcat-embed-core-10.1.20.jar:10.1.20]
	at org.springframework.web.filter.RequestContextFilter.doFilterInternal(RequestContextFilter.java:100) ~[spring-web-6.1.6.jar:6.1.6]
	at org.springframework.web.filter.OncePerRequestFilter.doFilter(OncePerRequestFilter.java:116) ~[spring-web-6.1.6.jar:6.1.6]
	at org.apache.catalina.core.ApplicationFilterChain.internalDoFilter(ApplicationFilterChain.java:175) ~[tomcat-embed-core-10.1.20.jar:10.1.20]
	at org.apache.catalina.core.ApplicationFilterChain.doFilter(ApplicationFilterChain.java:150) ~[tomcat-embed-core-10.1.20.jar:10.1.20]
	at org.springframework.web.filter.FormContentFilter.doFilterInternal(FormContentFilter.java:93) ~[spring-web-6.1.6.jar:6.1.6]
	at org.springframework.web.filter.OncePerRequestFilter.doFilter(OncePerRequestFilter.java:116) ~[spring-web-6.1.6.jar:6.1.6]
	at org.apache.catalina.core.ApplicationFilterChain.internalDoFilter(ApplicationFilterChain.java:175) ~[tomcat-embed-core-10.1.20.jar:10.1.20]
	at org.apache.catalina.core.ApplicationFilterChain.doFilter(ApplicationFilterChain.java:150) ~[tomcat-embed-core-10.1.20.jar:10.1.20]
	at org.springframework.web.filter.CharacterEncodingFilter.doFilterInternal(CharacterEncodingFilter.java:201) ~[spring-web-6.1.6.jar:6.1.6]
	at org.springframework.web.filter.OncePerRequestFilter.doFilter(OncePerRequestFilter.java:116) ~[spring-web-6.1.6.jar:6.1.6]
	at org.apache.catalina.core.ApplicationFilterChain.internalDoFilter(ApplicationFilterChain.java:175) ~[tomcat-embed-core-10.1.20.jar:10.1.20]
	at org.apache.catalina.core.ApplicationFilterChain.doFilter(ApplicationFilterChain.java:150) ~[tomcat-embed-core-10.1.20.jar:10.1.20]
	at org.apache.catalina.core.StandardWrapperValve.invoke(StandardWrapperValve.java:167) ~[tomcat-embed-core-10.1.20.jar:10.1.20]
	at org.apache.catalina.core.StandardContextValve.invoke(StandardContextValve.java:90) ~[tomcat-embed-core-10.1.20.jar:10.1.20]
	at org.apache.catalina.authenticator.AuthenticatorBase.invoke(AuthenticatorBase.java:482) ~[tomcat-embed-core-10.1.20.jar:10.1.20]
	at org.apache.catalina.core.StandardHostValve.invoke(StandardHostValve.java:115) ~[tomcat-embed-core-10.1.20.jar:10.1.20]
	at org.apache.catalina.valves.ErrorReportValve.invoke(ErrorReportValve.java:93) ~[tomcat-embed-core-10.1.20.jar:10.1.20]
	at org.apache.catalina.core.StandardEngineValve.invoke(StandardEngineValve.java:74) ~[tomcat-embed-core-10.1.20.jar:10.1.20]
	at org.apache.catalina.connector.CoyoteAdapter.service(CoyoteAdapter.java:344) ~[tomcat-embed-core-10.1.20.jar:10.1.20]
	at org.apache.coyote.http11.Http11Processor.service(Http11Processor.java:391) ~[tomcat-embed-core-10.1.20.jar:10.1.20]
	at org.apache.coyote.AbstractProcessorLight.process(AbstractProcessorLight.java:63) ~[tomcat-embed-core-10.1.20.jar:10.1.20]
	at org.apache.coyote.AbstractProtocol$ConnectionHandler.process(AbstractProtocol.java:896) ~[tomcat-embed-core-10.1.20.jar:10.1.20]
	at org.apache.tomcat.util.net.NioEndpoint$SocketProcessor.doRun(NioEndpoint.java:1736) ~[tomcat-embed-core-10.1.20.jar:10.1.20]
	at org.apache.tomcat.util.net.SocketProcessorBase.run(SocketProcessorBase.java:52) ~[tomcat-embed-core-10.1.20.jar:10.1.20]
	at org.apache.tomcat.util.threads.ThreadPoolExecutor.runWorker(ThreadPoolExecutor.java:1191) ~[tomcat-embed-core-10.1.20.jar:10.1.20]
	at org.apache.tomcat.util.threads.ThreadPoolExecutor$Worker.run(ThreadPoolExecutor.java:659) ~[tomcat-embed-core-10.1.20.jar:10.1.20]
	at org.apache.tomcat.util.threads.TaskThread$WrappingRunnable.run(TaskThread.java:63) ~[tomcat-embed-core-10.1.20.jar:10.1.20]
	at java.base/java.lang.Thread.run(Thread.java:1474) ~[na:na]

2026-08-13T00:50:26.831+05:30 DEBUG 334182 --- [demo] [nio-8081-exec-3] o.s.security.web.FilterChainProxy        : Securing POST /error
2026-08-13T00:50:26.831+05:30 DEBUG 334182 --- [demo] [nio-8081-exec-3] o.s.s.w.a.AnonymousAuthenticationFilter  : Set SecurityContextHolder to anonymous SecurityContext
2026-08-13T00:50:26.831+05:30 ERROR 334182 --- [demo] [nio-8081-exec-3] c.t.backend.security.AuthEntryPointJwt   : Unauthorized error: Full authentication is required to access this resource
2026-08-13T00:50:26.867+05:30 DEBUG 334182 --- [demo] [nio-8081-exec-5] s.s.w.f.HttpStatusRequestRejectedHandler : Rejecting request due to: The request was rejected because the URL contained a potentially malicious String "//"

org.springframework.security.web.firewall.RequestRejectedException: The request was rejected because the URL contained a potentially malicious String "//"
	at org.springframework.security.web.firewall.StrictHttpFirewall.rejectedBlocklistedUrls(StrictHttpFirewall.java:539) ~[spring-security-web-6.2.4.jar:6.2.4]
	at org.springframework.security.web.firewall.StrictHttpFirewall.getFirewalledRequest(StrictHttpFirewall.java:509) ~[spring-security-web-6.2.4.jar:6.2.4]
	at org.springframework.security.web.FilterChainProxy.doFilterInternal(FilterChainProxy.java:211) ~[spring-security-web-6.2.4.jar:6.2.4]
	at org.springframework.security.web.FilterChainProxy.doFilter(FilterChainProxy.java:191) ~[spring-security-web-6.2.4.jar:6.2.4]
	at org.springframework.web.filter.CompositeFilter$VirtualFilterChain.doFilter(CompositeFilter.java:113) ~[spring-web-6.1.6.jar:6.1.6]
	at org.springframework.web.servlet.handler.HandlerMappingIntrospector.lambda$createCacheFilter$3(HandlerMappingIntrospector.java:195) ~[spring-webmvc-6.1.6.jar:6.1.6]
	at org.springframework.web.filter.CompositeFilter$VirtualFilterChain.doFilter(CompositeFilter.java:113) ~[spring-web-6.1.6.jar:6.1.6]
	at org.springframework.web.filter.CompositeFilter.doFilter(CompositeFilter.java:74) ~[spring-web-6.1.6.jar:6.1.6]
	at org.springframework.security.config.annotation.web.configuration.WebMvcSecurityConfiguration$CompositeFilterChainProxy.doFilter(WebMvcSecurityConfiguration.java:230) ~[spring-security-config-6.2.4.jar:6.2.4]
	at org.springframework.web.filter.DelegatingFilterProxy.invokeDelegate(DelegatingFilterProxy.java:352) ~[spring-web-6.1.6.jar:6.1.6]
	at org.springframework.web.filter.DelegatingFilterProxy.doFilter(DelegatingFilterProxy.java:268) ~[spring-web-6.1.6.jar:6.1.6]
	at org.apache.catalina.core.ApplicationFilterChain.internalDoFilter(ApplicationFilterChain.java:175) ~[tomcat-embed-core-10.1.20.jar:10.1.20]
	at org.apache.catalina.core.ApplicationFilterChain.doFilter(ApplicationFilterChain.java:150) ~[tomcat-embed-core-10.1.20.jar:10.1.20]
	at org.springframework.web.filter.RequestContextFilter.doFilterInternal(RequestContextFilter.java:100) ~[spring-web-6.1.6.jar:6.1.6]
	at org.springframework.web.filter.OncePerRequestFilter.doFilter(OncePerRequestFilter.java:116) ~[spring-web-6.1.6.jar:6.1.6]
	at org.apache.catalina.core.ApplicationFilterChain.internalDoFilter(ApplicationFilterChain.java:175) ~[tomcat-embed-core-10.1.20.jar:10.1.20]
	at org.apache.catalina.core.ApplicationFilterChain.doFilter(ApplicationFilterChain.java:150) ~[tomcat-embed-core-10.1.20.jar:10.1.20]
	at org.springframework.web.filter.FormContentFilter.doFilterInternal(FormContentFilter.java:93) ~[spring-web-6.1.6.jar:6.1.6]
	at org.springframework.web.filter.OncePerRequestFilter.doFilter(OncePerRequestFilter.java:116) ~[spring-web-6.1.6.jar:6.1.6]
	at org.apache.catalina.core.ApplicationFilterChain.internalDoFilter(ApplicationFilterChain.java:175) ~[tomcat-embed-core-10.1.20.jar:10.1.20]
	at org.apache.catalina.core.ApplicationFilterChain.doFilter(ApplicationFilterChain.java:150) ~[tomcat-embed-core-10.1.20.jar:10.1.20]
	at org.springframework.web.filter.CharacterEncodingFilter.doFilterInternal(CharacterEncodingFilter.java:201) ~[spring-web-6.1.6.jar:6.1.6]
	at org.springframework.web.filter.OncePerRequestFilter.doFilter(OncePerRequestFilter.java:116) ~[spring-web-6.1.6.jar:6.1.6]
	at org.apache.catalina.core.ApplicationFilterChain.internalDoFilter(ApplicationFilterChain.java:175) ~[tomcat-embed-core-10.1.20.jar:10.1.20]
	at org.apache.catalina.core.ApplicationFilterChain.doFilter(ApplicationFilterChain.java:150) ~[tomcat-embed-core-10.1.20.jar:10.1.20]
	at org.apache.catalina.core.StandardWrapperValve.invoke(StandardWrapperValve.java:167) ~[tomcat-embed-core-10.1.20.jar:10.1.20]
	at org.apache.catalina.core.StandardContextValve.invoke(StandardContextValve.java:90) ~[tomcat-embed-core-10.1.20.jar:10.1.20]
	at org.apache.catalina.authenticator.AuthenticatorBase.invoke(AuthenticatorBase.java:482) ~[tomcat-embed-core-10.1.20.jar:10.1.20]
	at org.apache.catalina.core.StandardHostValve.invoke(StandardHostValve.java:115) ~[tomcat-embed-core-10.1.20.jar:10.1.20]
	at org.apache.catalina.valves.ErrorReportValve.invoke(ErrorReportValve.java:93) ~[tomcat-embed-core-10.1.20.jar:10.1.20]
	at org.apache.catalina.core.StandardEngineValve.invoke(StandardEngineValve.java:74) ~[tomcat-embed-core-10.1.20.jar:10.1.20]
	at org.apache.catalina.connector.CoyoteAdapter.service(CoyoteAdapter.java:344) ~[tomcat-embed-core-10.1.20.jar:10.1.20]
	at org.apache.coyote.http11.Http11Processor.service(Http11Processor.java:391) ~[tomcat-embed-core-10.1.20.jar:10.1.20]
	at org.apache.coyote.AbstractProcessorLight.process(AbstractProcessorLight.java:63) ~[tomcat-embed-core-10.1.20.jar:10.1.20]
	at org.apache.coyote.AbstractProtocol$ConnectionHandler.process(AbstractProtocol.java:896) ~[tomcat-embed-core-10.1.20.jar:10.1.20]
	at org.apache.tomcat.util.net.NioEndpoint$SocketProcessor.doRun(NioEndpoint.java:1736) ~[tomcat-embed-core-10.1.20.jar:10.1.20]
	at org.apache.tomcat.util.net.SocketProcessorBase.run(SocketProcessorBase.java:52) ~[tomcat-embed-core-10.1.20.jar:10.1.20]
	at org.apache.tomcat.util.threads.ThreadPoolExecutor.runWorker(ThreadPoolExecutor.java:1191) ~[tomcat-embed-core-10.1.20.jar:10.1.20]
	at org.apache.tomcat.util.threads.ThreadPoolExecutor$Worker.run(ThreadPoolExecutor.java:659) ~[tomcat-embed-core-10.1.20.jar:10.1.20]
	at org.apache.tomcat.util.threads.TaskThread$WrappingRunnable.run(TaskThread.java:63) ~[tomcat-embed-core-10.1.20.jar:10.1.20]
	at java.base/java.lang.Thread.run(Thread.java:1474) ~[na:na]

2026-08-13T00:50:26.868+05:30 DEBUG 334182 --- [demo] [nio-8081-exec-5] o.s.security.web.FilterChainProxy        : Securing POST /error
2026-08-13T00:50:26.868+05:30 DEBUG 334182 --- [demo] [nio-8081-exec-5] o.s.s.w.a.AnonymousAuthenticationFilter  : Set SecurityContextHolder to anonymous SecurityContext
2026-08-13T00:50:26.868+05:30 ERROR 334182 --- [demo] [nio-8081-exec-5] c.t.backend.security.AuthEntryPointJwt   : Unauthorized error: Full authentication is required to access this resource
2026-08-13T00:50:26.876+05:30 DEBUG 334182 --- [demo] [nio-8081-exec-8] o.s.security.web.FilterChainProxy        : Securing GET /api/org/projects/828c7eb0-cfb9-4b7b-8ae6-5a40302c917e/escrow
Hibernate: 
    select
        u1_0.id,
        u1_0.created_at,
        u1_0.email,
        u1_0.full_name,
        u1_0.is_verified,
        u1_0.password_hash,
        u1_0.phone,
        u1_0.role,
        u1_0.updated_at 
    from
        users u1_0 
    where
        u1_0.email=?
2026-08-13T00:50:26.880+05:30 DEBUG 334182 --- [demo] [nio-8081-exec-8] o.s.security.web.FilterChainProxy        : Secured GET /api/org/projects/828c7eb0-cfb9-4b7b-8ae6-5a40302c917e/escrow
2026-08-13T00:50:26.880+05:30 DEBUG 334182 --- [demo] [nio-8081-exec-8] horizationManagerBeforeMethodInterceptor : Authorizing method invocation ReflectiveMethodInvocation: public org.springframework.http.ResponseEntity com.transparencychain.backend.controller.OrgCommitmentController.getEscrowByProject(java.util.UUID); target is of class [com.transparencychain.backend.controller.OrgCommitmentController]
2026-08-13T00:50:26.880+05:30 DEBUG 334182 --- [demo] [nio-8081-exec-8] horizationManagerBeforeMethodInterceptor : Authorized method invocation ReflectiveMethodInvocation: public org.springframework.http.ResponseEntity com.transparencychain.backend.controller.OrgCommitmentController.getEscrowByProject(java.util.UUID); target is of class [com.transparencychain.backend.controller.OrgCommitmentController]
Hibernate: 
    select
        ea1_0.id,
        ea1_0.locked_amount,
        ea1_0.project_id,
        ea1_0.released_amount,
        ea1_0.status 
    from
        escrow_accounts ea1_0 
    left join
        projects p1_0 
            on p1_0.id=ea1_0.project_id 
    where
        p1_0.id=?
2026-08-13T00:50:26.896+05:30 DEBUG 334182 --- [demo] [nio-8081-exec-9] o.s.security.web.FilterChainProxy        : Securing GET /api/org/projects/828c7eb0-cfb9-4b7b-8ae6-5a40302c917e
Hibernate: 
    select
        u1_0.id,
        u1_0.created_at,
        u1_0.email,
        u1_0.full_name,
        u1_0.is_verified,
        u1_0.password_hash,
        u1_0.phone,
        u1_0.role,
        u1_0.updated_at 
    from
        users u1_0 
    where
        u1_0.email=?
2026-08-13T00:50:26.900+05:30 DEBUG 334182 --- [demo] [nio-8081-exec-9] o.s.security.web.FilterChainProxy        : Secured GET /api/org/projects/828c7eb0-cfb9-4b7b-8ae6-5a40302c917e
2026-08-13T00:50:26.901+05:30 DEBUG 334182 --- [demo] [nio-8081-exec-9] horizationManagerBeforeMethodInterceptor : Authorizing method invocation ReflectiveMethodInvocation: public org.springframework.http.ResponseEntity com.transparencychain.backend.controller.OrgProjectController.getProjectDetail(java.util.UUID); target is of class [com.transparencychain.backend.controller.OrgProjectController]
2026-08-13T00:50:26.901+05:30 DEBUG 334182 --- [demo] [nio-8081-exec-9] horizationManagerBeforeMethodInterceptor : Authorized method invocation ReflectiveMethodInvocation: public org.springframework.http.ResponseEntity com.transparencychain.backend.controller.OrgProjectController.getProjectDetail(java.util.UUID); target is of class [com.transparencychain.backend.controller.OrgProjectController]
Hibernate: 
    select
        fp1_0.id,
        fp1_0.cin_number,
        fp1_0.org_name,
        fp1_0.org_type,
        fp1_0.total_donated,
        fp1_0.user_id 
    from
        funder_profiles fp1_0 
    left join
        users u1_0 
            on u1_0.id=fp1_0.user_id 
    where
        u1_0.id=?
Hibernate: 
    select
        p1_0.id,
        p1_0.created_at,
        p1_0.description,
        p1_0.expected_beneficiaries,
        p1_0.funder_id,
        p1_0.geography,
        p1_0.impact_kpi,
        p1_0.latitude,
        p1_0.longitude,
        p1_0.ngo_id,
        p1_0.project_duration,
        p1_0.sdg_goal,
        p1_0.sdg_target,
        p1_0.status,
        p1_0.title,
        p1_0.total_budget 
    from
        projects p1_0 
    where
        p1_0.id=?
Hibernate: 
    select
        ope1_0.id,
        ope1_0.committed_at,
        ope1_0.funder_id,
        ope1_0.project_id,
        ope1_0.status,
        ope1_0.viewed_at 
    from
        org_project_engagements ope1_0 
    left join
        funder_profiles f1_0 
            on f1_0.id=ope1_0.funder_id 
    left join
        projects p1_0 
            on p1_0.id=ope1_0.project_id 
    where
        f1_0.id=? 
        and p1_0.id=?
Hibernate: 
    select
        m1_0.id,
        m1_0.additional_allocated_amount,
        m1_0.amount_allocated,
        m1_0.current_version_id,
        m1_0.description,
        m1_0.due_date,
        m1_0.project_id,
        m1_0.released_amount,
        m1_0.required_evidence,
        m1_0.sequence_number,
        m1_0.status,
        m1_0.title,
        m1_0.verification_requirements 
    from
        milestones m1_0 
    left join
        projects p1_0 
            on p1_0.id=m1_0.project_id 
    where
        p1_0.id=?
Hibernate: 
    select
        np1_0.id,
        np1_0.auditor_membership_number,
        np1_0.auditor_name,
        np1_0.authorized_signatory_designation,
        np1_0.authorized_signatory_name,
        np1_0.authorized_signatory_pan,
        np1_0.bank_account_name,
        np1_0.bank_account_number_encrypted,
        np1_0.contact_email,
        np1_0.contact_phone,
        np1_0.csr1registration_number,
        np1_0.darpan_id,
        np1_0.date_of_establishment,
        np1_0.fcra_number,
        np1_0.focus_sdg_goals,
        np1_0.gstin,
        np1_0.ifsc_code,
        np1_0.latitude,
        np1_0.longitude,
        np1_0.operational_states,
        np1_0.org_name,
        np1_0.pan_number,
        np1_0.reg12a_number,
        np1_0.reg80g_number,
        np1_0.registered_address,
        np1_0.registration_number,
        np1_0.registration_type,
        np1_0.trust_score,
        np1_0.user_id,
        np1_0.verification_status,
        np1_0.verified_at,
        np1_0.website 
    from
        ngo_profiles np1_0 
    where
        np1_0.id=?
2026-08-13T00:51:46.108+05:30 DEBUG 334182 --- [demo] [nio-8081-exec-2] o.s.security.web.FilterChainProxy        : Securing POST /api/v1/auth/login
2026-08-13T00:51:46.109+05:30 DEBUG 334182 --- [demo] [nio-8081-exec-2] o.s.s.w.a.AnonymousAuthenticationFilter  : Set SecurityContextHolder to anonymous SecurityContext
2026-08-13T00:51:46.109+05:30 DEBUG 334182 --- [demo] [nio-8081-exec-2] o.s.security.web.FilterChainProxy        : Secured POST /api/v1/auth/login
Hibernate: 
    select
        u1_0.id,
        u1_0.created_at,
        u1_0.email,
        u1_0.full_name,
        u1_0.is_verified,
        u1_0.password_hash,
        u1_0.phone,
        u1_0.role,
        u1_0.updated_at 
    from
        users u1_0 
    where
        u1_0.email=?
2026-08-13T00:51:46.196+05:30 DEBUG 334182 --- [demo] [nio-8081-exec-2] o.s.s.a.dao.DaoAuthenticationProvider    : Authenticated user
2026-08-13T00:51:46.237+05:30 DEBUG 334182 --- [demo] [nio-8081-exec-4] o.s.security.web.FilterChainProxy        : Securing POST /api/v1/auth/login
2026-08-13T00:51:46.237+05:30 DEBUG 334182 --- [demo] [nio-8081-exec-4] o.s.s.w.a.AnonymousAuthenticationFilter  : Set SecurityContextHolder to anonymous SecurityContext
2026-08-13T00:51:46.237+05:30 DEBUG 334182 --- [demo] [nio-8081-exec-4] o.s.security.web.FilterChainProxy        : Secured POST /api/v1/auth/login
Hibernate: 
    select
        u1_0.id,
        u1_0.created_at,
        u1_0.email,
        u1_0.full_name,
        u1_0.is_verified,
        u1_0.password_hash,
        u1_0.phone,
        u1_0.role,
        u1_0.updated_at 
    from
        users u1_0 
    where
        u1_0.email=?
2026-08-13T00:51:46.313+05:30 DEBUG 334182 --- [demo] [nio-8081-exec-4] o.s.s.a.dao.DaoAuthenticationProvider    : Authenticated user
2026-08-13T00:51:46.362+05:30 DEBUG 334182 --- [demo] [nio-8081-exec-3] o.s.security.web.FilterChainProxy        : Securing POST /api/v1/auth/login
2026-08-13T00:51:46.362+05:30 DEBUG 334182 --- [demo] [nio-8081-exec-3] o.s.s.w.a.AnonymousAuthenticationFilter  : Set SecurityContextHolder to anonymous SecurityContext
2026-08-13T00:51:46.362+05:30 DEBUG 334182 --- [demo] [nio-8081-exec-3] o.s.security.web.FilterChainProxy        : Secured POST /api/v1/auth/login
Hibernate: 
    select
        u1_0.id,
        u1_0.created_at,
        u1_0.email,
        u1_0.full_name,
        u1_0.is_verified,
        u1_0.password_hash,
        u1_0.phone,
        u1_0.role,
        u1_0.updated_at 
    from
        users u1_0 
    where
        u1_0.email=?
2026-08-13T00:51:46.440+05:30 DEBUG 334182 --- [demo] [nio-8081-exec-3] o.s.s.a.dao.DaoAuthenticationProvider    : Authenticated user
2026-08-13T00:51:46.499+05:30 DEBUG 334182 --- [demo] [nio-8081-exec-6] o.s.security.web.FilterChainProxy        : Securing GET /api/org/projects
2026-08-13T00:51:46.500+05:30 DEBUG 334182 --- [demo] [nio-8081-exec-6] o.s.s.w.a.AnonymousAuthenticationFilter  : Set SecurityContextHolder to anonymous SecurityContext
2026-08-13T00:51:46.500+05:30 ERROR 334182 --- [demo] [nio-8081-exec-6] c.t.backend.security.AuthEntryPointJwt   : Unauthorized error: Full authentication is required to access this resource
2026-08-13T00:51:46.501+05:30 DEBUG 334182 --- [demo] [nio-8081-exec-6] o.s.security.web.FilterChainProxy        : Securing GET /error
2026-08-13T00:51:46.501+05:30 DEBUG 334182 --- [demo] [nio-8081-exec-6] o.s.s.w.a.AnonymousAuthenticationFilter  : Set SecurityContextHolder to anonymous SecurityContext
2026-08-13T00:51:46.501+05:30 ERROR 334182 --- [demo] [nio-8081-exec-6] c.t.backend.security.AuthEntryPointJwt   : Unauthorized error: Full authentication is required to access this resource
2026-08-13T00:51:46.525+05:30 DEBUG 334182 --- [demo] [nio-8081-exec-7] o.s.security.web.FilterChainProxy        : Securing GET /api/org/projects
Hibernate: 
    select
        u1_0.id,
        u1_0.created_at,
        u1_0.email,
        u1_0.full_name,
        u1_0.is_verified,
        u1_0.password_hash,
        u1_0.phone,
        u1_0.role,
        u1_0.updated_at 
    from
        users u1_0 
    where
        u1_0.email=?
2026-08-13T00:51:46.531+05:30 DEBUG 334182 --- [demo] [nio-8081-exec-7] o.s.security.web.FilterChainProxy        : Secured GET /api/org/projects
2026-08-13T00:51:46.531+05:30 DEBUG 334182 --- [demo] [nio-8081-exec-7] horizationManagerBeforeMethodInterceptor : Authorizing method invocation ReflectiveMethodInvocation: public org.springframework.http.ResponseEntity com.transparencychain.backend.controller.OrgProjectController.browseProjects(com.transparencychain.backend.model.Project$SdgGoal,java.lang.String,java.math.BigDecimal,java.math.BigDecimal); target is of class [com.transparencychain.backend.controller.OrgProjectController]
2026-08-13T00:51:46.532+05:30 DEBUG 334182 --- [demo] [nio-8081-exec-7] horizationManagerBeforeMethodInterceptor : Failed to authorize ReflectiveMethodInvocation: public org.springframework.http.ResponseEntity com.transparencychain.backend.controller.OrgProjectController.browseProjects(com.transparencychain.backend.model.Project$SdgGoal,java.lang.String,java.math.BigDecimal,java.math.BigDecimal); target is of class [com.transparencychain.backend.controller.OrgProjectController] with authorization manager org.springframework.security.config.annotation.method.configuration.DeferringObservationAuthorizationManager@5e0c0355 and decision ExpressionAuthorizationDecision [granted=false, expressionAttribute=hasRole('FUNDER')]
2026-08-13T00:51:46.532+05:30 DEBUG 334182 --- [demo] [nio-8081-exec-7] o.s.s.w.access.AccessDeniedHandlerImpl   : Responding with 403 status code
2026-08-13T00:51:46.533+05:30 DEBUG 334182 --- [demo] [nio-8081-exec-7] o.s.security.web.FilterChainProxy        : Securing GET /error
2026-08-13T00:51:46.533+05:30 DEBUG 334182 --- [demo] [nio-8081-exec-7] o.s.s.w.a.AnonymousAuthenticationFilter  : Set SecurityContextHolder to anonymous SecurityContext
2026-08-13T00:51:46.533+05:30 ERROR 334182 --- [demo] [nio-8081-exec-7] c.t.backend.security.AuthEntryPointJwt   : Unauthorized error: Full authentication is required to access this resource
2026-08-13T00:51:46.544+05:30 DEBUG 334182 --- [demo] [nio-8081-exec-9] o.s.security.web.FilterChainProxy        : Securing GET /api/org/projects
Hibernate: 
    select
        u1_0.id,
        u1_0.created_at,
        u1_0.email,
        u1_0.full_name,
        u1_0.is_verified,
        u1_0.password_hash,
        u1_0.phone,
        u1_0.role,
        u1_0.updated_at 
    from
        users u1_0 
    where
        u1_0.email=?
2026-08-13T00:51:46.548+05:30 DEBUG 334182 --- [demo] [nio-8081-exec-9] o.s.security.web.FilterChainProxy        : Secured GET /api/org/projects
2026-08-13T00:51:46.549+05:30 DEBUG 334182 --- [demo] [nio-8081-exec-9] horizationManagerBeforeMethodInterceptor : Authorizing method invocation ReflectiveMethodInvocation: public org.springframework.http.ResponseEntity com.transparencychain.backend.controller.OrgProjectController.browseProjects(com.transparencychain.backend.model.Project$SdgGoal,java.lang.String,java.math.BigDecimal,java.math.BigDecimal); target is of class [com.transparencychain.backend.controller.OrgProjectController]
2026-08-13T00:51:46.549+05:30 DEBUG 334182 --- [demo] [nio-8081-exec-9] horizationManagerBeforeMethodInterceptor : Authorized method invocation ReflectiveMethodInvocation: public org.springframework.http.ResponseEntity com.transparencychain.backend.controller.OrgProjectController.browseProjects(com.transparencychain.backend.model.Project$SdgGoal,java.lang.String,java.math.BigDecimal,java.math.BigDecimal); target is of class [com.transparencychain.backend.controller.OrgProjectController]
Hibernate: 
    select
        fp1_0.id,
        fp1_0.cin_number,
        fp1_0.org_name,
        fp1_0.org_type,
        fp1_0.total_donated,
        fp1_0.user_id 
    from
        funder_profiles fp1_0 
    left join
        users u1_0 
            on u1_0.id=fp1_0.user_id 
    where
        u1_0.id=?
Hibernate: 
    select
        p1_0.id,
        p1_0.created_at,
        p1_0.description,
        p1_0.expected_beneficiaries,
        p1_0.funder_id,
        p1_0.geography,
        p1_0.impact_kpi,
        p1_0.latitude,
        p1_0.longitude,
        p1_0.ngo_id,
        p1_0.project_duration,
        p1_0.sdg_goal,
        p1_0.sdg_target,
        p1_0.status,
        p1_0.title,
        p1_0.total_budget 
    from
        projects p1_0 
    where
        p1_0.status in ('PUBLISHED', 'SUBMITTED', 'DRAFT', 'UNDER_REVIEW', 'APPROVED', 'FUNDED', 'ESCROWED', 'ACTIVE', 'IN_PROGRESS') 
        and (
            ? is null 
            or p1_0.sdg_goal=?
        ) 
        and (
            ? is null 
            or lower(p1_0.geography) like replace(lower(concat('%', ?, '%')), '\\', '\\\\')
        ) 
        and (
            ? is null 
            or p1_0.total_budget>=?
        ) 
        and (
            ? is null 
            or p1_0.total_budget<=?
        ) 
    order by
        p1_0.created_at desc
Hibernate: 
    select
        ope1_0.id,
        ope1_0.committed_at,
        ope1_0.funder_id,
        ope1_0.project_id,
        ope1_0.status,
        ope1_0.viewed_at 
    from
        org_project_engagements ope1_0 
    left join
        funder_profiles f1_0 
            on f1_0.id=ope1_0.funder_id 
    where
        f1_0.id=?
Hibernate: 
    select
        np1_0.id,
        np1_0.auditor_membership_number,
        np1_0.auditor_name,
        np1_0.authorized_signatory_designation,
        np1_0.authorized_signatory_name,
        np1_0.authorized_signatory_pan,
        np1_0.bank_account_name,
        np1_0.bank_account_number_encrypted,
        np1_0.contact_email,
        np1_0.contact_phone,
        np1_0.csr1registration_number,
        np1_0.darpan_id,
        np1_0.date_of_establishment,
        np1_0.fcra_number,
        np1_0.focus_sdg_goals,
        np1_0.gstin,
        np1_0.ifsc_code,
        np1_0.latitude,
        np1_0.longitude,
        np1_0.operational_states,
        np1_0.org_name,
        np1_0.pan_number,
        np1_0.reg12a_number,
        np1_0.reg80g_number,
        np1_0.registered_address,
        np1_0.registration_number,
        np1_0.registration_type,
        np1_0.trust_score,
        np1_0.user_id,
        np1_0.verification_status,
        np1_0.verified_at,
        np1_0.website 
    from
        ngo_profiles np1_0 
    where
        np1_0.id=?
2026-08-13T00:51:46.567+05:30 DEBUG 334182 --- [demo] [nio-8081-exec-1] o.s.security.web.FilterChainProxy        : Securing GET /api/org/projects
Hibernate: 
    select
        u1_0.id,
        u1_0.created_at,
        u1_0.email,
        u1_0.full_name,
        u1_0.is_verified,
        u1_0.password_hash,
        u1_0.phone,
        u1_0.role,
        u1_0.updated_at 
    from
        users u1_0 
    where
        u1_0.email=?
2026-08-13T00:51:46.572+05:30 DEBUG 334182 --- [demo] [nio-8081-exec-1] o.s.security.web.FilterChainProxy        : Secured GET /api/org/projects
2026-08-13T00:51:46.572+05:30 DEBUG 334182 --- [demo] [nio-8081-exec-1] horizationManagerBeforeMethodInterceptor : Authorizing method invocation ReflectiveMethodInvocation: public org.springframework.http.ResponseEntity com.transparencychain.backend.controller.OrgProjectController.browseProjects(com.transparencychain.backend.model.Project$SdgGoal,java.lang.String,java.math.BigDecimal,java.math.BigDecimal); target is of class [com.transparencychain.backend.controller.OrgProjectController]
2026-08-13T00:51:46.573+05:30 DEBUG 334182 --- [demo] [nio-8081-exec-1] horizationManagerBeforeMethodInterceptor : Authorized method invocation ReflectiveMethodInvocation: public org.springframework.http.ResponseEntity com.transparencychain.backend.controller.OrgProjectController.browseProjects(com.transparencychain.backend.model.Project$SdgGoal,java.lang.String,java.math.BigDecimal,java.math.BigDecimal); target is of class [com.transparencychain.backend.controller.OrgProjectController]
Hibernate: 
    select
        fp1_0.id,
        fp1_0.cin_number,
        fp1_0.org_name,
        fp1_0.org_type,
        fp1_0.total_donated,
        fp1_0.user_id 
    from
        funder_profiles fp1_0 
    left join
        users u1_0 
            on u1_0.id=fp1_0.user_id 
    where
        u1_0.id=?
Hibernate: 
    select
        p1_0.id,
        p1_0.created_at,
        p1_0.description,
        p1_0.expected_beneficiaries,
        p1_0.funder_id,
        p1_0.geography,
        p1_0.impact_kpi,
        p1_0.latitude,
        p1_0.longitude,
        p1_0.ngo_id,
        p1_0.project_duration,
        p1_0.sdg_goal,
        p1_0.sdg_target,
        p1_0.status,
        p1_0.title,
        p1_0.total_budget 
    from
        projects p1_0 
    where
        p1_0.status in ('PUBLISHED', 'SUBMITTED', 'DRAFT', 'UNDER_REVIEW', 'APPROVED', 'FUNDED', 'ESCROWED', 'ACTIVE', 'IN_PROGRESS') 
        and (
            ? is null 
            or p1_0.sdg_goal=?
        ) 
        and (
            ? is null 
            or lower(p1_0.geography) like replace(lower(concat('%', ?, '%')), '\\', '\\\\')
        ) 
        and (
            ? is null 
            or p1_0.total_budget>=?
        ) 
        and (
            ? is null 
            or p1_0.total_budget<=?
        ) 
    order by
        p1_0.created_at desc
Hibernate: 
    select
        ope1_0.id,
        ope1_0.committed_at,
        ope1_0.funder_id,
        ope1_0.project_id,
        ope1_0.status,
        ope1_0.viewed_at 
    from
        org_project_engagements ope1_0 
    left join
        funder_profiles f1_0 
            on f1_0.id=ope1_0.funder_id 
    where
        f1_0.id=?
Hibernate: 
    select
        np1_0.id,
        np1_0.auditor_membership_number,
        np1_0.auditor_name,
        np1_0.authorized_signatory_designation,
        np1_0.authorized_signatory_name,
        np1_0.authorized_signatory_pan,
        np1_0.bank_account_name,
        np1_0.bank_account_number_encrypted,
        np1_0.contact_email,
        np1_0.contact_phone,
        np1_0.csr1registration_number,
        np1_0.darpan_id,
        np1_0.date_of_establishment,
        np1_0.fcra_number,
        np1_0.focus_sdg_goals,
        np1_0.gstin,
        np1_0.ifsc_code,
        np1_0.latitude,
        np1_0.longitude,
        np1_0.operational_states,
        np1_0.org_name,
        np1_0.pan_number,
        np1_0.reg12a_number,
        np1_0.reg80g_number,
        np1_0.registered_address,
        np1_0.registration_number,
        np1_0.registration_type,
        np1_0.trust_score,
        np1_0.user_id,
        np1_0.verification_status,
        np1_0.verified_at,
        np1_0.website 
    from
        ngo_profiles np1_0 
    where
        np1_0.id=?
2026-08-13T00:51:46.599+05:30 DEBUG 334182 --- [demo] [nio-8081-exec-4] o.s.security.web.FilterChainProxy        : Securing GET /api/org/projects?sdgGoal=SDG3
Hibernate: 
    select
        u1_0.id,
        u1_0.created_at,
        u1_0.email,
        u1_0.full_name,
        u1_0.is_verified,
        u1_0.password_hash,
        u1_0.phone,
        u1_0.role,
        u1_0.updated_at 
    from
        users u1_0 
    where
        u1_0.email=?
2026-08-13T00:51:46.604+05:30 DEBUG 334182 --- [demo] [nio-8081-exec-4] o.s.security.web.FilterChainProxy        : Secured GET /api/org/projects?sdgGoal=SDG3
2026-08-13T00:51:46.605+05:30 DEBUG 334182 --- [demo] [nio-8081-exec-4] horizationManagerBeforeMethodInterceptor : Authorizing method invocation ReflectiveMethodInvocation: public org.springframework.http.ResponseEntity com.transparencychain.backend.controller.OrgProjectController.browseProjects(com.transparencychain.backend.model.Project$SdgGoal,java.lang.String,java.math.BigDecimal,java.math.BigDecimal); target is of class [com.transparencychain.backend.controller.OrgProjectController]
2026-08-13T00:51:46.605+05:30 DEBUG 334182 --- [demo] [nio-8081-exec-4] horizationManagerBeforeMethodInterceptor : Authorized method invocation ReflectiveMethodInvocation: public org.springframework.http.ResponseEntity com.transparencychain.backend.controller.OrgProjectController.browseProjects(com.transparencychain.backend.model.Project$SdgGoal,java.lang.String,java.math.BigDecimal,java.math.BigDecimal); target is of class [com.transparencychain.backend.controller.OrgProjectController]
Hibernate: 
    select
        fp1_0.id,
        fp1_0.cin_number,
        fp1_0.org_name,
        fp1_0.org_type,
        fp1_0.total_donated,
        fp1_0.user_id 
    from
        funder_profiles fp1_0 
    left join
        users u1_0 
            on u1_0.id=fp1_0.user_id 
    where
        u1_0.id=?
Hibernate: 
    select
        p1_0.id,
        p1_0.created_at,
        p1_0.description,
        p1_0.expected_beneficiaries,
        p1_0.funder_id,
        p1_0.geography,
        p1_0.impact_kpi,
        p1_0.latitude,
        p1_0.longitude,
        p1_0.ngo_id,
        p1_0.project_duration,
        p1_0.sdg_goal,
        p1_0.sdg_target,
        p1_0.status,
        p1_0.title,
        p1_0.total_budget 
    from
        projects p1_0 
    where
        p1_0.status in ('PUBLISHED', 'SUBMITTED', 'DRAFT', 'UNDER_REVIEW', 'APPROVED', 'FUNDED', 'ESCROWED', 'ACTIVE', 'IN_PROGRESS') 
        and (
            ? is null 
            or p1_0.sdg_goal=?
        ) 
        and (
            ? is null 
            or lower(p1_0.geography) like replace(lower(concat('%', ?, '%')), '\\', '\\\\')
        ) 
        and (
            ? is null 
            or p1_0.total_budget>=?
        ) 
        and (
            ? is null 
            or p1_0.total_budget<=?
        ) 
    order by
        p1_0.created_at desc
Hibernate: 
    select
        ope1_0.id,
        ope1_0.committed_at,
        ope1_0.funder_id,
        ope1_0.project_id,
        ope1_0.status,
        ope1_0.viewed_at 
    from
        org_project_engagements ope1_0 
    left join
        funder_profiles f1_0 
            on f1_0.id=ope1_0.funder_id 
    where
        f1_0.id=?
Hibernate: 
    select
        np1_0.id,
        np1_0.auditor_membership_number,
        np1_0.auditor_name,
        np1_0.authorized_signatory_designation,
        np1_0.authorized_signatory_name,
        np1_0.authorized_signatory_pan,
        np1_0.bank_account_name,
        np1_0.bank_account_number_encrypted,
        np1_0.contact_email,
        np1_0.contact_phone,
        np1_0.csr1registration_number,
        np1_0.darpan_id,
        np1_0.date_of_establishment,
        np1_0.fcra_number,
        np1_0.focus_sdg_goals,
        np1_0.gstin,
        np1_0.ifsc_code,
        np1_0.latitude,
        np1_0.longitude,
        np1_0.operational_states,
        np1_0.org_name,
        np1_0.pan_number,
        np1_0.reg12a_number,
        np1_0.reg80g_number,
        np1_0.registered_address,
        np1_0.registration_number,
        np1_0.registration_type,
        np1_0.trust_score,
        np1_0.user_id,
        np1_0.verification_status,
        np1_0.verified_at,
        np1_0.website 
    from
        ngo_profiles np1_0 
    where
        np1_0.id=?
2026-08-13T00:51:46.631+05:30 DEBUG 334182 --- [demo] [nio-8081-exec-3] o.s.security.web.FilterChainProxy        : Securing GET /api/org/projects?sdgGoal=SDG17
Hibernate: 
    select
        u1_0.id,
        u1_0.created_at,
        u1_0.email,
        u1_0.full_name,
        u1_0.is_verified,
        u1_0.password_hash,
        u1_0.phone,
        u1_0.role,
        u1_0.updated_at 
    from
        users u1_0 
    where
        u1_0.email=?
2026-08-13T00:51:46.634+05:30 DEBUG 334182 --- [demo] [nio-8081-exec-3] o.s.security.web.FilterChainProxy        : Secured GET /api/org/projects?sdgGoal=SDG17
2026-08-13T00:51:46.635+05:30 DEBUG 334182 --- [demo] [nio-8081-exec-3] horizationManagerBeforeMethodInterceptor : Authorizing method invocation ReflectiveMethodInvocation: public org.springframework.http.ResponseEntity com.transparencychain.backend.controller.OrgProjectController.browseProjects(com.transparencychain.backend.model.Project$SdgGoal,java.lang.String,java.math.BigDecimal,java.math.BigDecimal); target is of class [com.transparencychain.backend.controller.OrgProjectController]
2026-08-13T00:51:46.635+05:30 DEBUG 334182 --- [demo] [nio-8081-exec-3] horizationManagerBeforeMethodInterceptor : Authorized method invocation ReflectiveMethodInvocation: public org.springframework.http.ResponseEntity com.transparencychain.backend.controller.OrgProjectController.browseProjects(com.transparencychain.backend.model.Project$SdgGoal,java.lang.String,java.math.BigDecimal,java.math.BigDecimal); target is of class [com.transparencychain.backend.controller.OrgProjectController]
Hibernate: 
    select
        fp1_0.id,
        fp1_0.cin_number,
        fp1_0.org_name,
        fp1_0.org_type,
        fp1_0.total_donated,
        fp1_0.user_id 
    from
        funder_profiles fp1_0 
    left join
        users u1_0 
            on u1_0.id=fp1_0.user_id 
    where
        u1_0.id=?
Hibernate: 
    select
        p1_0.id,
        p1_0.created_at,
        p1_0.description,
        p1_0.expected_beneficiaries,
        p1_0.funder_id,
        p1_0.geography,
        p1_0.impact_kpi,
        p1_0.latitude,
        p1_0.longitude,
        p1_0.ngo_id,
        p1_0.project_duration,
        p1_0.sdg_goal,
        p1_0.sdg_target,
        p1_0.status,
        p1_0.title,
        p1_0.total_budget 
    from
        projects p1_0 
    where
        p1_0.status in ('PUBLISHED', 'SUBMITTED', 'DRAFT', 'UNDER_REVIEW', 'APPROVED', 'FUNDED', 'ESCROWED', 'ACTIVE', 'IN_PROGRESS') 
        and (
            ? is null 
            or p1_0.sdg_goal=?
        ) 
        and (
            ? is null 
            or lower(p1_0.geography) like replace(lower(concat('%', ?, '%')), '\\', '\\\\')
        ) 
        and (
            ? is null 
            or p1_0.total_budget>=?
        ) 
        and (
            ? is null 
            or p1_0.total_budget<=?
        ) 
    order by
        p1_0.created_at desc
Hibernate: 
    select
        ope1_0.id,
        ope1_0.committed_at,
        ope1_0.funder_id,
        ope1_0.project_id,
        ope1_0.status,
        ope1_0.viewed_at 
    from
        org_project_engagements ope1_0 
    left join
        funder_profiles f1_0 
            on f1_0.id=ope1_0.funder_id 
    where
        f1_0.id=?
2026-08-13T00:51:46.673+05:30 DEBUG 334182 --- [demo] [nio-8081-exec-5] o.s.security.web.FilterChainProxy        : Securing GET /api/org/projects?budgetMin=500000&budgetMax=1000000
Hibernate: 
    select
        u1_0.id,
        u1_0.created_at,
        u1_0.email,
        u1_0.full_name,
        u1_0.is_verified,
        u1_0.password_hash,
        u1_0.phone,
        u1_0.role,
        u1_0.updated_at 
    from
        users u1_0 
    where
        u1_0.email=?
2026-08-13T00:51:46.679+05:30 DEBUG 334182 --- [demo] [nio-8081-exec-5] o.s.security.web.FilterChainProxy        : Secured GET /api/org/projects?budgetMin=500000&budgetMax=1000000
2026-08-13T00:51:46.679+05:30 DEBUG 334182 --- [demo] [nio-8081-exec-5] horizationManagerBeforeMethodInterceptor : Authorizing method invocation ReflectiveMethodInvocation: public org.springframework.http.ResponseEntity com.transparencychain.backend.controller.OrgProjectController.browseProjects(com.transparencychain.backend.model.Project$SdgGoal,java.lang.String,java.math.BigDecimal,java.math.BigDecimal); target is of class [com.transparencychain.backend.controller.OrgProjectController]
2026-08-13T00:51:46.679+05:30 DEBUG 334182 --- [demo] [nio-8081-exec-5] horizationManagerBeforeMethodInterceptor : Authorized method invocation ReflectiveMethodInvocation: public org.springframework.http.ResponseEntity com.transparencychain.backend.controller.OrgProjectController.browseProjects(com.transparencychain.backend.model.Project$SdgGoal,java.lang.String,java.math.BigDecimal,java.math.BigDecimal); target is of class [com.transparencychain.backend.controller.OrgProjectController]
Hibernate: 
    select
        fp1_0.id,
        fp1_0.cin_number,
        fp1_0.org_name,
        fp1_0.org_type,
        fp1_0.total_donated,
        fp1_0.user_id 
    from
        funder_profiles fp1_0 
    left join
        users u1_0 
            on u1_0.id=fp1_0.user_id 
    where
        u1_0.id=?
Hibernate: 
    select
        p1_0.id,
        p1_0.created_at,
        p1_0.description,
        p1_0.expected_beneficiaries,
        p1_0.funder_id,
        p1_0.geography,
        p1_0.impact_kpi,
        p1_0.latitude,
        p1_0.longitude,
        p1_0.ngo_id,
        p1_0.project_duration,
        p1_0.sdg_goal,
        p1_0.sdg_target,
        p1_0.status,
        p1_0.title,
        p1_0.total_budget 
    from
        projects p1_0 
    where
        p1_0.status in ('PUBLISHED', 'SUBMITTED', 'DRAFT', 'UNDER_REVIEW', 'APPROVED', 'FUNDED', 'ESCROWED', 'ACTIVE', 'IN_PROGRESS') 
        and (
            ? is null 
            or p1_0.sdg_goal=?
        ) 
        and (
            ? is null 
            or lower(p1_0.geography) like replace(lower(concat('%', ?, '%')), '\\', '\\\\')
        ) 
        and (
            ? is null 
            or p1_0.total_budget>=?
        ) 
        and (
            ? is null 
            or p1_0.total_budget<=?
        ) 
    order by
        p1_0.created_at desc
Hibernate: 
    select
        ope1_0.id,
        ope1_0.committed_at,
        ope1_0.funder_id,
        ope1_0.project_id,
        ope1_0.status,
        ope1_0.viewed_at 
    from
        org_project_engagements ope1_0 
    left join
        funder_profiles f1_0 
            on f1_0.id=ope1_0.funder_id 
    where
        f1_0.id=?
Hibernate: 
    select
        np1_0.id,
        np1_0.auditor_membership_number,
        np1_0.auditor_name,
        np1_0.authorized_signatory_designation,
        np1_0.authorized_signatory_name,
        np1_0.authorized_signatory_pan,
        np1_0.bank_account_name,
        np1_0.bank_account_number_encrypted,
        np1_0.contact_email,
        np1_0.contact_phone,
        np1_0.csr1registration_number,
        np1_0.darpan_id,
        np1_0.date_of_establishment,
        np1_0.fcra_number,
        np1_0.focus_sdg_goals,
        np1_0.gstin,
        np1_0.ifsc_code,
        np1_0.latitude,
        np1_0.longitude,
        np1_0.operational_states,
        np1_0.org_name,
        np1_0.pan_number,
        np1_0.reg12a_number,
        np1_0.reg80g_number,
        np1_0.registered_address,
        np1_0.registration_number,
        np1_0.registration_type,
        np1_0.trust_score,
        np1_0.user_id,
        np1_0.verification_status,
        np1_0.verified_at,
        np1_0.website 
    from
        ngo_profiles np1_0 
    where
        np1_0.id=?
2026-08-13T00:51:46.699+05:30 DEBUG 334182 --- [demo] [nio-8081-exec-7] o.s.security.web.FilterChainProxy        : Securing GET /api/org/projects?budgetMax=100
Hibernate: 
    select
        u1_0.id,
        u1_0.created_at,
        u1_0.email,
        u1_0.full_name,
        u1_0.is_verified,
        u1_0.password_hash,
        u1_0.phone,
        u1_0.role,
        u1_0.updated_at 
    from
        users u1_0 
    where
        u1_0.email=?
2026-08-13T00:51:46.703+05:30 DEBUG 334182 --- [demo] [nio-8081-exec-7] o.s.security.web.FilterChainProxy        : Secured GET /api/org/projects?budgetMax=100
2026-08-13T00:51:46.704+05:30 DEBUG 334182 --- [demo] [nio-8081-exec-7] horizationManagerBeforeMethodInterceptor : Authorizing method invocation ReflectiveMethodInvocation: public org.springframework.http.ResponseEntity com.transparencychain.backend.controller.OrgProjectController.browseProjects(com.transparencychain.backend.model.Project$SdgGoal,java.lang.String,java.math.BigDecimal,java.math.BigDecimal); target is of class [com.transparencychain.backend.controller.OrgProjectController]
2026-08-13T00:51:46.704+05:30 DEBUG 334182 --- [demo] [nio-8081-exec-7] horizationManagerBeforeMethodInterceptor : Authorized method invocation ReflectiveMethodInvocation: public org.springframework.http.ResponseEntity com.transparencychain.backend.controller.OrgProjectController.browseProjects(com.transparencychain.backend.model.Project$SdgGoal,java.lang.String,java.math.BigDecimal,java.math.BigDecimal); target is of class [com.transparencychain.backend.controller.OrgProjectController]
Hibernate: 
    select
        fp1_0.id,
        fp1_0.cin_number,
        fp1_0.org_name,
        fp1_0.org_type,
        fp1_0.total_donated,
        fp1_0.user_id 
    from
        funder_profiles fp1_0 
    left join
        users u1_0 
            on u1_0.id=fp1_0.user_id 
    where
        u1_0.id=?
Hibernate: 
    select
        p1_0.id,
        p1_0.created_at,
        p1_0.description,
        p1_0.expected_beneficiaries,
        p1_0.funder_id,
        p1_0.geography,
        p1_0.impact_kpi,
        p1_0.latitude,
        p1_0.longitude,
        p1_0.ngo_id,
        p1_0.project_duration,
        p1_0.sdg_goal,
        p1_0.sdg_target,
        p1_0.status,
        p1_0.title,
        p1_0.total_budget 
    from
        projects p1_0 
    where
        p1_0.status in ('PUBLISHED', 'SUBMITTED', 'DRAFT', 'UNDER_REVIEW', 'APPROVED', 'FUNDED', 'ESCROWED', 'ACTIVE', 'IN_PROGRESS') 
        and (
            ? is null 
            or p1_0.sdg_goal=?
        ) 
        and (
            ? is null 
            or lower(p1_0.geography) like replace(lower(concat('%', ?, '%')), '\\', '\\\\')
        ) 
        and (
            ? is null 
            or p1_0.total_budget>=?
        ) 
        and (
            ? is null 
            or p1_0.total_budget<=?
        ) 
    order by
        p1_0.created_at desc
Hibernate: 
    select
        ope1_0.id,
        ope1_0.committed_at,
        ope1_0.funder_id,
        ope1_0.project_id,
        ope1_0.status,
        ope1_0.viewed_at 
    from
        org_project_engagements ope1_0 
    left join
        funder_profiles f1_0 
            on f1_0.id=ope1_0.funder_id 
    where
        f1_0.id=?
2026-08-13T00:51:46.762+05:30 DEBUG 334182 --- [demo] [nio-8081-exec-8] o.s.security.web.FilterChainProxy        : Securing GET /api/org/projects/ab5fac0c-9601-11f1-8b56-a987a7b38995
Hibernate: 
    select
        u1_0.id,
        u1_0.created_at,
        u1_0.email,
        u1_0.full_name,
        u1_0.is_verified,
        u1_0.password_hash,
        u1_0.phone,
        u1_0.role,
        u1_0.updated_at 
    from
        users u1_0 
    where
        u1_0.email=?
2026-08-13T00:51:46.765+05:30 DEBUG 334182 --- [demo] [nio-8081-exec-8] o.s.security.web.FilterChainProxy        : Secured GET /api/org/projects/ab5fac0c-9601-11f1-8b56-a987a7b38995
2026-08-13T00:51:46.766+05:30 DEBUG 334182 --- [demo] [nio-8081-exec-8] horizationManagerBeforeMethodInterceptor : Authorizing method invocation ReflectiveMethodInvocation: public org.springframework.http.ResponseEntity com.transparencychain.backend.controller.OrgProjectController.getProjectDetail(java.util.UUID); target is of class [com.transparencychain.backend.controller.OrgProjectController]
2026-08-13T00:51:46.766+05:30 DEBUG 334182 --- [demo] [nio-8081-exec-8] horizationManagerBeforeMethodInterceptor : Authorized method invocation ReflectiveMethodInvocation: public org.springframework.http.ResponseEntity com.transparencychain.backend.controller.OrgProjectController.getProjectDetail(java.util.UUID); target is of class [com.transparencychain.backend.controller.OrgProjectController]
Hibernate: 
    select
        fp1_0.id,
        fp1_0.cin_number,
        fp1_0.org_name,
        fp1_0.org_type,
        fp1_0.total_donated,
        fp1_0.user_id 
    from
        funder_profiles fp1_0 
    left join
        users u1_0 
            on u1_0.id=fp1_0.user_id 
    where
        u1_0.id=?
Hibernate: 
    select
        p1_0.id,
        p1_0.created_at,
        p1_0.description,
        p1_0.expected_beneficiaries,
        p1_0.funder_id,
        p1_0.geography,
        p1_0.impact_kpi,
        p1_0.latitude,
        p1_0.longitude,
        p1_0.ngo_id,
        p1_0.project_duration,
        p1_0.sdg_goal,
        p1_0.sdg_target,
        p1_0.status,
        p1_0.title,
        p1_0.total_budget 
    from
        projects p1_0 
    where
        p1_0.id=?
Hibernate: 
    select
        ope1_0.id,
        ope1_0.committed_at,
        ope1_0.funder_id,
        ope1_0.project_id,
        ope1_0.status,
        ope1_0.viewed_at 
    from
        org_project_engagements ope1_0 
    left join
        funder_profiles f1_0 
            on f1_0.id=ope1_0.funder_id 
    left join
        projects p1_0 
            on p1_0.id=ope1_0.project_id 
    where
        f1_0.id=? 
        and p1_0.id=?
Hibernate: 
    select
        al1_0.id,
        al1_0.current_hash,
        al1_0.entity_id,
        al1_0.entity_type,
        al1_0.payload,
        al1_0.previous_hash,
        al1_0.timestamp 
    from
        audit_logs al1_0 
    order by
        al1_0.timestamp desc 
    limit
        ?
Hibernate: 
    select
        m1_0.id,
        m1_0.additional_allocated_amount,
        m1_0.amount_allocated,
        m1_0.current_version_id,
        m1_0.description,
        m1_0.due_date,
        m1_0.project_id,
        m1_0.released_amount,
        m1_0.required_evidence,
        m1_0.sequence_number,
        m1_0.status,
        m1_0.title,
        m1_0.verification_requirements 
    from
        milestones m1_0 
    left join
        projects p1_0 
            on p1_0.id=m1_0.project_id 
    where
        p1_0.id=?
Hibernate: 
    select
        np1_0.id,
        np1_0.auditor_membership_number,
        np1_0.auditor_name,
        np1_0.authorized_signatory_designation,
        np1_0.authorized_signatory_name,
        np1_0.authorized_signatory_pan,
        np1_0.bank_account_name,
        np1_0.bank_account_number_encrypted,
        np1_0.contact_email,
        np1_0.contact_phone,
        np1_0.csr1registration_number,
        np1_0.darpan_id,
        np1_0.date_of_establishment,
        np1_0.fcra_number,
        np1_0.focus_sdg_goals,
        np1_0.gstin,
        np1_0.ifsc_code,
        np1_0.latitude,
        np1_0.longitude,
        np1_0.operational_states,
        np1_0.org_name,
        np1_0.pan_number,
        np1_0.reg12a_number,
        np1_0.reg80g_number,
        np1_0.registered_address,
        np1_0.registration_number,
        np1_0.registration_type,
        np1_0.trust_score,
        np1_0.user_id,
        np1_0.verification_status,
        np1_0.verified_at,
        np1_0.website 
    from
        ngo_profiles np1_0 
    where
        np1_0.id=?
Hibernate: 
    insert 
    into
        org_project_engagements
        (committed_at, funder_id, project_id, status, viewed_at, id) 
    values
        (?, ?, ?, ?, ?, ?)
Hibernate: 
    insert 
    into
        audit_logs
        (current_hash, entity_id, entity_type, payload, previous_hash, timestamp, id) 
    values
        (?, ?, ?, ?, ?, ?, ?)
2026-08-13T00:51:46.890+05:30 DEBUG 334182 --- [demo] [io-8081-exec-10] o.s.security.web.FilterChainProxy        : Securing POST /api/org/projects/ab5fac0c-9601-11f1-8b56-a987a7b38995/review
Hibernate: 
    select
        u1_0.id,
        u1_0.created_at,
        u1_0.email,
        u1_0.full_name,
        u1_0.is_verified,
        u1_0.password_hash,
        u1_0.phone,
        u1_0.role,
        u1_0.updated_at 
    from
        users u1_0 
    where
        u1_0.email=?
2026-08-13T00:51:46.894+05:30 DEBUG 334182 --- [demo] [io-8081-exec-10] o.s.security.web.FilterChainProxy        : Secured POST /api/org/projects/ab5fac0c-9601-11f1-8b56-a987a7b38995/review
2026-08-13T00:51:46.894+05:30 DEBUG 334182 --- [demo] [io-8081-exec-10] horizationManagerBeforeMethodInterceptor : Authorizing method invocation ReflectiveMethodInvocation: public org.springframework.http.ResponseEntity com.transparencychain.backend.controller.OrgProjectController.markProjectUnderReview(java.util.UUID); target is of class [com.transparencychain.backend.controller.OrgProjectController]
2026-08-13T00:51:46.894+05:30 DEBUG 334182 --- [demo] [io-8081-exec-10] horizationManagerBeforeMethodInterceptor : Authorized method invocation ReflectiveMethodInvocation: public org.springframework.http.ResponseEntity com.transparencychain.backend.controller.OrgProjectController.markProjectUnderReview(java.util.UUID); target is of class [com.transparencychain.backend.controller.OrgProjectController]
Hibernate: 
    select
        fp1_0.id,
        fp1_0.cin_number,
        fp1_0.org_name,
        fp1_0.org_type,
        fp1_0.total_donated,
        fp1_0.user_id 
    from
        funder_profiles fp1_0 
    left join
        users u1_0 
            on u1_0.id=fp1_0.user_id 
    where
        u1_0.id=?
Hibernate: 
    select
        ope1_0.id,
        ope1_0.committed_at,
        ope1_0.funder_id,
        ope1_0.project_id,
        ope1_0.status,
        ope1_0.viewed_at 
    from
        org_project_engagements ope1_0 
    left join
        funder_profiles f1_0 
            on f1_0.id=ope1_0.funder_id 
    left join
        projects p1_0 
            on p1_0.id=ope1_0.project_id 
    where
        f1_0.id=? 
        and p1_0.id=?
Hibernate: 
    select
        al1_0.id,
        al1_0.current_hash,
        al1_0.entity_id,
        al1_0.entity_type,
        al1_0.payload,
        al1_0.previous_hash,
        al1_0.timestamp 
    from
        audit_logs al1_0 
    order by
        al1_0.timestamp desc 
    limit
        ?
Hibernate: 
    select
        p1_0.id,
        p1_0.created_at,
        p1_0.description,
        p1_0.expected_beneficiaries,
        p1_0.funder_id,
        p1_0.geography,
        p1_0.impact_kpi,
        p1_0.latitude,
        p1_0.longitude,
        p1_0.ngo_id,
        p1_0.project_duration,
        p1_0.sdg_goal,
        p1_0.sdg_target,
        p1_0.status,
        p1_0.title,
        p1_0.total_budget 
    from
        projects p1_0 
    where
        p1_0.id=?
Hibernate: 
    insert 
    into
        audit_logs
        (current_hash, entity_id, entity_type, payload, previous_hash, timestamp, id) 
    values
        (?, ?, ?, ?, ?, ?, ?)
Hibernate: 
    update
        org_project_engagements 
    set
        committed_at=?,
        funder_id=?,
        project_id=?,
        status=?,
        viewed_at=? 
    where
        id=?
Hibernate: 
    select
        ope1_0.id,
        ope1_0.committed_at,
        ope1_0.funder_id,
        ope1_0.project_id,
        ope1_0.status,
        ope1_0.viewed_at 
    from
        org_project_engagements ope1_0 
    left join
        funder_profiles f1_0 
            on f1_0.id=ope1_0.funder_id 
    left join
        projects p1_0 
            on p1_0.id=ope1_0.project_id 
    where
        f1_0.id=? 
        and p1_0.id=?
Hibernate: 
    select
        m1_0.id,
        m1_0.additional_allocated_amount,
        m1_0.amount_allocated,
        m1_0.current_version_id,
        m1_0.description,
        m1_0.due_date,
        m1_0.project_id,
        m1_0.released_amount,
        m1_0.required_evidence,
        m1_0.sequence_number,
        m1_0.status,
        m1_0.title,
        m1_0.verification_requirements 
    from
        milestones m1_0 
    left join
        projects p1_0 
            on p1_0.id=m1_0.project_id 
    where
        p1_0.id=?
Hibernate: 
    select
        np1_0.id,
        np1_0.auditor_membership_number,
        np1_0.auditor_name,
        np1_0.authorized_signatory_designation,
        np1_0.authorized_signatory_name,
        np1_0.authorized_signatory_pan,
        np1_0.bank_account_name,
        np1_0.bank_account_number_encrypted,
        np1_0.contact_email,
        np1_0.contact_phone,
        np1_0.csr1registration_number,
        np1_0.darpan_id,
        np1_0.date_of_establishment,
        np1_0.fcra_number,
        np1_0.focus_sdg_goals,
        np1_0.gstin,
        np1_0.ifsc_code,
        np1_0.latitude,
        np1_0.longitude,
        np1_0.operational_states,
        np1_0.org_name,
        np1_0.pan_number,
        np1_0.reg12a_number,
        np1_0.reg80g_number,
        np1_0.registered_address,
        np1_0.registration_number,
        np1_0.registration_type,
        np1_0.trust_score,
        np1_0.user_id,
        np1_0.verification_status,
        np1_0.verified_at,
        np1_0.website 
    from
        ngo_profiles np1_0 
    where
        np1_0.id=?
2026-08-13T00:51:46.947+05:30 DEBUG 334182 --- [demo] [nio-8081-exec-1] o.s.security.web.FilterChainProxy        : Securing POST /api/org/projects/ab5fac0c-9601-11f1-8b56-a987a7b38995/review
Hibernate: 
    select
        u1_0.id,
        u1_0.created_at,
        u1_0.email,
        u1_0.full_name,
        u1_0.is_verified,
        u1_0.password_hash,
        u1_0.phone,
        u1_0.role,
        u1_0.updated_at 
    from
        users u1_0 
    where
        u1_0.email=?
2026-08-13T00:51:46.950+05:30 DEBUG 334182 --- [demo] [nio-8081-exec-1] o.s.security.web.FilterChainProxy        : Secured POST /api/org/projects/ab5fac0c-9601-11f1-8b56-a987a7b38995/review
2026-08-13T00:51:46.950+05:30 DEBUG 334182 --- [demo] [nio-8081-exec-1] horizationManagerBeforeMethodInterceptor : Authorizing method invocation ReflectiveMethodInvocation: public org.springframework.http.ResponseEntity com.transparencychain.backend.controller.OrgProjectController.markProjectUnderReview(java.util.UUID); target is of class [com.transparencychain.backend.controller.OrgProjectController]
2026-08-13T00:51:46.950+05:30 DEBUG 334182 --- [demo] [nio-8081-exec-1] horizationManagerBeforeMethodInterceptor : Authorized method invocation ReflectiveMethodInvocation: public org.springframework.http.ResponseEntity com.transparencychain.backend.controller.OrgProjectController.markProjectUnderReview(java.util.UUID); target is of class [com.transparencychain.backend.controller.OrgProjectController]
Hibernate: 
    select
        fp1_0.id,
        fp1_0.cin_number,
        fp1_0.org_name,
        fp1_0.org_type,
        fp1_0.total_donated,
        fp1_0.user_id 
    from
        funder_profiles fp1_0 
    left join
        users u1_0 
            on u1_0.id=fp1_0.user_id 
    where
        u1_0.id=?
Hibernate: 
    select
        ope1_0.id,
        ope1_0.committed_at,
        ope1_0.funder_id,
        ope1_0.project_id,
        ope1_0.status,
        ope1_0.viewed_at 
    from
        org_project_engagements ope1_0 
    left join
        funder_profiles f1_0 
            on f1_0.id=ope1_0.funder_id 
    left join
        projects p1_0 
            on p1_0.id=ope1_0.project_id 
    where
        f1_0.id=? 
        and p1_0.id=?
2026-08-13T00:51:46.990+05:30 DEBUG 334182 --- [demo] [nio-8081-exec-2] o.s.security.web.FilterChainProxy        : Securing POST /api/org/projects/ab5fac0c-9601-11f1-8b56-a987a7b38995/milestones/ab69bb22-9601-11f1-8b56-a987a7b38995/change-request
Hibernate: 
    select
        u1_0.id,
        u1_0.created_at,
        u1_0.email,
        u1_0.full_name,
        u1_0.is_verified,
        u1_0.password_hash,
        u1_0.phone,
        u1_0.role,
        u1_0.updated_at 
    from
        users u1_0 
    where
        u1_0.email=?
2026-08-13T00:51:46.994+05:30 DEBUG 334182 --- [demo] [nio-8081-exec-2] o.s.security.web.FilterChainProxy        : Secured POST /api/org/projects/ab5fac0c-9601-11f1-8b56-a987a7b38995/milestones/ab69bb22-9601-11f1-8b56-a987a7b38995/change-request
2026-08-13T00:51:46.996+05:30 DEBUG 334182 --- [demo] [nio-8081-exec-2] horizationManagerBeforeMethodInterceptor : Authorizing method invocation ReflectiveMethodInvocation: public org.springframework.http.ResponseEntity com.transparencychain.backend.controller.OrgNegotiationController.raiseChangeRequest(java.util.UUID,java.util.UUID,com.transparencychain.backend.dto.ChangeRequestBody); target is of class [com.transparencychain.backend.controller.OrgNegotiationController]
2026-08-13T00:51:46.996+05:30 DEBUG 334182 --- [demo] [nio-8081-exec-2] horizationManagerBeforeMethodInterceptor : Authorized method invocation ReflectiveMethodInvocation: public org.springframework.http.ResponseEntity com.transparencychain.backend.controller.OrgNegotiationController.raiseChangeRequest(java.util.UUID,java.util.UUID,com.transparencychain.backend.dto.ChangeRequestBody); target is of class [com.transparencychain.backend.controller.OrgNegotiationController]
Hibernate: 
    select
        fp1_0.id,
        fp1_0.cin_number,
        fp1_0.org_name,
        fp1_0.org_type,
        fp1_0.total_donated,
        fp1_0.user_id 
    from
        funder_profiles fp1_0 
    left join
        users u1_0 
            on u1_0.id=fp1_0.user_id 
    where
        u1_0.id=?
Hibernate: 
    select
        m1_0.id,
        m1_0.additional_allocated_amount,
        m1_0.amount_allocated,
        m1_0.current_version_id,
        m1_0.description,
        m1_0.due_date,
        m1_0.project_id,
        m1_0.released_amount,
        m1_0.required_evidence,
        m1_0.sequence_number,
        m1_0.status,
        m1_0.title,
        m1_0.verification_requirements 
    from
        milestones m1_0 
    where
        m1_0.id=?
Hibernate: 
    select
        mcr1_0.id 
    from
        milestone_change_requests mcr1_0 
    left join
        milestones m1_0 
            on m1_0.id=mcr1_0.milestone_id 
    where
        m1_0.id=? 
        and mcr1_0.status=? 
    limit
        ?
Hibernate: 
    select
        mv1_0.id,
        mv1_0.budget,
        mv1_0.change_reason,
        mv1_0.created_at,
        mv1_0.due_date,
        mv1_0.milestone_id,
        mv1_0.name,
        mv1_0.proposed_by,
        mv1_0.sequence,
        mv1_0.status,
        mv1_0.version_number 
    from
        milestone_versions mv1_0 
    left join
        milestones m1_0 
            on m1_0.id=mv1_0.milestone_id 
    where
        m1_0.id=? 
    order by
        mv1_0.version_number desc 
    limit
        ?
Hibernate: 
    insert 
    into
        milestone_versions
        (budget, change_reason, created_at, due_date, milestone_id, name, proposed_by, sequence, status, version_number, id) 
    values
        (?, ?, ?, ?, ?, ?, ?, ?, ?, ?, ?)
Hibernate: 
    update
        milestones 
    set
        additional_allocated_amount=?,
        amount_allocated=?,
        current_version_id=?,
        description=?,
        due_date=?,
        project_id=?,
        released_amount=?,
        required_evidence=?,
        sequence_number=?,
        status=?,
        title=?,
        verification_requirements=? 
    where
        id=?
Hibernate: 
    select
        mv1_0.id,
        mv1_0.budget,
        mv1_0.change_reason,
        mv1_0.created_at,
        mv1_0.due_date,
        mv1_0.milestone_id,
        mv1_0.name,
        mv1_0.proposed_by,
        mv1_0.sequence,
        mv1_0.status,
        mv1_0.version_number 
    from
        milestone_versions mv1_0 
    left join
        milestones m1_0 
            on m1_0.id=mv1_0.milestone_id 
    where
        m1_0.id=? 
    order by
        mv1_0.version_number desc 
    limit
        ?
Hibernate: 
    select
        ope1_0.id,
        ope1_0.committed_at,
        ope1_0.funder_id,
        ope1_0.project_id,
        ope1_0.status,
        ope1_0.viewed_at 
    from
        org_project_engagements ope1_0 
    left join
        funder_profiles f1_0 
            on f1_0.id=ope1_0.funder_id 
    left join
        projects p1_0 
            on p1_0.id=ope1_0.project_id 
    where
        f1_0.id=? 
        and p1_0.id=?
Hibernate: 
    select
        al1_0.id,
        al1_0.current_hash,
        al1_0.entity_id,
        al1_0.entity_type,
        al1_0.payload,
        al1_0.previous_hash,
        al1_0.timestamp 
    from
        audit_logs al1_0 
    order by
        al1_0.timestamp desc 
    limit
        ?
Hibernate: 
    insert 
    into
        milestone_versions
        (budget, change_reason, created_at, due_date, milestone_id, name, proposed_by, sequence, status, version_number, id) 
    values
        (?, ?, ?, ?, ?, ?, ?, ?, ?, ?, ?)
Hibernate: 
    insert 
    into
        milestone_change_requests
        (created_at, milestone_id, ngo_response_note, original_version_id, proposed_version_id, requested_by_org_id, responded_at, status, id) 
    values
        (?, ?, ?, ?, ?, ?, ?, ?, ?)
Hibernate: 
    insert 
    into
        audit_logs
        (current_hash, entity_id, entity_type, payload, previous_hash, timestamp, id) 
    values
        (?, ?, ?, ?, ?, ?, ?)
Hibernate: 
    update
        milestones 
    set
        additional_allocated_amount=?,
        amount_allocated=?,
        current_version_id=?,
        description=?,
        due_date=?,
        project_id=?,
        released_amount=?,
        required_evidence=?,
        sequence_number=?,
        status=?,
        title=?,
        verification_requirements=? 
    where
        id=?
Hibernate: 
    update
        org_project_engagements 
    set
        committed_at=?,
        funder_id=?,
        project_id=?,
        status=?,
        viewed_at=? 
    where
        id=?
2026-08-13T00:51:47.114+05:30 DEBUG 334182 --- [demo] [nio-8081-exec-4] o.s.security.web.FilterChainProxy        : Securing POST /api/org/projects/ab5fac0c-9601-11f1-8b56-a987a7b38995/milestones/ab69bb22-9601-11f1-8b56-a987a7b38995/change-request
Hibernate: 
    select
        u1_0.id,
        u1_0.created_at,
        u1_0.email,
        u1_0.full_name,
        u1_0.is_verified,
        u1_0.password_hash,
        u1_0.phone,
        u1_0.role,
        u1_0.updated_at 
    from
        users u1_0 
    where
        u1_0.email=?
2026-08-13T00:51:47.117+05:30 DEBUG 334182 --- [demo] [nio-8081-exec-4] o.s.security.web.FilterChainProxy        : Secured POST /api/org/projects/ab5fac0c-9601-11f1-8b56-a987a7b38995/milestones/ab69bb22-9601-11f1-8b56-a987a7b38995/change-request
2026-08-13T00:51:47.118+05:30 DEBUG 334182 --- [demo] [nio-8081-exec-4] horizationManagerBeforeMethodInterceptor : Authorizing method invocation ReflectiveMethodInvocation: public org.springframework.http.ResponseEntity com.transparencychain.backend.controller.OrgNegotiationController.raiseChangeRequest(java.util.UUID,java.util.UUID,com.transparencychain.backend.dto.ChangeRequestBody); target is of class [com.transparencychain.backend.controller.OrgNegotiationController]
2026-08-13T00:51:47.118+05:30 DEBUG 334182 --- [demo] [nio-8081-exec-4] horizationManagerBeforeMethodInterceptor : Authorized method invocation ReflectiveMethodInvocation: public org.springframework.http.ResponseEntity com.transparencychain.backend.controller.OrgNegotiationController.raiseChangeRequest(java.util.UUID,java.util.UUID,com.transparencychain.backend.dto.ChangeRequestBody); target is of class [com.transparencychain.backend.controller.OrgNegotiationController]
Hibernate: 
    select
        fp1_0.id,
        fp1_0.cin_number,
        fp1_0.org_name,
        fp1_0.org_type,
        fp1_0.total_donated,
        fp1_0.user_id 
    from
        funder_profiles fp1_0 
    left join
        users u1_0 
            on u1_0.id=fp1_0.user_id 
    where
        u1_0.id=?
Hibernate: 
    select
        m1_0.id,
        m1_0.additional_allocated_amount,
        m1_0.amount_allocated,
        m1_0.current_version_id,
        m1_0.description,
        m1_0.due_date,
        m1_0.project_id,
        m1_0.released_amount,
        m1_0.required_evidence,
        m1_0.sequence_number,
        m1_0.status,
        m1_0.title,
        m1_0.verification_requirements 
    from
        milestones m1_0 
    where
        m1_0.id=?
Hibernate: 
    select
        mcr1_0.id 
    from
        milestone_change_requests mcr1_0 
    left join
        milestones m1_0 
            on m1_0.id=mcr1_0.milestone_id 
    where
        m1_0.id=? 
        and mcr1_0.status=? 
    limit
        ?
2026-08-13T00:51:47.134+05:30 DEBUG 334182 --- [demo] [nio-8081-exec-3] o.s.security.web.FilterChainProxy        : Securing GET /api/org/change-requests/a1445c72-bfcd-44b8-b827-567b8cb78ada
Hibernate: 
    select
        u1_0.id,
        u1_0.created_at,
        u1_0.email,
        u1_0.full_name,
        u1_0.is_verified,
        u1_0.password_hash,
        u1_0.phone,
        u1_0.role,
        u1_0.updated_at 
    from
        users u1_0 
    where
        u1_0.email=?
2026-08-13T00:51:47.138+05:30 DEBUG 334182 --- [demo] [nio-8081-exec-3] o.s.security.web.FilterChainProxy        : Secured GET /api/org/change-requests/a1445c72-bfcd-44b8-b827-567b8cb78ada
2026-08-13T00:51:47.138+05:30 DEBUG 334182 --- [demo] [nio-8081-exec-3] horizationManagerBeforeMethodInterceptor : Authorizing method invocation ReflectiveMethodInvocation: public org.springframework.http.ResponseEntity com.transparencychain.backend.controller.OrgNegotiationController.getChangeRequest(java.util.UUID); target is of class [com.transparencychain.backend.controller.OrgNegotiationController]
2026-08-13T00:51:47.139+05:30 DEBUG 334182 --- [demo] [nio-8081-exec-3] horizationManagerBeforeMethodInterceptor : Authorized method invocation ReflectiveMethodInvocation: public org.springframework.http.ResponseEntity com.transparencychain.backend.controller.OrgNegotiationController.getChangeRequest(java.util.UUID); target is of class [com.transparencychain.backend.controller.OrgNegotiationController]
Hibernate: 
    select
        mcr1_0.id,
        mcr1_0.created_at,
        mcr1_0.milestone_id,
        mcr1_0.ngo_response_note,
        mcr1_0.original_version_id,
        mcr1_0.proposed_version_id,
        mcr1_0.requested_by_org_id,
        mcr1_0.responded_at,
        mcr1_0.status 
    from
        milestone_change_requests mcr1_0 
    where
        mcr1_0.id=?
Hibernate: 
    select
        m1_0.id,
        m1_0.additional_allocated_amount,
        m1_0.amount_allocated,
        m1_0.current_version_id,
        m1_0.description,
        m1_0.due_date,
        m1_0.project_id,
        m1_0.released_amount,
        m1_0.required_evidence,
        m1_0.sequence_number,
        m1_0.status,
        m1_0.title,
        m1_0.verification_requirements 
    from
        milestones m1_0 
    where
        m1_0.id=?
Hibernate: 
    select
        fp1_0.id,
        fp1_0.cin_number,
        fp1_0.org_name,
        fp1_0.org_type,
        fp1_0.total_donated,
        fp1_0.user_id 
    from
        funder_profiles fp1_0 
    where
        fp1_0.id=?
Hibernate: 
    select
        mv1_0.id,
        mv1_0.budget,
        mv1_0.change_reason,
        mv1_0.created_at,
        mv1_0.due_date,
        mv1_0.milestone_id,
        mv1_0.name,
        mv1_0.proposed_by,
        mv1_0.sequence,
        mv1_0.status,
        mv1_0.version_number 
    from
        milestone_versions mv1_0 
    where
        mv1_0.id=?
Hibernate: 
    select
        mv1_0.id,
        mv1_0.budget,
        mv1_0.change_reason,
        mv1_0.created_at,
        mv1_0.due_date,
        mv1_0.milestone_id,
        mv1_0.name,
        mv1_0.proposed_by,
        mv1_0.sequence,
        mv1_0.status,
        mv1_0.version_number 
    from
        milestone_versions mv1_0 
    where
        mv1_0.id=?
2026-08-13T00:51:47.160+05:30 DEBUG 334182 --- [demo] [nio-8081-exec-5] o.s.security.web.FilterChainProxy        : Securing GET /api/ngo/change-requests?status=PENDING
Hibernate: 
    select
        u1_0.id,
        u1_0.created_at,
        u1_0.email,
        u1_0.full_name,
        u1_0.is_verified,
        u1_0.password_hash,
        u1_0.phone,
        u1_0.role,
        u1_0.updated_at 
    from
        users u1_0 
    where
        u1_0.email=?
2026-08-13T00:51:47.163+05:30 DEBUG 334182 --- [demo] [nio-8081-exec-5] o.s.security.web.FilterChainProxy        : Secured GET /api/ngo/change-requests?status=PENDING
2026-08-13T00:51:47.164+05:30 DEBUG 334182 --- [demo] [nio-8081-exec-5] horizationManagerBeforeMethodInterceptor : Authorizing method invocation ReflectiveMethodInvocation: public org.springframework.http.ResponseEntity com.transparencychain.backend.controller.NgoNegotiationController.getPendingChangeRequests(java.lang.String); target is of class [com.transparencychain.backend.controller.NgoNegotiationController]
2026-08-13T00:51:47.164+05:30 DEBUG 334182 --- [demo] [nio-8081-exec-5] horizationManagerBeforeMethodInterceptor : Authorized method invocation ReflectiveMethodInvocation: public org.springframework.http.ResponseEntity com.transparencychain.backend.controller.NgoNegotiationController.getPendingChangeRequests(java.lang.String); target is of class [com.transparencychain.backend.controller.NgoNegotiationController]
Hibernate: 
    select
        np1_0.id,
        np1_0.auditor_membership_number,
        np1_0.auditor_name,
        np1_0.authorized_signatory_designation,
        np1_0.authorized_signatory_name,
        np1_0.authorized_signatory_pan,
        np1_0.bank_account_name,
        np1_0.bank_account_number_encrypted,
        np1_0.contact_email,
        np1_0.contact_phone,
        np1_0.csr1registration_number,
        np1_0.darpan_id,
        np1_0.date_of_establishment,
        np1_0.fcra_number,
        np1_0.focus_sdg_goals,
        np1_0.gstin,
        np1_0.ifsc_code,
        np1_0.latitude,
        np1_0.longitude,
        np1_0.operational_states,
        np1_0.org_name,
        np1_0.pan_number,
        np1_0.reg12a_number,
        np1_0.reg80g_number,
        np1_0.registered_address,
        np1_0.registration_number,
        np1_0.registration_type,
        np1_0.trust_score,
        np1_0.user_id,
        np1_0.verification_status,
        np1_0.verified_at,
        np1_0.website 
    from
        ngo_profiles np1_0 
    left join
        users u1_0 
            on u1_0.id=np1_0.user_id 
    where
        u1_0.id=?
Hibernate: 
    select
        p1_0.id,
        p1_0.created_at,
        p1_0.description,
        p1_0.expected_beneficiaries,
        p1_0.funder_id,
        p1_0.geography,
        p1_0.impact_kpi,
        p1_0.latitude,
        p1_0.longitude,
        p1_0.ngo_id,
        p1_0.project_duration,
        p1_0.sdg_goal,
        p1_0.sdg_target,
        p1_0.status,
        p1_0.title,
        p1_0.total_budget 
    from
        projects p1_0 
    left join
        ngo_profiles n1_0 
            on n1_0.id=p1_0.ngo_id 
    where
        n1_0.id=?
Hibernate: 
    select
        mcr1_0.id,
        mcr1_0.created_at,
        mcr1_0.milestone_id,
        mcr1_0.ngo_response_note,
        mcr1_0.original_version_id,
        mcr1_0.proposed_version_id,
        mcr1_0.requested_by_org_id,
        mcr1_0.responded_at,
        mcr1_0.status 
    from
        milestone_change_requests mcr1_0 
    left join
        milestones m1_0 
            on m1_0.id=mcr1_0.milestone_id 
    left join
        projects p1_0 
            on p1_0.id=m1_0.project_id 
    where
        p1_0.id=? 
        and mcr1_0.status=?
Hibernate: 
    select
        mcr1_0.id,
        mcr1_0.created_at,
        mcr1_0.milestone_id,
        mcr1_0.ngo_response_note,
        mcr1_0.original_version_id,
        mcr1_0.proposed_version_id,
        mcr1_0.requested_by_org_id,
        mcr1_0.responded_at,
        mcr1_0.status 
    from
        milestone_change_requests mcr1_0 
    left join
        milestones m1_0 
            on m1_0.id=mcr1_0.milestone_id 
    left join
        projects p1_0 
            on p1_0.id=m1_0.project_id 
    where
        p1_0.id=? 
        and mcr1_0.status=?
Hibernate: 
    select
        mcr1_0.id,
        mcr1_0.created_at,
        mcr1_0.milestone_id,
        mcr1_0.ngo_response_note,
        mcr1_0.original_version_id,
        mcr1_0.proposed_version_id,
        mcr1_0.requested_by_org_id,
        mcr1_0.responded_at,
        mcr1_0.status 
    from
        milestone_change_requests mcr1_0 
    left join
        milestones m1_0 
            on m1_0.id=mcr1_0.milestone_id 
    left join
        projects p1_0 
            on p1_0.id=m1_0.project_id 
    where
        p1_0.id=? 
        and mcr1_0.status=?
Hibernate: 
    select
        m1_0.id,
        m1_0.additional_allocated_amount,
        m1_0.amount_allocated,
        m1_0.current_version_id,
        m1_0.description,
        m1_0.due_date,
        m1_0.project_id,
        m1_0.released_amount,
        m1_0.required_evidence,
        m1_0.sequence_number,
        m1_0.status,
        m1_0.title,
        m1_0.verification_requirements 
    from
        milestones m1_0 
    where
        m1_0.id=?
Hibernate: 
    select
        fp1_0.id,
        fp1_0.cin_number,
        fp1_0.org_name,
        fp1_0.org_type,
        fp1_0.total_donated,
        fp1_0.user_id 
    from
        funder_profiles fp1_0 
    where
        fp1_0.id=?
Hibernate: 
    select
        mv1_0.id,
        mv1_0.budget,
        mv1_0.change_reason,
        mv1_0.created_at,
        mv1_0.due_date,
        mv1_0.milestone_id,
        mv1_0.name,
        mv1_0.proposed_by,
        mv1_0.sequence,
        mv1_0.status,
        mv1_0.version_number 
    from
        milestone_versions mv1_0 
    where
        mv1_0.id=?
Hibernate: 
    select
        mv1_0.id,
        mv1_0.budget,
        mv1_0.change_reason,
        mv1_0.created_at,
        mv1_0.due_date,
        mv1_0.milestone_id,
        mv1_0.name,
        mv1_0.proposed_by,
        mv1_0.sequence,
        mv1_0.status,
        mv1_0.version_number 
    from
        milestone_versions mv1_0 
    where
        mv1_0.id=?
Hibernate: 
    select
        mcr1_0.id,
        mcr1_0.created_at,
        mcr1_0.milestone_id,
        mcr1_0.ngo_response_note,
        mcr1_0.original_version_id,
        mcr1_0.proposed_version_id,
        mcr1_0.requested_by_org_id,
        mcr1_0.responded_at,
        mcr1_0.status 
    from
        milestone_change_requests mcr1_0 
    left join
        milestones m1_0 
            on m1_0.id=mcr1_0.milestone_id 
    left join
        projects p1_0 
            on p1_0.id=m1_0.project_id 
    where
        p1_0.id=? 
        and mcr1_0.status=?
2026-08-13T00:51:47.191+05:30 DEBUG 334182 --- [demo] [nio-8081-exec-8] o.s.security.web.FilterChainProxy        : Securing POST /api/ngo/change-requests/a1445c72-bfcd-44b8-b827-567b8cb78ada/respond
Hibernate: 
    select
        u1_0.id,
        u1_0.created_at,
        u1_0.email,
        u1_0.full_name,
        u1_0.is_verified,
        u1_0.password_hash,
        u1_0.phone,
        u1_0.role,
        u1_0.updated_at 
    from
        users u1_0 
    where
        u1_0.email=?
2026-08-13T00:51:47.194+05:30 DEBUG 334182 --- [demo] [nio-8081-exec-8] o.s.security.web.FilterChainProxy        : Secured POST /api/ngo/change-requests/a1445c72-bfcd-44b8-b827-567b8cb78ada/respond
2026-08-13T00:51:47.206+05:30 DEBUG 334182 --- [demo] [nio-8081-exec-8] horizationManagerBeforeMethodInterceptor : Authorizing method invocation ReflectiveMethodInvocation: public org.springframework.http.ResponseEntity com.transparencychain.backend.controller.NgoNegotiationController.respondToChangeRequest(java.util.UUID,com.transparencychain.backend.dto.NgoChangeRequestResponseBody); target is of class [com.transparencychain.backend.controller.NgoNegotiationController]
2026-08-13T00:51:47.206+05:30 DEBUG 334182 --- [demo] [nio-8081-exec-8] horizationManagerBeforeMethodInterceptor : Authorized method invocation ReflectiveMethodInvocation: public org.springframework.http.ResponseEntity com.transparencychain.backend.controller.NgoNegotiationController.respondToChangeRequest(java.util.UUID,com.transparencychain.backend.dto.NgoChangeRequestResponseBody); target is of class [com.transparencychain.backend.controller.NgoNegotiationController]
Hibernate: 
    select
        mcr1_0.id,
        mcr1_0.created_at,
        mcr1_0.milestone_id,
        mcr1_0.ngo_response_note,
        mcr1_0.original_version_id,
        mcr1_0.proposed_version_id,
        mcr1_0.requested_by_org_id,
        mcr1_0.responded_at,
        mcr1_0.status 
    from
        milestone_change_requests mcr1_0 
    where
        mcr1_0.id=?
Hibernate: 
    select
        np1_0.id,
        np1_0.auditor_membership_number,
        np1_0.auditor_name,
        np1_0.authorized_signatory_designation,
        np1_0.authorized_signatory_name,
        np1_0.authorized_signatory_pan,
        np1_0.bank_account_name,
        np1_0.bank_account_number_encrypted,
        np1_0.contact_email,
        np1_0.contact_phone,
        np1_0.csr1registration_number,
        np1_0.darpan_id,
        np1_0.date_of_establishment,
        np1_0.fcra_number,
        np1_0.focus_sdg_goals,
        np1_0.gstin,
        np1_0.ifsc_code,
        np1_0.latitude,
        np1_0.longitude,
        np1_0.operational_states,
        np1_0.org_name,
        np1_0.pan_number,
        np1_0.reg12a_number,
        np1_0.reg80g_number,
        np1_0.registered_address,
        np1_0.registration_number,
        np1_0.registration_type,
        np1_0.trust_score,
        np1_0.user_id,
        np1_0.verification_status,
        np1_0.verified_at,
        np1_0.website 
    from
        ngo_profiles np1_0 
    left join
        users u1_0 
            on u1_0.id=np1_0.user_id 
    where
        u1_0.id=?
Hibernate: 
    select
        m1_0.id,
        m1_0.additional_allocated_amount,
        m1_0.amount_allocated,
        m1_0.current_version_id,
        m1_0.description,
        m1_0.due_date,
        m1_0.project_id,
        m1_0.released_amount,
        m1_0.required_evidence,
        m1_0.sequence_number,
        m1_0.status,
        m1_0.title,
        m1_0.verification_requirements 
    from
        milestones m1_0 
    where
        m1_0.id=?
Hibernate: 
    select
        p1_0.id,
        p1_0.created_at,
        p1_0.description,
        p1_0.expected_beneficiaries,
        p1_0.funder_id,
        p1_0.geography,
        p1_0.impact_kpi,
        p1_0.latitude,
        p1_0.longitude,
        p1_0.ngo_id,
        p1_0.project_duration,
        p1_0.sdg_goal,
        p1_0.sdg_target,
        p1_0.status,
        p1_0.title,
        p1_0.total_budget 
    from
        projects p1_0 
    where
        p1_0.id=?
Hibernate: 
    select
        mv1_0.id,
        mv1_0.budget,
        mv1_0.change_reason,
        mv1_0.created_at,
        mv1_0.due_date,
        mv1_0.milestone_id,
        mv1_0.name,
        mv1_0.proposed_by,
        mv1_0.sequence,
        mv1_0.status,
        mv1_0.version_number 
    from
        milestone_versions mv1_0 
    where
        mv1_0.id=?
Hibernate: 
    update
        milestone_change_requests 
    set
        created_at=?,
        milestone_id=?,
        ngo_response_note=?,
        original_version_id=?,
        proposed_version_id=?,
        requested_by_org_id=?,
        responded_at=?,
        status=? 
    where
        id=?
Hibernate: 
    update
        milestone_versions 
    set
        budget=?,
        change_reason=?,
        created_at=?,
        due_date=?,
        milestone_id=?,
        name=?,
        proposed_by=?,
        sequence=?,
        status=?,
        version_number=? 
    where
        id=?
Hibernate: 
    select
        mv1_0.id,
        mv1_0.budget,
        mv1_0.change_reason,
        mv1_0.created_at,
        mv1_0.due_date,
        mv1_0.milestone_id,
        mv1_0.name,
        mv1_0.proposed_by,
        mv1_0.sequence,
        mv1_0.status,
        mv1_0.version_number 
    from
        milestone_versions mv1_0 
    left join
        milestones m1_0 
            on m1_0.id=mv1_0.milestone_id 
    where
        m1_0.id=? 
    order by
        mv1_0.version_number desc 
    limit
        ?
Hibernate: 
    select
        al1_0.id,
        al1_0.current_hash,
        al1_0.entity_id,
        al1_0.entity_type,
        al1_0.payload,
        al1_0.previous_hash,
        al1_0.timestamp 
    from
        audit_logs al1_0 
    order by
        al1_0.timestamp desc 
    limit
        ?
Hibernate: 
    select
        fp1_0.id,
        fp1_0.cin_number,
        fp1_0.org_name,
        fp1_0.org_type,
        fp1_0.total_donated,
        fp1_0.user_id 
    from
        funder_profiles fp1_0 
    where
        fp1_0.id=?
Hibernate: 
    select
        mv1_0.id,
        mv1_0.budget,
        mv1_0.change_reason,
        mv1_0.created_at,
        mv1_0.due_date,
        mv1_0.milestone_id,
        mv1_0.name,
        mv1_0.proposed_by,
        mv1_0.sequence,
        mv1_0.status,
        mv1_0.version_number 
    from
        milestone_versions mv1_0 
    where
        mv1_0.id=?
Hibernate: 
    insert 
    into
        milestone_versions
        (budget, change_reason, created_at, due_date, milestone_id, name, proposed_by, sequence, status, version_number, id) 
    values
        (?, ?, ?, ?, ?, ?, ?, ?, ?, ?, ?)
Hibernate: 
    insert 
    into
        milestone_change_requests
        (created_at, milestone_id, ngo_response_note, original_version_id, proposed_version_id, requested_by_org_id, responded_at, status, id) 
    values
        (?, ?, ?, ?, ?, ?, ?, ?, ?)
Hibernate: 
    insert 
    into
        audit_logs
        (current_hash, entity_id, entity_type, payload, previous_hash, timestamp, id) 
    values
        (?, ?, ?, ?, ?, ?, ?)
2026-08-13T00:51:47.243+05:30 DEBUG 334182 --- [demo] [nio-8081-exec-9] o.s.security.web.FilterChainProxy        : Securing GET /api/ngo/change-requests?status=PENDING
Hibernate: 
    select
        u1_0.id,
        u1_0.created_at,
        u1_0.email,
        u1_0.full_name,
        u1_0.is_verified,
        u1_0.password_hash,
        u1_0.phone,
        u1_0.role,
        u1_0.updated_at 
    from
        users u1_0 
    where
        u1_0.email=?
2026-08-13T00:51:47.247+05:30 DEBUG 334182 --- [demo] [nio-8081-exec-9] o.s.security.web.FilterChainProxy        : Secured GET /api/ngo/change-requests?status=PENDING
2026-08-13T00:51:47.248+05:30 DEBUG 334182 --- [demo] [nio-8081-exec-9] horizationManagerBeforeMethodInterceptor : Authorizing method invocation ReflectiveMethodInvocation: public org.springframework.http.ResponseEntity com.transparencychain.backend.controller.NgoNegotiationController.getPendingChangeRequests(java.lang.String); target is of class [com.transparencychain.backend.controller.NgoNegotiationController]
2026-08-13T00:51:47.248+05:30 DEBUG 334182 --- [demo] [nio-8081-exec-9] horizationManagerBeforeMethodInterceptor : Authorized method invocation ReflectiveMethodInvocation: public org.springframework.http.ResponseEntity com.transparencychain.backend.controller.NgoNegotiationController.getPendingChangeRequests(java.lang.String); target is of class [com.transparencychain.backend.controller.NgoNegotiationController]
Hibernate: 
    select
        np1_0.id,
        np1_0.auditor_membership_number,
        np1_0.auditor_name,
        np1_0.authorized_signatory_designation,
        np1_0.authorized_signatory_name,
        np1_0.authorized_signatory_pan,
        np1_0.bank_account_name,
        np1_0.bank_account_number_encrypted,
        np1_0.contact_email,
        np1_0.contact_phone,
        np1_0.csr1registration_number,
        np1_0.darpan_id,
        np1_0.date_of_establishment,
        np1_0.fcra_number,
        np1_0.focus_sdg_goals,
        np1_0.gstin,
        np1_0.ifsc_code,
        np1_0.latitude,
        np1_0.longitude,
        np1_0.operational_states,
        np1_0.org_name,
        np1_0.pan_number,
        np1_0.reg12a_number,
        np1_0.reg80g_number,
        np1_0.registered_address,
        np1_0.registration_number,
        np1_0.registration_type,
        np1_0.trust_score,
        np1_0.user_id,
        np1_0.verification_status,
        np1_0.verified_at,
        np1_0.website 
    from
        ngo_profiles np1_0 
    left join
        users u1_0 
            on u1_0.id=np1_0.user_id 
    where
        u1_0.id=?
Hibernate: 
    select
        p1_0.id,
        p1_0.created_at,
        p1_0.description,
        p1_0.expected_beneficiaries,
        p1_0.funder_id,
        p1_0.geography,
        p1_0.impact_kpi,
        p1_0.latitude,
        p1_0.longitude,
        p1_0.ngo_id,
        p1_0.project_duration,
        p1_0.sdg_goal,
        p1_0.sdg_target,
        p1_0.status,
        p1_0.title,
        p1_0.total_budget 
    from
        projects p1_0 
    left join
        ngo_profiles n1_0 
            on n1_0.id=p1_0.ngo_id 
    where
        n1_0.id=?
Hibernate: 
    select
        mcr1_0.id,
        mcr1_0.created_at,
        mcr1_0.milestone_id,
        mcr1_0.ngo_response_note,
        mcr1_0.original_version_id,
        mcr1_0.proposed_version_id,
        mcr1_0.requested_by_org_id,
        mcr1_0.responded_at,
        mcr1_0.status 
    from
        milestone_change_requests mcr1_0 
    left join
        milestones m1_0 
            on m1_0.id=mcr1_0.milestone_id 
    left join
        projects p1_0 
            on p1_0.id=m1_0.project_id 
    where
        p1_0.id=? 
        and mcr1_0.status=?
Hibernate: 
    select
        mcr1_0.id,
        mcr1_0.created_at,
        mcr1_0.milestone_id,
        mcr1_0.ngo_response_note,
        mcr1_0.original_version_id,
        mcr1_0.proposed_version_id,
        mcr1_0.requested_by_org_id,
        mcr1_0.responded_at,
        mcr1_0.status 
    from
        milestone_change_requests mcr1_0 
    left join
        milestones m1_0 
            on m1_0.id=mcr1_0.milestone_id 
    left join
        projects p1_0 
            on p1_0.id=m1_0.project_id 
    where
        p1_0.id=? 
        and mcr1_0.status=?
Hibernate: 
    select
        mcr1_0.id,
        mcr1_0.created_at,
        mcr1_0.milestone_id,
        mcr1_0.ngo_response_note,
        mcr1_0.original_version_id,
        mcr1_0.proposed_version_id,
        mcr1_0.requested_by_org_id,
        mcr1_0.responded_at,
        mcr1_0.status 
    from
        milestone_change_requests mcr1_0 
    left join
        milestones m1_0 
            on m1_0.id=mcr1_0.milestone_id 
    left join
        projects p1_0 
            on p1_0.id=m1_0.project_id 
    where
        p1_0.id=? 
        and mcr1_0.status=?
Hibernate: 
    select
        m1_0.id,
        m1_0.additional_allocated_amount,
        m1_0.amount_allocated,
        m1_0.current_version_id,
        m1_0.description,
        m1_0.due_date,
        m1_0.project_id,
        m1_0.released_amount,
        m1_0.required_evidence,
        m1_0.sequence_number,
        m1_0.status,
        m1_0.title,
        m1_0.verification_requirements 
    from
        milestones m1_0 
    where
        m1_0.id=?
Hibernate: 
    select
        fp1_0.id,
        fp1_0.cin_number,
        fp1_0.org_name,
        fp1_0.org_type,
        fp1_0.total_donated,
        fp1_0.user_id 
    from
        funder_profiles fp1_0 
    where
        fp1_0.id=?
Hibernate: 
    select
        mv1_0.id,
        mv1_0.budget,
        mv1_0.change_reason,
        mv1_0.created_at,
        mv1_0.due_date,
        mv1_0.milestone_id,
        mv1_0.name,
        mv1_0.proposed_by,
        mv1_0.sequence,
        mv1_0.status,
        mv1_0.version_number 
    from
        milestone_versions mv1_0 
    where
        mv1_0.id=?
Hibernate: 
    select
        mv1_0.id,
        mv1_0.budget,
        mv1_0.change_reason,
        mv1_0.created_at,
        mv1_0.due_date,
        mv1_0.milestone_id,
        mv1_0.name,
        mv1_0.proposed_by,
        mv1_0.sequence,
        mv1_0.status,
        mv1_0.version_number 
    from
        milestone_versions mv1_0 
    where
        mv1_0.id=?
Hibernate: 
    select
        mcr1_0.id,
        mcr1_0.created_at,
        mcr1_0.milestone_id,
        mcr1_0.ngo_response_note,
        mcr1_0.original_version_id,
        mcr1_0.proposed_version_id,
        mcr1_0.requested_by_org_id,
        mcr1_0.responded_at,
        mcr1_0.status 
    from
        milestone_change_requests mcr1_0 
    left join
        milestones m1_0 
            on m1_0.id=mcr1_0.milestone_id 
    left join
        projects p1_0 
            on p1_0.id=m1_0.project_id 
    where
        p1_0.id=? 
        and mcr1_0.status=?
2026-08-13T00:51:47.296+05:30 DEBUG 334182 --- [demo] [nio-8081-exec-1] o.s.security.web.FilterChainProxy        : Securing POST /api/ngo/change-requests/99d0f361-fd0b-41fe-84f6-2438d68b499a/respond
Hibernate: 
    select
        u1_0.id,
        u1_0.created_at,
        u1_0.email,
        u1_0.full_name,
        u1_0.is_verified,
        u1_0.password_hash,
        u1_0.phone,
        u1_0.role,
        u1_0.updated_at 
    from
        users u1_0 
    where
        u1_0.email=?
2026-08-13T00:51:47.299+05:30 DEBUG 334182 --- [demo] [nio-8081-exec-1] o.s.security.web.FilterChainProxy        : Secured POST /api/ngo/change-requests/99d0f361-fd0b-41fe-84f6-2438d68b499a/respond
2026-08-13T00:51:47.300+05:30 DEBUG 334182 --- [demo] [nio-8081-exec-1] horizationManagerBeforeMethodInterceptor : Authorizing method invocation ReflectiveMethodInvocation: public org.springframework.http.ResponseEntity com.transparencychain.backend.controller.NgoNegotiationController.respondToChangeRequest(java.util.UUID,com.transparencychain.backend.dto.NgoChangeRequestResponseBody); target is of class [com.transparencychain.backend.controller.NgoNegotiationController]
2026-08-13T00:51:47.300+05:30 DEBUG 334182 --- [demo] [nio-8081-exec-1] horizationManagerBeforeMethodInterceptor : Authorized method invocation ReflectiveMethodInvocation: public org.springframework.http.ResponseEntity com.transparencychain.backend.controller.NgoNegotiationController.respondToChangeRequest(java.util.UUID,com.transparencychain.backend.dto.NgoChangeRequestResponseBody); target is of class [com.transparencychain.backend.controller.NgoNegotiationController]
Hibernate: 
    select
        mcr1_0.id,
        mcr1_0.created_at,
        mcr1_0.milestone_id,
        mcr1_0.ngo_response_note,
        mcr1_0.original_version_id,
        mcr1_0.proposed_version_id,
        mcr1_0.requested_by_org_id,
        mcr1_0.responded_at,
        mcr1_0.status 
    from
        milestone_change_requests mcr1_0 
    where
        mcr1_0.id=?
Hibernate: 
    select
        np1_0.id,
        np1_0.auditor_membership_number,
        np1_0.auditor_name,
        np1_0.authorized_signatory_designation,
        np1_0.authorized_signatory_name,
        np1_0.authorized_signatory_pan,
        np1_0.bank_account_name,
        np1_0.bank_account_number_encrypted,
        np1_0.contact_email,
        np1_0.contact_phone,
        np1_0.csr1registration_number,
        np1_0.darpan_id,
        np1_0.date_of_establishment,
        np1_0.fcra_number,
        np1_0.focus_sdg_goals,
        np1_0.gstin,
        np1_0.ifsc_code,
        np1_0.latitude,
        np1_0.longitude,
        np1_0.operational_states,
        np1_0.org_name,
        np1_0.pan_number,
        np1_0.reg12a_number,
        np1_0.reg80g_number,
        np1_0.registered_address,
        np1_0.registration_number,
        np1_0.registration_type,
        np1_0.trust_score,
        np1_0.user_id,
        np1_0.verification_status,
        np1_0.verified_at,
        np1_0.website 
    from
        ngo_profiles np1_0 
    left join
        users u1_0 
            on u1_0.id=np1_0.user_id 
    where
        u1_0.id=?
Hibernate: 
    select
        m1_0.id,
        m1_0.additional_allocated_amount,
        m1_0.amount_allocated,
        m1_0.current_version_id,
        m1_0.description,
        m1_0.due_date,
        m1_0.project_id,
        m1_0.released_amount,
        m1_0.required_evidence,
        m1_0.sequence_number,
        m1_0.status,
        m1_0.title,
        m1_0.verification_requirements 
    from
        milestones m1_0 
    where
        m1_0.id=?
Hibernate: 
    select
        p1_0.id,
        p1_0.created_at,
        p1_0.description,
        p1_0.expected_beneficiaries,
        p1_0.funder_id,
        p1_0.geography,
        p1_0.impact_kpi,
        p1_0.latitude,
        p1_0.longitude,
        p1_0.ngo_id,
        p1_0.project_duration,
        p1_0.sdg_goal,
        p1_0.sdg_target,
        p1_0.status,
        p1_0.title,
        p1_0.total_budget 
    from
        projects p1_0 
    where
        p1_0.id=?
Hibernate: 
    select
        mv1_0.id,
        mv1_0.budget,
        mv1_0.change_reason,
        mv1_0.created_at,
        mv1_0.due_date,
        mv1_0.milestone_id,
        mv1_0.name,
        mv1_0.proposed_by,
        mv1_0.sequence,
        mv1_0.status,
        mv1_0.version_number 
    from
        milestone_versions mv1_0 
    where
        mv1_0.id=?
Hibernate: 
    select
        mv1_0.id,
        mv1_0.budget,
        mv1_0.change_reason,
        mv1_0.created_at,
        mv1_0.due_date,
        mv1_0.milestone_id,
        mv1_0.name,
        mv1_0.proposed_by,
        mv1_0.sequence,
        mv1_0.status,
        mv1_0.version_number 
    from
        milestone_versions mv1_0 
    where
        mv1_0.id=?
Hibernate: 
    select
        al1_0.id,
        al1_0.current_hash,
        al1_0.entity_id,
        al1_0.entity_type,
        al1_0.payload,
        al1_0.previous_hash,
        al1_0.timestamp 
    from
        audit_logs al1_0 
    order by
        al1_0.timestamp desc 
    limit
        ?
Hibernate: 
    select
        fp1_0.id,
        fp1_0.cin_number,
        fp1_0.org_name,
        fp1_0.org_type,
        fp1_0.total_donated,
        fp1_0.user_id 
    from
        funder_profiles fp1_0 
    where
        fp1_0.id=?
Hibernate: 
    insert 
    into
        audit_logs
        (current_hash, entity_id, entity_type, payload, previous_hash, timestamp, id) 
    values
        (?, ?, ?, ?, ?, ?, ?)
Hibernate: 
    update
        milestone_change_requests 
    set
        created_at=?,
        milestone_id=?,
        ngo_response_note=?,
        original_version_id=?,
        proposed_version_id=?,
        requested_by_org_id=?,
        responded_at=?,
        status=? 
    where
        id=?
Hibernate: 
    update
        milestones 
    set
        additional_allocated_amount=?,
        amount_allocated=?,
        current_version_id=?,
        description=?,
        due_date=?,
        project_id=?,
        released_amount=?,
        required_evidence=?,
        sequence_number=?,
        status=?,
        title=?,
        verification_requirements=? 
    where
        id=?
Hibernate: 
    update
        milestone_versions 
    set
        budget=?,
        change_reason=?,
        created_at=?,
        due_date=?,
        milestone_id=?,
        name=?,
        proposed_by=?,
        sequence=?,
        status=?,
        version_number=? 
    where
        id=?
2026-08-13T00:51:47.351+05:30 DEBUG 334182 --- [demo] [nio-8081-exec-2] o.s.security.web.FilterChainProxy        : Securing GET /api/org/projects/ab5fac0c-9601-11f1-8b56-a987a7b38995
Hibernate: 
    select
        u1_0.id,
        u1_0.created_at,
        u1_0.email,
        u1_0.full_name,
        u1_0.is_verified,
        u1_0.password_hash,
        u1_0.phone,
        u1_0.role,
        u1_0.updated_at 
    from
        users u1_0 
    where
        u1_0.email=?
2026-08-13T00:51:47.356+05:30 DEBUG 334182 --- [demo] [nio-8081-exec-2] o.s.security.web.FilterChainProxy        : Secured GET /api/org/projects/ab5fac0c-9601-11f1-8b56-a987a7b38995
2026-08-13T00:51:47.357+05:30 DEBUG 334182 --- [demo] [nio-8081-exec-2] horizationManagerBeforeMethodInterceptor : Authorizing method invocation ReflectiveMethodInvocation: public org.springframework.http.ResponseEntity com.transparencychain.backend.controller.OrgProjectController.getProjectDetail(java.util.UUID); target is of class [com.transparencychain.backend.controller.OrgProjectController]
2026-08-13T00:51:47.357+05:30 DEBUG 334182 --- [demo] [nio-8081-exec-2] horizationManagerBeforeMethodInterceptor : Authorized method invocation ReflectiveMethodInvocation: public org.springframework.http.ResponseEntity com.transparencychain.backend.controller.OrgProjectController.getProjectDetail(java.util.UUID); target is of class [com.transparencychain.backend.controller.OrgProjectController]
Hibernate: 
    select
        fp1_0.id,
        fp1_0.cin_number,
        fp1_0.org_name,
        fp1_0.org_type,
        fp1_0.total_donated,
        fp1_0.user_id 
    from
        funder_profiles fp1_0 
    left join
        users u1_0 
            on u1_0.id=fp1_0.user_id 
    where
        u1_0.id=?
Hibernate: 
    select
        p1_0.id,
        p1_0.created_at,
        p1_0.description,
        p1_0.expected_beneficiaries,
        p1_0.funder_id,
        p1_0.geography,
        p1_0.impact_kpi,
        p1_0.latitude,
        p1_0.longitude,
        p1_0.ngo_id,
        p1_0.project_duration,
        p1_0.sdg_goal,
        p1_0.sdg_target,
        p1_0.status,
        p1_0.title,
        p1_0.total_budget 
    from
        projects p1_0 
    where
        p1_0.id=?
Hibernate: 
    select
        ope1_0.id,
        ope1_0.committed_at,
        ope1_0.funder_id,
        ope1_0.project_id,
        ope1_0.status,
        ope1_0.viewed_at 
    from
        org_project_engagements ope1_0 
    left join
        funder_profiles f1_0 
            on f1_0.id=ope1_0.funder_id 
    left join
        projects p1_0 
            on p1_0.id=ope1_0.project_id 
    where
        f1_0.id=? 
        and p1_0.id=?
Hibernate: 
    select
        m1_0.id,
        m1_0.additional_allocated_amount,
        m1_0.amount_allocated,
        m1_0.current_version_id,
        m1_0.description,
        m1_0.due_date,
        m1_0.project_id,
        m1_0.released_amount,
        m1_0.required_evidence,
        m1_0.sequence_number,
        m1_0.status,
        m1_0.title,
        m1_0.verification_requirements 
    from
        milestones m1_0 
    left join
        projects p1_0 
            on p1_0.id=m1_0.project_id 
    where
        p1_0.id=?
Hibernate: 
    select
        np1_0.id,
        np1_0.auditor_membership_number,
        np1_0.auditor_name,
        np1_0.authorized_signatory_designation,
        np1_0.authorized_signatory_name,
        np1_0.authorized_signatory_pan,
        np1_0.bank_account_name,
        np1_0.bank_account_number_encrypted,
        np1_0.contact_email,
        np1_0.contact_phone,
        np1_0.csr1registration_number,
        np1_0.darpan_id,
        np1_0.date_of_establishment,
        np1_0.fcra_number,
        np1_0.focus_sdg_goals,
        np1_0.gstin,
        np1_0.ifsc_code,
        np1_0.latitude,
        np1_0.longitude,
        np1_0.operational_states,
        np1_0.org_name,
        np1_0.pan_number,
        np1_0.reg12a_number,
        np1_0.reg80g_number,
        np1_0.registered_address,
        np1_0.registration_number,
        np1_0.registration_type,
        np1_0.trust_score,
        np1_0.user_id,
        np1_0.verification_status,
        np1_0.verified_at,
        np1_0.website 
    from
        ngo_profiles np1_0 
    where
        np1_0.id=?
Hibernate: 
    select
        mv1_0.id,
        mv1_0.budget,
        mv1_0.change_reason,
        mv1_0.created_at,
        mv1_0.due_date,
        mv1_0.milestone_id,
        mv1_0.name,
        mv1_0.proposed_by,
        mv1_0.sequence,
        mv1_0.status,
        mv1_0.version_number 
    from
        milestone_versions mv1_0 
    where
        mv1_0.id=?
2026-08-13T00:51:47.401+05:30 DEBUG 334182 --- [demo] [nio-8081-exec-3] o.s.security.web.FilterChainProxy        : Securing POST /api/org/projects/ab5fac0c-9601-11f1-8b56-a987a7b38995/milestones/ab69ba54-9601-11f1-8b56-a987a7b38995/change-request
Hibernate: 
    select
        u1_0.id,
        u1_0.created_at,
        u1_0.email,
        u1_0.full_name,
        u1_0.is_verified,
        u1_0.password_hash,
        u1_0.phone,
        u1_0.role,
        u1_0.updated_at 
    from
        users u1_0 
    where
        u1_0.email=?
2026-08-13T00:51:47.404+05:30 DEBUG 334182 --- [demo] [nio-8081-exec-3] o.s.security.web.FilterChainProxy        : Secured POST /api/org/projects/ab5fac0c-9601-11f1-8b56-a987a7b38995/milestones/ab69ba54-9601-11f1-8b56-a987a7b38995/change-request
2026-08-13T00:51:47.406+05:30 DEBUG 334182 --- [demo] [nio-8081-exec-3] horizationManagerBeforeMethodInterceptor : Authorizing method invocation ReflectiveMethodInvocation: public org.springframework.http.ResponseEntity com.transparencychain.backend.controller.OrgNegotiationController.raiseChangeRequest(java.util.UUID,java.util.UUID,com.transparencychain.backend.dto.ChangeRequestBody); target is of class [com.transparencychain.backend.controller.OrgNegotiationController]
2026-08-13T00:51:47.406+05:30 DEBUG 334182 --- [demo] [nio-8081-exec-3] horizationManagerBeforeMethodInterceptor : Authorized method invocation ReflectiveMethodInvocation: public org.springframework.http.ResponseEntity com.transparencychain.backend.controller.OrgNegotiationController.raiseChangeRequest(java.util.UUID,java.util.UUID,com.transparencychain.backend.dto.ChangeRequestBody); target is of class [com.transparencychain.backend.controller.OrgNegotiationController]
Hibernate: 
    select
        fp1_0.id,
        fp1_0.cin_number,
        fp1_0.org_name,
        fp1_0.org_type,
        fp1_0.total_donated,
        fp1_0.user_id 
    from
        funder_profiles fp1_0 
    left join
        users u1_0 
            on u1_0.id=fp1_0.user_id 
    where
        u1_0.id=?
Hibernate: 
    select
        m1_0.id,
        m1_0.additional_allocated_amount,
        m1_0.amount_allocated,
        m1_0.current_version_id,
        m1_0.description,
        m1_0.due_date,
        m1_0.project_id,
        m1_0.released_amount,
        m1_0.required_evidence,
        m1_0.sequence_number,
        m1_0.status,
        m1_0.title,
        m1_0.verification_requirements 
    from
        milestones m1_0 
    where
        m1_0.id=?
Hibernate: 
    select
        mcr1_0.id 
    from
        milestone_change_requests mcr1_0 
    left join
        milestones m1_0 
            on m1_0.id=mcr1_0.milestone_id 
    where
        m1_0.id=? 
        and mcr1_0.status=? 
    limit
        ?
Hibernate: 
    select
        mv1_0.id,
        mv1_0.budget,
        mv1_0.change_reason,
        mv1_0.created_at,
        mv1_0.due_date,
        mv1_0.milestone_id,
        mv1_0.name,
        mv1_0.proposed_by,
        mv1_0.sequence,
        mv1_0.status,
        mv1_0.version_number 
    from
        milestone_versions mv1_0 
    left join
        milestones m1_0 
            on m1_0.id=mv1_0.milestone_id 
    where
        m1_0.id=? 
    order by
        mv1_0.version_number desc 
    limit
        ?
Hibernate: 
    insert 
    into
        milestone_versions
        (budget, change_reason, created_at, due_date, milestone_id, name, proposed_by, sequence, status, version_number, id) 
    values
        (?, ?, ?, ?, ?, ?, ?, ?, ?, ?, ?)
Hibernate: 
    update
        milestones 
    set
        additional_allocated_amount=?,
        amount_allocated=?,
        current_version_id=?,
        description=?,
        due_date=?,
        project_id=?,
        released_amount=?,
        required_evidence=?,
        sequence_number=?,
        status=?,
        title=?,
        verification_requirements=? 
    where
        id=?
Hibernate: 
    select
        mv1_0.id,
        mv1_0.budget,
        mv1_0.change_reason,
        mv1_0.created_at,
        mv1_0.due_date,
        mv1_0.milestone_id,
        mv1_0.name,
        mv1_0.proposed_by,
        mv1_0.sequence,
        mv1_0.status,
        mv1_0.version_number 
    from
        milestone_versions mv1_0 
    left join
        milestones m1_0 
            on m1_0.id=mv1_0.milestone_id 
    where
        m1_0.id=? 
    order by
        mv1_0.version_number desc 
    limit
        ?
Hibernate: 
    select
        ope1_0.id,
        ope1_0.committed_at,
        ope1_0.funder_id,
        ope1_0.project_id,
        ope1_0.status,
        ope1_0.viewed_at 
    from
        org_project_engagements ope1_0 
    left join
        funder_profiles f1_0 
            on f1_0.id=ope1_0.funder_id 
    left join
        projects p1_0 
            on p1_0.id=ope1_0.project_id 
    where
        f1_0.id=? 
        and p1_0.id=?
Hibernate: 
    select
        al1_0.id,
        al1_0.current_hash,
        al1_0.entity_id,
        al1_0.entity_type,
        al1_0.payload,
        al1_0.previous_hash,
        al1_0.timestamp 
    from
        audit_logs al1_0 
    order by
        al1_0.timestamp desc 
    limit
        ?
Hibernate: 
    insert 
    into
        milestone_versions
        (budget, change_reason, created_at, due_date, milestone_id, name, proposed_by, sequence, status, version_number, id) 
    values
        (?, ?, ?, ?, ?, ?, ?, ?, ?, ?, ?)
Hibernate: 
    insert 
    into
        milestone_change_requests
        (created_at, milestone_id, ngo_response_note, original_version_id, proposed_version_id, requested_by_org_id, responded_at, status, id) 
    values
        (?, ?, ?, ?, ?, ?, ?, ?, ?)
Hibernate: 
    insert 
    into
        audit_logs
        (current_hash, entity_id, entity_type, payload, previous_hash, timestamp, id) 
    values
        (?, ?, ?, ?, ?, ?, ?)
Hibernate: 
    update
        milestones 
    set
        additional_allocated_amount=?,
        amount_allocated=?,
        current_version_id=?,
        description=?,
        due_date=?,
        project_id=?,
        released_amount=?,
        required_evidence=?,
        sequence_number=?,
        status=?,
        title=?,
        verification_requirements=? 
    where
        id=?
2026-08-13T00:51:47.463+05:30 DEBUG 334182 --- [demo] [nio-8081-exec-5] o.s.security.web.FilterChainProxy        : Securing POST /api/org/change-requests/6839b3ec-9e18-4929-ae96-59592fcdf5ec/withdraw
Hibernate: 
    select
        u1_0.id,
        u1_0.created_at,
        u1_0.email,
        u1_0.full_name,
        u1_0.is_verified,
        u1_0.password_hash,
        u1_0.phone,
        u1_0.role,
        u1_0.updated_at 
    from
        users u1_0 
    where
        u1_0.email=?
2026-08-13T00:51:47.465+05:30 DEBUG 334182 --- [demo] [nio-8081-exec-5] o.s.security.web.FilterChainProxy        : Secured POST /api/org/change-requests/6839b3ec-9e18-4929-ae96-59592fcdf5ec/withdraw
2026-08-13T00:51:47.466+05:30 DEBUG 334182 --- [demo] [nio-8081-exec-5] horizationManagerBeforeMethodInterceptor : Authorizing method invocation ReflectiveMethodInvocation: public org.springframework.http.ResponseEntity com.transparencychain.backend.controller.OrgNegotiationController.withdrawChangeRequest(java.util.UUID); target is of class [com.transparencychain.backend.controller.OrgNegotiationController]
2026-08-13T00:51:47.466+05:30 DEBUG 334182 --- [demo] [nio-8081-exec-5] horizationManagerBeforeMethodInterceptor : Authorized method invocation ReflectiveMethodInvocation: public org.springframework.http.ResponseEntity com.transparencychain.backend.controller.OrgNegotiationController.withdrawChangeRequest(java.util.UUID); target is of class [com.transparencychain.backend.controller.OrgNegotiationController]
Hibernate: 
    select
        fp1_0.id,
        fp1_0.cin_number,
        fp1_0.org_name,
        fp1_0.org_type,
        fp1_0.total_donated,
        fp1_0.user_id 
    from
        funder_profiles fp1_0 
    left join
        users u1_0 
            on u1_0.id=fp1_0.user_id 
    where
        u1_0.id=?
Hibernate: 
    select
        mcr1_0.id,
        mcr1_0.created_at,
        mcr1_0.milestone_id,
        mcr1_0.ngo_response_note,
        mcr1_0.original_version_id,
        mcr1_0.proposed_version_id,
        mcr1_0.requested_by_org_id,
        mcr1_0.responded_at,
        mcr1_0.status 
    from
        milestone_change_requests mcr1_0 
    where
        mcr1_0.id=?
Hibernate: 
    select
        mv1_0.id,
        mv1_0.budget,
        mv1_0.change_reason,
        mv1_0.created_at,
        mv1_0.due_date,
        mv1_0.milestone_id,
        mv1_0.name,
        mv1_0.proposed_by,
        mv1_0.sequence,
        mv1_0.status,
        mv1_0.version_number 
    from
        milestone_versions mv1_0 
    where
        mv1_0.id=?
Hibernate: 
    select
        m1_0.id,
        m1_0.additional_allocated_amount,
        m1_0.amount_allocated,
        m1_0.current_version_id,
        m1_0.description,
        m1_0.due_date,
        m1_0.project_id,
        m1_0.released_amount,
        m1_0.required_evidence,
        m1_0.sequence_number,
        m1_0.status,
        m1_0.title,
        m1_0.verification_requirements 
    from
        milestones m1_0 
    where
        m1_0.id=?
Hibernate: 
    select
        al1_0.id,
        al1_0.current_hash,
        al1_0.entity_id,
        al1_0.entity_type,
        al1_0.payload,
        al1_0.previous_hash,
        al1_0.timestamp 
    from
        audit_logs al1_0 
    order by
        al1_0.timestamp desc 
    limit
        ?
Hibernate: 
    select
        mv1_0.id,
        mv1_0.budget,
        mv1_0.change_reason,
        mv1_0.created_at,
        mv1_0.due_date,
        mv1_0.milestone_id,
        mv1_0.name,
        mv1_0.proposed_by,
        mv1_0.sequence,
        mv1_0.status,
        mv1_0.version_number 
    from
        milestone_versions mv1_0 
    where
        mv1_0.id=?
Hibernate: 
    insert 
    into
        audit_logs
        (current_hash, entity_id, entity_type, payload, previous_hash, timestamp, id) 
    values
        (?, ?, ?, ?, ?, ?, ?)
Hibernate: 
    update
        milestone_change_requests 
    set
        created_at=?,
        milestone_id=?,
        ngo_response_note=?,
        original_version_id=?,
        proposed_version_id=?,
        requested_by_org_id=?,
        responded_at=?,
        status=? 
    where
        id=?
Hibernate: 
    update
        milestone_versions 
    set
        budget=?,
        change_reason=?,
        created_at=?,
        due_date=?,
        milestone_id=?,
        name=?,
        proposed_by=?,
        sequence=?,
        status=?,
        version_number=? 
    where
        id=?
Hibernate: 
    update
        milestones 
    set
        additional_allocated_amount=?,
        amount_allocated=?,
        current_version_id=?,
        description=?,
        due_date=?,
        project_id=?,
        released_amount=?,
        required_evidence=?,
        sequence_number=?,
        status=?,
        title=?,
        verification_requirements=? 
    where
        id=?
2026-08-13T00:51:47.494+05:30 DEBUG 334182 --- [demo] [nio-8081-exec-7] o.s.security.web.FilterChainProxy        : Securing POST /api/org/change-requests/6839b3ec-9e18-4929-ae96-59592fcdf5ec/withdraw
Hibernate: 
    select
        u1_0.id,
        u1_0.created_at,
        u1_0.email,
        u1_0.full_name,
        u1_0.is_verified,
        u1_0.password_hash,
        u1_0.phone,
        u1_0.role,
        u1_0.updated_at 
    from
        users u1_0 
    where
        u1_0.email=?
2026-08-13T00:51:47.498+05:30 DEBUG 334182 --- [demo] [nio-8081-exec-7] o.s.security.web.FilterChainProxy        : Secured POST /api/org/change-requests/6839b3ec-9e18-4929-ae96-59592fcdf5ec/withdraw
2026-08-13T00:51:47.498+05:30 DEBUG 334182 --- [demo] [nio-8081-exec-7] horizationManagerBeforeMethodInterceptor : Authorizing method invocation ReflectiveMethodInvocation: public org.springframework.http.ResponseEntity com.transparencychain.backend.controller.OrgNegotiationController.withdrawChangeRequest(java.util.UUID); target is of class [com.transparencychain.backend.controller.OrgNegotiationController]
2026-08-13T00:51:47.499+05:30 DEBUG 334182 --- [demo] [nio-8081-exec-7] horizationManagerBeforeMethodInterceptor : Authorized method invocation ReflectiveMethodInvocation: public org.springframework.http.ResponseEntity com.transparencychain.backend.controller.OrgNegotiationController.withdrawChangeRequest(java.util.UUID); target is of class [com.transparencychain.backend.controller.OrgNegotiationController]
Hibernate: 
    select
        fp1_0.id,
        fp1_0.cin_number,
        fp1_0.org_name,
        fp1_0.org_type,
        fp1_0.total_donated,
        fp1_0.user_id 
    from
        funder_profiles fp1_0 
    left join
        users u1_0 
            on u1_0.id=fp1_0.user_id 
    where
        u1_0.id=?
Hibernate: 
    select
        mcr1_0.id,
        mcr1_0.created_at,
        mcr1_0.milestone_id,
        mcr1_0.ngo_response_note,
        mcr1_0.original_version_id,
        mcr1_0.proposed_version_id,
        mcr1_0.requested_by_org_id,
        mcr1_0.responded_at,
        mcr1_0.status 
    from
        milestone_change_requests mcr1_0 
    where
        mcr1_0.id=?
2026-08-13T00:51:47.550+05:30 DEBUG 334182 --- [demo] [nio-8081-exec-8] o.s.security.web.FilterChainProxy        : Securing POST /api/org/projects/ab5fac0c-9601-11f1-8b56-a987a7b38995/commit
Hibernate: 
    select
        u1_0.id,
        u1_0.created_at,
        u1_0.email,
        u1_0.full_name,
        u1_0.is_verified,
        u1_0.password_hash,
        u1_0.phone,
        u1_0.role,
        u1_0.updated_at 
    from
        users u1_0 
    where
        u1_0.email=?
2026-08-13T00:51:47.553+05:30 DEBUG 334182 --- [demo] [nio-8081-exec-8] o.s.security.web.FilterChainProxy        : Secured POST /api/org/projects/ab5fac0c-9601-11f1-8b56-a987a7b38995/commit
2026-08-13T00:51:47.554+05:30 DEBUG 334182 --- [demo] [nio-8081-exec-8] horizationManagerBeforeMethodInterceptor : Authorizing method invocation ReflectiveMethodInvocation: public org.springframework.http.ResponseEntity com.transparencychain.backend.controller.OrgCommitmentController.createCommitment(java.util.UUID,com.transparencychain.backend.dto.CommitRequest); target is of class [com.transparencychain.backend.controller.OrgCommitmentController]
2026-08-13T00:51:47.555+05:30 DEBUG 334182 --- [demo] [nio-8081-exec-8] horizationManagerBeforeMethodInterceptor : Authorized method invocation ReflectiveMethodInvocation: public org.springframework.http.ResponseEntity com.transparencychain.backend.controller.OrgCommitmentController.createCommitment(java.util.UUID,com.transparencychain.backend.dto.CommitRequest); target is of class [com.transparencychain.backend.controller.OrgCommitmentController]
Hibernate: 
    select
        fp1_0.id,
        fp1_0.cin_number,
        fp1_0.org_name,
        fp1_0.org_type,
        fp1_0.total_donated,
        fp1_0.user_id 
    from
        funder_profiles fp1_0 
    left join
        users u1_0 
            on u1_0.id=fp1_0.user_id 
    where
        u1_0.id=?
Hibernate: 
    select
        p1_0.id,
        p1_0.created_at,
        p1_0.description,
        p1_0.expected_beneficiaries,
        p1_0.funder_id,
        p1_0.geography,
        p1_0.impact_kpi,
        p1_0.latitude,
        p1_0.longitude,
        p1_0.ngo_id,
        p1_0.project_duration,
        p1_0.sdg_goal,
        p1_0.sdg_target,
        p1_0.status,
        p1_0.title,
        p1_0.total_budget 
    from
        projects p1_0 
    where
        p1_0.id=?
Hibernate: 
    select
        ope1_0.id,
        ope1_0.committed_at,
        ope1_0.funder_id,
        ope1_0.project_id,
        ope1_0.status,
        ope1_0.viewed_at 
    from
        org_project_engagements ope1_0 
    left join
        funder_profiles f1_0 
            on f1_0.id=ope1_0.funder_id 
    left join
        projects p1_0 
            on p1_0.id=ope1_0.project_id 
    where
        f1_0.id=? 
        and p1_0.id=?
Hibernate: 
    select
        m1_0.id,
        m1_0.additional_allocated_amount,
        m1_0.amount_allocated,
        m1_0.current_version_id,
        m1_0.description,
        m1_0.due_date,
        m1_0.project_id,
        m1_0.released_amount,
        m1_0.required_evidence,
        m1_0.sequence_number,
        m1_0.status,
        m1_0.title,
        m1_0.verification_requirements 
    from
        milestones m1_0 
    left join
        projects p1_0 
            on p1_0.id=m1_0.project_id 
    where
        p1_0.id=?
Hibernate: 
    select
        mv1_0.id,
        mv1_0.budget,
        mv1_0.change_reason,
        mv1_0.created_at,
        mv1_0.due_date,
        mv1_0.milestone_id,
        mv1_0.name,
        mv1_0.proposed_by,
        mv1_0.sequence,
        mv1_0.status,
        mv1_0.version_number 
    from
        milestone_versions mv1_0 
    where
        mv1_0.id=?
Hibernate: 
    select
        mv1_0.id,
        mv1_0.budget,
        mv1_0.change_reason,
        mv1_0.created_at,
        mv1_0.due_date,
        mv1_0.milestone_id,
        mv1_0.name,
        mv1_0.proposed_by,
        mv1_0.sequence,
        mv1_0.status,
        mv1_0.version_number 
    from
        milestone_versions mv1_0 
    where
        mv1_0.id=?
2026-08-13T00:51:47.582+05:30 DEBUG 334182 --- [demo] [nio-8081-exec-9] o.s.security.web.FilterChainProxy        : Securing POST /api/org/projects/ab5fac0c-9601-11f1-8b56-a987a7b38995/commit
Hibernate: 
    select
        u1_0.id,
        u1_0.created_at,
        u1_0.email,
        u1_0.full_name,
        u1_0.is_verified,
        u1_0.password_hash,
        u1_0.phone,
        u1_0.role,
        u1_0.updated_at 
    from
        users u1_0 
    where
        u1_0.email=?
2026-08-13T00:51:47.591+05:30 DEBUG 334182 --- [demo] [nio-8081-exec-9] o.s.security.web.FilterChainProxy        : Secured POST /api/org/projects/ab5fac0c-9601-11f1-8b56-a987a7b38995/commit
2026-08-13T00:51:47.593+05:30 DEBUG 334182 --- [demo] [nio-8081-exec-9] horizationManagerBeforeMethodInterceptor : Authorizing method invocation ReflectiveMethodInvocation: public org.springframework.http.ResponseEntity com.transparencychain.backend.controller.OrgCommitmentController.createCommitment(java.util.UUID,com.transparencychain.backend.dto.CommitRequest); target is of class [com.transparencychain.backend.controller.OrgCommitmentController]
2026-08-13T00:51:47.594+05:30 DEBUG 334182 --- [demo] [nio-8081-exec-9] horizationManagerBeforeMethodInterceptor : Authorized method invocation ReflectiveMethodInvocation: public org.springframework.http.ResponseEntity com.transparencychain.backend.controller.OrgCommitmentController.createCommitment(java.util.UUID,com.transparencychain.backend.dto.CommitRequest); target is of class [com.transparencychain.backend.controller.OrgCommitmentController]
Hibernate: 
    select
        fp1_0.id,
        fp1_0.cin_number,
        fp1_0.org_name,
        fp1_0.org_type,
        fp1_0.total_donated,
        fp1_0.user_id 
    from
        funder_profiles fp1_0 
    left join
        users u1_0 
            on u1_0.id=fp1_0.user_id 
    where
        u1_0.id=?
Hibernate: 
    select
        p1_0.id,
        p1_0.created_at,
        p1_0.description,
        p1_0.expected_beneficiaries,
        p1_0.funder_id,
        p1_0.geography,
        p1_0.impact_kpi,
        p1_0.latitude,
        p1_0.longitude,
        p1_0.ngo_id,
        p1_0.project_duration,
        p1_0.sdg_goal,
        p1_0.sdg_target,
        p1_0.status,
        p1_0.title,
        p1_0.total_budget 
    from
        projects p1_0 
    where
        p1_0.id=?
Hibernate: 
    select
        ope1_0.id,
        ope1_0.committed_at,
        ope1_0.funder_id,
        ope1_0.project_id,
        ope1_0.status,
        ope1_0.viewed_at 
    from
        org_project_engagements ope1_0 
    left join
        funder_profiles f1_0 
            on f1_0.id=ope1_0.funder_id 
    left join
        projects p1_0 
            on p1_0.id=ope1_0.project_id 
    where
        f1_0.id=? 
        and p1_0.id=?
Hibernate: 
    select
        m1_0.id,
        m1_0.additional_allocated_amount,
        m1_0.amount_allocated,
        m1_0.current_version_id,
        m1_0.description,
        m1_0.due_date,
        m1_0.project_id,
        m1_0.released_amount,
        m1_0.required_evidence,
        m1_0.sequence_number,
        m1_0.status,
        m1_0.title,
        m1_0.verification_requirements 
    from
        milestones m1_0 
    left join
        projects p1_0 
            on p1_0.id=m1_0.project_id 
    where
        p1_0.id=?
Hibernate: 
    select
        mv1_0.id,
        mv1_0.budget,
        mv1_0.change_reason,
        mv1_0.created_at,
        mv1_0.due_date,
        mv1_0.milestone_id,
        mv1_0.name,
        mv1_0.proposed_by,
        mv1_0.sequence,
        mv1_0.status,
        mv1_0.version_number 
    from
        milestone_versions mv1_0 
    where
        mv1_0.id=?
Hibernate: 
    select
        mv1_0.id,
        mv1_0.budget,
        mv1_0.change_reason,
        mv1_0.created_at,
        mv1_0.due_date,
        mv1_0.milestone_id,
        mv1_0.name,
        mv1_0.proposed_by,
        mv1_0.sequence,
        mv1_0.status,
        mv1_0.version_number 
    from
        milestone_versions mv1_0 
    where
        mv1_0.id=?
Hibernate: 
    select
        al1_0.id,
        al1_0.current_hash,
        al1_0.entity_id,
        al1_0.entity_type,
        al1_0.payload,
        al1_0.previous_hash,
        al1_0.timestamp 
    from
        audit_logs al1_0 
    order by
        al1_0.timestamp desc 
    limit
        ?
Hibernate: 
    insert 
    into
        funding_commitments
        (budget_exceeded_warning, created_at, funder_id, project_id, status, total_committed_amount, id) 
    values
        (?, ?, ?, ?, ?, ?, ?)
Hibernate: 
    insert 
    into
        funding_milestone_commitments
        (committed_amount, milestone_id, id) 
    values
        (?, ?, ?)
Hibernate: 
    insert 
    into
        funding_milestone_commitments
        (committed_amount, milestone_id, id) 
    values
        (?, ?, ?)
Hibernate: 
    insert 
    into
        funding_milestone_commitments
        (committed_amount, milestone_id, id) 
    values
        (?, ?, ?)
Hibernate: 
    insert 
    into
        audit_logs
        (current_hash, entity_id, entity_type, payload, previous_hash, timestamp, id) 
    values
        (?, ?, ?, ?, ?, ?, ?)
Hibernate: 
    update
        org_project_engagements 
    set
        committed_at=?,
        funder_id=?,
        project_id=?,
        status=?,
        viewed_at=? 
    where
        id=?
Hibernate: 
    update
        milestones 
    set
        additional_allocated_amount=?,
        amount_allocated=?,
        current_version_id=?,
        description=?,
        due_date=?,
        project_id=?,
        released_amount=?,
        required_evidence=?,
        sequence_number=?,
        status=?,
        title=?,
        verification_requirements=? 
    where
        id=?
Hibernate: 
    update
        milestones 
    set
        additional_allocated_amount=?,
        amount_allocated=?,
        current_version_id=?,
        description=?,
        due_date=?,
        project_id=?,
        released_amount=?,
        required_evidence=?,
        sequence_number=?,
        status=?,
        title=?,
        verification_requirements=? 
    where
        id=?
Hibernate: 
    update
        funding_milestone_commitments 
    set
        funding_commitment_id=? 
    where
        id=?
Hibernate: 
    update
        funding_milestone_commitments 
    set
        funding_commitment_id=? 
    where
        id=?
Hibernate: 
    update
        funding_milestone_commitments 
    set
        funding_commitment_id=? 
    where
        id=?
2026-08-13T00:51:47.684+05:30 DEBUG 334182 --- [demo] [nio-8081-exec-1] o.s.security.web.FilterChainProxy        : Securing GET /api/org/commitments/3e27c0a3-17b8-48ab-af24-9448b827d230
Hibernate: 
    select
        u1_0.id,
        u1_0.created_at,
        u1_0.email,
        u1_0.full_name,
        u1_0.is_verified,
        u1_0.password_hash,
        u1_0.phone,
        u1_0.role,
        u1_0.updated_at 
    from
        users u1_0 
    where
        u1_0.email=?
2026-08-13T00:51:47.687+05:30 DEBUG 334182 --- [demo] [nio-8081-exec-1] o.s.security.web.FilterChainProxy        : Secured GET /api/org/commitments/3e27c0a3-17b8-48ab-af24-9448b827d230
2026-08-13T00:51:47.688+05:30 DEBUG 334182 --- [demo] [nio-8081-exec-1] horizationManagerBeforeMethodInterceptor : Authorizing method invocation ReflectiveMethodInvocation: public org.springframework.http.ResponseEntity com.transparencychain.backend.controller.OrgCommitmentController.getCommitment(java.util.UUID); target is of class [com.transparencychain.backend.controller.OrgCommitmentController]
2026-08-13T00:51:47.689+05:30 DEBUG 334182 --- [demo] [nio-8081-exec-1] horizationManagerBeforeMethodInterceptor : Authorized method invocation ReflectiveMethodInvocation: public org.springframework.http.ResponseEntity com.transparencychain.backend.controller.OrgCommitmentController.getCommitment(java.util.UUID); target is of class [com.transparencychain.backend.controller.OrgCommitmentController]
Hibernate: 
    select
        fp1_0.id,
        fp1_0.cin_number,
        fp1_0.org_name,
        fp1_0.org_type,
        fp1_0.total_donated,
        fp1_0.user_id 
    from
        funder_profiles fp1_0 
    left join
        users u1_0 
            on u1_0.id=fp1_0.user_id 
    where
        u1_0.id=?
Hibernate: 
    select
        fc1_0.id,
        fc1_0.budget_exceeded_warning,
        fc1_0.created_at,
        fc1_0.funder_id,
        fc1_0.project_id,
        fc1_0.status,
        fc1_0.total_committed_amount,
        cmb1_0.funding_commitment_id,
        cmb1_0.id,
        cmb1_0.committed_amount,
        cmb1_0.milestone_id 
    from
        funding_commitments fc1_0 
    left join
        funding_milestone_commitments cmb1_0 
            on fc1_0.id=cmb1_0.funding_commitment_id 
    where
        fc1_0.id=?
Hibernate: 
    select
        p1_0.id,
        p1_0.created_at,
        p1_0.description,
        p1_0.expected_beneficiaries,
        p1_0.funder_id,
        p1_0.geography,
        p1_0.impact_kpi,
        p1_0.latitude,
        p1_0.longitude,
        p1_0.ngo_id,
        p1_0.project_duration,
        p1_0.sdg_goal,
        p1_0.sdg_target,
        p1_0.status,
        p1_0.title,
        p1_0.total_budget 
    from
        projects p1_0 
    where
        p1_0.id=?
2026-08-13T00:51:47.719+05:30 DEBUG 334182 --- [demo] [nio-8081-exec-2] o.s.security.web.FilterChainProxy        : Securing POST /api/org/commitments/3e27c0a3-17b8-48ab-af24-9448b827d230/activate
Hibernate: 
    select
        u1_0.id,
        u1_0.created_at,
        u1_0.email,
        u1_0.full_name,
        u1_0.is_verified,
        u1_0.password_hash,
        u1_0.phone,
        u1_0.role,
        u1_0.updated_at 
    from
        users u1_0 
    where
        u1_0.email=?
2026-08-13T00:51:47.724+05:30 DEBUG 334182 --- [demo] [nio-8081-exec-2] o.s.security.web.FilterChainProxy        : Secured POST /api/org/commitments/3e27c0a3-17b8-48ab-af24-9448b827d230/activate
2026-08-13T00:51:47.725+05:30 DEBUG 334182 --- [demo] [nio-8081-exec-2] horizationManagerBeforeMethodInterceptor : Authorizing method invocation ReflectiveMethodInvocation: public org.springframework.http.ResponseEntity com.transparencychain.backend.controller.OrgCommitmentController.activateCommitment(java.util.UUID); target is of class [com.transparencychain.backend.controller.OrgCommitmentController]
2026-08-13T00:51:47.726+05:30 DEBUG 334182 --- [demo] [nio-8081-exec-2] horizationManagerBeforeMethodInterceptor : Authorized method invocation ReflectiveMethodInvocation: public org.springframework.http.ResponseEntity com.transparencychain.backend.controller.OrgCommitmentController.activateCommitment(java.util.UUID); target is of class [com.transparencychain.backend.controller.OrgCommitmentController]
Hibernate: 
    select
        fp1_0.id,
        fp1_0.cin_number,
        fp1_0.org_name,
        fp1_0.org_type,
        fp1_0.total_donated,
        fp1_0.user_id 
    from
        funder_profiles fp1_0 
    left join
        users u1_0 
            on u1_0.id=fp1_0.user_id 
    where
        u1_0.id=?
Hibernate: 
    select
        fc1_0.id,
        fc1_0.budget_exceeded_warning,
        fc1_0.created_at,
        fc1_0.funder_id,
        fc1_0.project_id,
        fc1_0.status,
        fc1_0.total_committed_amount,
        cmb1_0.funding_commitment_id,
        cmb1_0.id,
        cmb1_0.committed_amount,
        cmb1_0.milestone_id 
    from
        funding_commitments fc1_0 
    left join
        funding_milestone_commitments cmb1_0 
            on fc1_0.id=cmb1_0.funding_commitment_id 
    where
        fc1_0.id=?
Hibernate: 
    select
        ea1_0.id,
        ea1_0.locked_amount,
        ea1_0.project_id,
        ea1_0.released_amount,
        ea1_0.status 
    from
        escrow_accounts ea1_0 
    left join
        projects p1_0 
            on p1_0.id=ea1_0.project_id 
    where
        p1_0.id=?
Hibernate: 
    select
        p1_0.id,
        p1_0.created_at,
        p1_0.description,
        p1_0.expected_beneficiaries,
        p1_0.funder_id,
        p1_0.geography,
        p1_0.impact_kpi,
        p1_0.latitude,
        p1_0.longitude,
        p1_0.ngo_id,
        p1_0.project_duration,
        p1_0.sdg_goal,
        p1_0.sdg_target,
        p1_0.status,
        p1_0.title,
        p1_0.total_budget 
    from
        projects p1_0 
    where
        p1_0.id=?
[BLOCKCHAIN] Deploying Escrow for Project ID: ab5fac0c-9601-11f1-8b56-a987a7b38995
[BLOCKCHAIN] Locking 740000.00 ETH equivalent.
Hibernate: 
    select
        al1_0.id,
        al1_0.current_hash,
        al1_0.entity_id,
        al1_0.entity_type,
        al1_0.payload,
        al1_0.previous_hash,
        al1_0.timestamp 
    from
        audit_logs al1_0 
    order by
        al1_0.timestamp desc 
    limit
        ?
Hibernate: 
    select
        m1_0.id,
        m1_0.additional_allocated_amount,
        m1_0.amount_allocated,
        m1_0.current_version_id,
        m1_0.description,
        m1_0.due_date,
        m1_0.project_id,
        m1_0.released_amount,
        m1_0.required_evidence,
        m1_0.sequence_number,
        m1_0.status,
        m1_0.title,
        m1_0.verification_requirements 
    from
        milestones m1_0 
    left join
        projects p1_0 
            on p1_0.id=m1_0.project_id 
    where
        p1_0.id=?
Hibernate: 
    insert 
    into
        escrow_accounts
        (locked_amount, project_id, released_amount, status, id) 
    values
        (?, ?, ?, ?, ?)
Hibernate: 
    insert 
    into
        audit_logs
        (current_hash, entity_id, entity_type, payload, previous_hash, timestamp, id) 
    values
        (?, ?, ?, ?, ?, ?, ?)
Hibernate: 
    update
        projects 
    set
        created_at=?,
        description=?,
        expected_beneficiaries=?,
        funder_id=?,
        geography=?,
        impact_kpi=?,
        latitude=?,
        longitude=?,
        ngo_id=?,
        project_duration=?,
        sdg_goal=?,
        sdg_target=?,
        status=?,
        title=?,
        total_budget=? 
    where
        id=?
Hibernate: 
    update
        milestones 
    set
        additional_allocated_amount=?,
        amount_allocated=?,
        current_version_id=?,
        description=?,
        due_date=?,
        project_id=?,
        released_amount=?,
        required_evidence=?,
        sequence_number=?,
        status=?,
        title=?,
        verification_requirements=? 
    where
        id=?
Hibernate: 
    update
        milestones 
    set
        additional_allocated_amount=?,
        amount_allocated=?,
        current_version_id=?,
        description=?,
        due_date=?,
        project_id=?,
        released_amount=?,
        required_evidence=?,
        sequence_number=?,
        status=?,
        title=?,
        verification_requirements=? 
    where
        id=?
Hibernate: 
    update
        milestones 
    set
        additional_allocated_amount=?,
        amount_allocated=?,
        current_version_id=?,
        description=?,
        due_date=?,
        project_id=?,
        released_amount=?,
        required_evidence=?,
        sequence_number=?,
        status=?,
        title=?,
        verification_requirements=? 
    where
        id=?
Hibernate: 
    select
        ope1_0.id,
        ope1_0.committed_at,
        ope1_0.funder_id,
        ope1_0.project_id,
        ope1_0.status,
        ope1_0.viewed_at 
    from
        org_project_engagements ope1_0 
    left join
        funder_profiles f1_0 
            on f1_0.id=ope1_0.funder_id 
    left join
        projects p1_0 
            on p1_0.id=ope1_0.project_id 
    where
        f1_0.id=? 
        and p1_0.id=?
Hibernate: 
    select
        al1_0.id,
        al1_0.current_hash,
        al1_0.entity_id,
        al1_0.entity_type,
        al1_0.payload,
        al1_0.previous_hash,
        al1_0.timestamp 
    from
        audit_logs al1_0 
    order by
        al1_0.timestamp desc 
    limit
        ?
Hibernate: 
    insert 
    into
        audit_logs
        (current_hash, entity_id, entity_type, payload, previous_hash, timestamp, id) 
    values
        (?, ?, ?, ?, ?, ?, ?)
Hibernate: 
    update
        funding_commitments 
    set
        budget_exceeded_warning=?,
        created_at=?,
        funder_id=?,
        project_id=?,
        status=?,
        total_committed_amount=? 
    where
        id=?
Hibernate: 
    update
        org_project_engagements 
    set
        committed_at=?,
        funder_id=?,
        project_id=?,
        status=?,
        viewed_at=? 
    where
        id=?
2026-08-13T00:51:47.771+05:30 DEBUG 334182 --- [demo] [nio-8081-exec-4] o.s.security.web.FilterChainProxy        : Securing POST /api/org/projects/ab5fac0c-9601-11f1-8b56-a987a7b38995/commit
Hibernate: 
    select
        u1_0.id,
        u1_0.created_at,
        u1_0.email,
        u1_0.full_name,
        u1_0.is_verified,
        u1_0.password_hash,
        u1_0.phone,
        u1_0.role,
        u1_0.updated_at 
    from
        users u1_0 
    where
        u1_0.email=?
2026-08-13T00:51:47.776+05:30 DEBUG 334182 --- [demo] [nio-8081-exec-4] o.s.security.web.FilterChainProxy        : Secured POST /api/org/projects/ab5fac0c-9601-11f1-8b56-a987a7b38995/commit
2026-08-13T00:51:47.777+05:30 DEBUG 334182 --- [demo] [nio-8081-exec-4] horizationManagerBeforeMethodInterceptor : Authorizing method invocation ReflectiveMethodInvocation: public org.springframework.http.ResponseEntity com.transparencychain.backend.controller.OrgCommitmentController.createCommitment(java.util.UUID,com.transparencychain.backend.dto.CommitRequest); target is of class [com.transparencychain.backend.controller.OrgCommitmentController]
2026-08-13T00:51:47.777+05:30 DEBUG 334182 --- [demo] [nio-8081-exec-4] horizationManagerBeforeMethodInterceptor : Authorized method invocation ReflectiveMethodInvocation: public org.springframework.http.ResponseEntity com.transparencychain.backend.controller.OrgCommitmentController.createCommitment(java.util.UUID,com.transparencychain.backend.dto.CommitRequest); target is of class [com.transparencychain.backend.controller.OrgCommitmentController]
Hibernate: 
    select
        fp1_0.id,
        fp1_0.cin_number,
        fp1_0.org_name,
        fp1_0.org_type,
        fp1_0.total_donated,
        fp1_0.user_id 
    from
        funder_profiles fp1_0 
    left join
        users u1_0 
            on u1_0.id=fp1_0.user_id 
    where
        u1_0.id=?
Hibernate: 
    select
        p1_0.id,
        p1_0.created_at,
        p1_0.description,
        p1_0.expected_beneficiaries,
        p1_0.funder_id,
        p1_0.geography,
        p1_0.impact_kpi,
        p1_0.latitude,
        p1_0.longitude,
        p1_0.ngo_id,
        p1_0.project_duration,
        p1_0.sdg_goal,
        p1_0.sdg_target,
        p1_0.status,
        p1_0.title,
        p1_0.total_budget 
    from
        projects p1_0 
    where
        p1_0.id=?
2026-08-13T00:51:47.796+05:30 DEBUG 334182 --- [demo] [nio-8081-exec-3] o.s.security.web.FilterChainProxy        : Securing POST /api/ngo/milestones/ab69b76a-9601-11f1-8b56-a987a7b38995/tickets
Hibernate: 
    select
        u1_0.id,
        u1_0.created_at,
        u1_0.email,
        u1_0.full_name,
        u1_0.is_verified,
        u1_0.password_hash,
        u1_0.phone,
        u1_0.role,
        u1_0.updated_at 
    from
        users u1_0 
    where
        u1_0.email=?
2026-08-13T00:51:47.800+05:30 DEBUG 334182 --- [demo] [nio-8081-exec-3] o.s.security.web.FilterChainProxy        : Secured POST /api/ngo/milestones/ab69b76a-9601-11f1-8b56-a987a7b38995/tickets
2026-08-13T00:51:47.800+05:30 DEBUG 334182 --- [demo] [nio-8081-exec-3] horizationManagerBeforeMethodInterceptor : Authorizing method invocation ReflectiveMethodInvocation: public org.springframework.http.ResponseEntity com.transparencychain.backend.controller.NgoTicketController.raiseTicket(java.util.UUID); target is of class [com.transparencychain.backend.controller.NgoTicketController]
2026-08-13T00:51:47.800+05:30 DEBUG 334182 --- [demo] [nio-8081-exec-3] horizationManagerBeforeMethodInterceptor : Authorized method invocation ReflectiveMethodInvocation: public org.springframework.http.ResponseEntity com.transparencychain.backend.controller.NgoTicketController.raiseTicket(java.util.UUID); target is of class [com.transparencychain.backend.controller.NgoTicketController]
Hibernate: 
    select
        m1_0.id,
        m1_0.additional_allocated_amount,
        m1_0.amount_allocated,
        m1_0.current_version_id,
        m1_0.description,
        m1_0.due_date,
        m1_0.project_id,
        m1_0.released_amount,
        m1_0.required_evidence,
        m1_0.sequence_number,
        m1_0.status,
        m1_0.title,
        m1_0.verification_requirements 
    from
        milestones m1_0 
    where
        m1_0.id=?
Hibernate: 
    select
        u1_0.id,
        u1_0.created_at,
        u1_0.email,
        u1_0.full_name,
        u1_0.is_verified,
        u1_0.password_hash,
        u1_0.phone,
        u1_0.role,
        u1_0.updated_at 
    from
        users u1_0 
    where
        u1_0.id=?
Hibernate: 
    select
        ps1_0.id,
        ps1_0.file_type,
        ps1_0.file_url,
        ps1_0.metadata,
        ps1_0.milestone_id,
        ps1_0.milestone_task_id,
        ps1_0.status,
        ps1_0.submitted_at 
    from
        proof_submissions ps1_0 
    left join
        milestones m1_0 
            on m1_0.id=ps1_0.milestone_id 
    where
        m1_0.id=?
2026-08-13T00:51:47.823+05:30 DEBUG 334182 --- [demo] [nio-8081-exec-6] o.s.security.web.FilterChainProxy        : Securing POST /api/v1/milestones/ab69b76a-9601-11f1-8b56-a987a7b38995/proofs
Hibernate: 
    select
        u1_0.id,
        u1_0.created_at,
        u1_0.email,
        u1_0.full_name,
        u1_0.is_verified,
        u1_0.password_hash,
        u1_0.phone,
        u1_0.role,
        u1_0.updated_at 
    from
        users u1_0 
    where
        u1_0.email=?
2026-08-13T00:51:47.827+05:30 DEBUG 334182 --- [demo] [nio-8081-exec-6] o.s.security.web.FilterChainProxy        : Secured POST /api/v1/milestones/ab69b76a-9601-11f1-8b56-a987a7b38995/proofs
2026-08-13T00:51:47.839+05:30 DEBUG 334182 --- [demo] [nio-8081-exec-6] horizationManagerBeforeMethodInterceptor : Authorizing method invocation ReflectiveMethodInvocation: public org.springframework.http.ResponseEntity com.transparencychain.backend.controller.ProofController.submitProof(java.util.UUID,org.springframework.web.multipart.MultipartFile,java.lang.String,java.lang.String); target is of class [com.transparencychain.backend.controller.ProofController]
2026-08-13T00:51:47.839+05:30 DEBUG 334182 --- [demo] [nio-8081-exec-6] horizationManagerBeforeMethodInterceptor : Authorized method invocation ReflectiveMethodInvocation: public org.springframework.http.ResponseEntity com.transparencychain.backend.controller.ProofController.submitProof(java.util.UUID,org.springframework.web.multipart.MultipartFile,java.lang.String,java.lang.String); target is of class [com.transparencychain.backend.controller.ProofController]
Hibernate: 
    select
        m1_0.id,
        m1_0.additional_allocated_amount,
        m1_0.amount_allocated,
        m1_0.current_version_id,
        m1_0.description,
        m1_0.due_date,
        m1_0.project_id,
        m1_0.released_amount,
        m1_0.required_evidence,
        m1_0.sequence_number,
        m1_0.status,
        m1_0.title,
        m1_0.verification_requirements 
    from
        milestones m1_0 
    where
        m1_0.id=?
Hibernate: 
    insert 
    into
        proof_submissions
        (file_type, file_url, metadata, milestone_id, milestone_task_id, status, submitted_at, id) 
    values
        (?, ?, ?, ?, ?, ?, ?, ?)
Hibernate: 
    update
        milestones 
    set
        additional_allocated_amount=?,
        amount_allocated=?,
        current_version_id=?,
        description=?,
        due_date=?,
        project_id=?,
        released_amount=?,
        required_evidence=?,
        sequence_number=?,
        status=?,
        title=?,
        verification_requirements=? 
    where
        id=?
Hibernate: 
    select
        al1_0.id,
        al1_0.current_hash,
        al1_0.entity_id,
        al1_0.entity_type,
        al1_0.payload,
        al1_0.previous_hash,
        al1_0.timestamp 
    from
        audit_logs al1_0 
    order by
        al1_0.timestamp desc 
    limit
        ?
Hibernate: 
    insert 
    into
        audit_logs
        (current_hash, entity_id, entity_type, payload, previous_hash, timestamp, id) 
    values
        (?, ?, ?, ?, ?, ?, ?)
java.io.IOException: Error: End-of-File, expected line at offset 35
	at org.apache.pdfbox.pdfparser.BaseParser.readLine(BaseParser.java:1124)
	at org.apache.pdfbox.pdfparser.COSParser.parseHeader(COSParser.java:2654)
	at org.apache.pdfbox.pdfparser.COSParser.parsePDFHeader(COSParser.java:2633)
	at org.apache.pdfbox.pdfparser.PDFParser.parse(PDFParser.java:217)
	at org.apache.pdfbox.pdmodel.PDDocument.load(PDDocument.java:1233)
	at org.apache.pdfbox.pdmodel.PDDocument.load(PDDocument.java:1133)
	at com.transparencychain.backend.service.OcrExtractionService.extractInvoice(OcrExtractionService.java:163)
	at com.transparencychain.backend.service.AiFraudDetectionService.analyzeProof(AiFraudDetectionService.java:47)
	at com.transparencychain.backend.controller.ProofController.lambda$submitProof$0(ProofController.java:62)
	at java.base/java.lang.Thread.run(Thread.java:1474)
Hibernate: 
    select
        ps1_0.id,
        ea1_0.id,
        ea1_0.analysis_details,
        ea1_0.created_at,
        ea1_0.document_quality_score,
        ea1_0.duplicate_score,
        ea1_0.fraud_score,
        ea1_0.gstin,
        ea1_0.invoice_amount,
        ea1_0.invoice_date,
        ea1_0.invoice_number,
        ea1_0.ocr_confidence,
        ea1_0.price_anomaly_score,
        ea1_0.evidence_id,
        ea1_0.raw_ocr_text,
        ea1_0.result,
        ea1_0.tax_amount,
        ea1_0.updated_at,
        ea1_0.vendor_name,
        ea1_0.vendor_risk_score,
        ps1_0.file_type,
        ps1_0.file_url,
        ps1_0.metadata,
        ps1_0.milestone_id,
        ps1_0.milestone_task_id,
        ps1_0.status,
        ps1_0.submitted_at 
    from
        proof_submissions ps1_0 
    left join
        evidence_analysis ea1_0 
            on ps1_0.id=ea1_0.evidence_id 
    where
        ps1_0.id=?
Hibernate: 
    update
        proof_submissions 
    set
        file_type=?,
        file_url=?,
        metadata=?,
        milestone_id=?,
        milestone_task_id=?,
        status=?,
        submitted_at=? 
    where
        id=?
2026-08-13T00:51:47.892+05:30 DEBUG 334182 --- [demo] [nio-8081-exec-7] o.s.security.web.FilterChainProxy        : Securing POST /api/ngo/milestones/ab69b76a-9601-11f1-8b56-a987a7b38995/tickets
Hibernate: 
    select
        u1_0.id,
        u1_0.created_at,
        u1_0.email,
        u1_0.full_name,
        u1_0.is_verified,
        u1_0.password_hash,
        u1_0.phone,
        u1_0.role,
        u1_0.updated_at 
    from
        users u1_0 
    where
        u1_0.email=?
2026-08-13T00:51:47.899+05:30 DEBUG 334182 --- [demo] [nio-8081-exec-7] o.s.security.web.FilterChainProxy        : Secured POST /api/ngo/milestones/ab69b76a-9601-11f1-8b56-a987a7b38995/tickets
2026-08-13T00:51:47.900+05:30 DEBUG 334182 --- [demo] [nio-8081-exec-7] horizationManagerBeforeMethodInterceptor : Authorizing method invocation ReflectiveMethodInvocation: public org.springframework.http.ResponseEntity com.transparencychain.backend.controller.NgoTicketController.raiseTicket(java.util.UUID); target is of class [com.transparencychain.backend.controller.NgoTicketController]
2026-08-13T00:51:47.900+05:30 DEBUG 334182 --- [demo] [nio-8081-exec-7] horizationManagerBeforeMethodInterceptor : Authorized method invocation ReflectiveMethodInvocation: public org.springframework.http.ResponseEntity com.transparencychain.backend.controller.NgoTicketController.raiseTicket(java.util.UUID); target is of class [com.transparencychain.backend.controller.NgoTicketController]
Hibernate: 
    select
        m1_0.id,
        m1_0.additional_allocated_amount,
        m1_0.amount_allocated,
        m1_0.current_version_id,
        m1_0.description,
        m1_0.due_date,
        m1_0.project_id,
        m1_0.released_amount,
        m1_0.required_evidence,
        m1_0.sequence_number,
        m1_0.status,
        m1_0.title,
        m1_0.verification_requirements 
    from
        milestones m1_0 
    where
        m1_0.id=?
Hibernate: 
    select
        u1_0.id,
        u1_0.created_at,
        u1_0.email,
        u1_0.full_name,
        u1_0.is_verified,
        u1_0.password_hash,
        u1_0.phone,
        u1_0.role,
        u1_0.updated_at 
    from
        users u1_0 
    where
        u1_0.id=?
Hibernate: 
    select
        ps1_0.id,
        ps1_0.file_type,
        ps1_0.file_url,
        ps1_0.metadata,
        ps1_0.milestone_id,
        ps1_0.milestone_task_id,
        ps1_0.status,
        ps1_0.submitted_at 
    from
        proof_submissions ps1_0 
    left join
        milestones m1_0 
            on m1_0.id=ps1_0.milestone_id 
    where
        m1_0.id=?
Hibernate: 
    select
        ea1_0.id,
        ea1_0.analysis_details,
        ea1_0.created_at,
        ea1_0.document_quality_score,
        ea1_0.duplicate_score,
        ea1_0.fraud_score,
        ea1_0.gstin,
        ea1_0.invoice_amount,
        ea1_0.invoice_date,
        ea1_0.invoice_number,
        ea1_0.ocr_confidence,
        ea1_0.price_anomaly_score,
        ea1_0.evidence_id,
        ea1_0.raw_ocr_text,
        ea1_0.result,
        ea1_0.tax_amount,
        ea1_0.updated_at,
        ea1_0.vendor_name,
        ea1_0.vendor_risk_score 
    from
        evidence_analysis ea1_0 
    where
        ea1_0.evidence_id=?
Hibernate: 
    select
        al1_0.id,
        al1_0.current_hash,
        al1_0.entity_id,
        al1_0.entity_type,
        al1_0.payload,
        al1_0.previous_hash,
        al1_0.timestamp 
    from
        audit_logs al1_0 
    order by
        al1_0.timestamp desc 
    limit
        ?
Hibernate: 
    select
        al1_0.id,
        al1_0.current_hash,
        al1_0.entity_id,
        al1_0.entity_type,
        al1_0.payload,
        al1_0.previous_hash,
        al1_0.timestamp 
    from
        audit_logs al1_0 
    order by
        al1_0.timestamp desc 
    limit
        ?
Hibernate: 
    insert 
    into
        tickets
        (evidence_id, milestone_id, raised_at, raised_by_ngo_id, resolved_at, risk_level, risk_score, status, id) 
    values
        (?, ?, ?, ?, ?, ?, ?, ?, ?)
Hibernate: 
    insert 
    into
        audit_logs
        (current_hash, entity_id, entity_type, payload, previous_hash, timestamp, id) 
    values
        (?, ?, ?, ?, ?, ?, ?)
Hibernate: 
    insert 
    into
        audit_logs
        (current_hash, entity_id, entity_type, payload, previous_hash, timestamp, id) 
    values
        (?, ?, ?, ?, ?, ?, ?)
Hibernate: 
    update
        milestones 
    set
        additional_allocated_amount=?,
        amount_allocated=?,
        current_version_id=?,
        description=?,
        due_date=?,
        project_id=?,
        released_amount=?,
        required_evidence=?,
        sequence_number=?,
        status=?,
        title=?,
        verification_requirements=? 
    where
        id=?
2026-08-13T00:51:47.963+05:30 DEBUG 334182 --- [demo] [nio-8081-exec-8] o.s.security.web.FilterChainProxy        : Securing GET /api/org/tickets
Hibernate: 
    select
        u1_0.id,
        u1_0.created_at,
        u1_0.email,
        u1_0.full_name,
        u1_0.is_verified,
        u1_0.password_hash,
        u1_0.phone,
        u1_0.role,
        u1_0.updated_at 
    from
        users u1_0 
    where
        u1_0.email=?
2026-08-13T00:51:47.966+05:30 DEBUG 334182 --- [demo] [nio-8081-exec-8] o.s.security.web.FilterChainProxy        : Secured GET /api/org/tickets
2026-08-13T00:51:47.967+05:30 DEBUG 334182 --- [demo] [nio-8081-exec-8] horizationManagerBeforeMethodInterceptor : Authorizing method invocation ReflectiveMethodInvocation: public org.springframework.http.ResponseEntity com.transparencychain.backend.controller.OrgTicketController.getTickets(java.lang.String); target is of class [com.transparencychain.backend.controller.OrgTicketController]
2026-08-13T00:51:47.967+05:30 DEBUG 334182 --- [demo] [nio-8081-exec-8] horizationManagerBeforeMethodInterceptor : Authorized method invocation ReflectiveMethodInvocation: public org.springframework.http.ResponseEntity com.transparencychain.backend.controller.OrgTicketController.getTickets(java.lang.String); target is of class [com.transparencychain.backend.controller.OrgTicketController]
Hibernate: 
    select
        ope1_0.id,
        ope1_0.committed_at,
        ope1_0.funder_id,
        ope1_0.project_id,
        ope1_0.status,
        ope1_0.viewed_at 
    from
        org_project_engagements ope1_0
Hibernate: 
    select
        fp1_0.id,
        fp1_0.cin_number,
        fp1_0.org_name,
        fp1_0.org_type,
        fp1_0.total_donated,
        fp1_0.user_id 
    from
        funder_profiles fp1_0 
    where
        fp1_0.id=?
Hibernate: 
    select
        t1_0.id,
        t1_0.evidence_id,
        t1_0.milestone_id,
        t1_0.raised_at,
        t1_0.raised_by_ngo_id,
        t1_0.resolved_at,
        t1_0.risk_level,
        t1_0.risk_score,
        t1_0.status 
    from
        tickets t1_0
Hibernate: 
    select
        ps1_0.id,
        ps1_0.file_type,
        ps1_0.file_url,
        ps1_0.metadata,
        ps1_0.milestone_id,
        ps1_0.milestone_task_id,
        ps1_0.status,
        ps1_0.submitted_at 
    from
        proof_submissions ps1_0 
    where
        ps1_0.id=?
Hibernate: 
    select
        ea1_0.id,
        ea1_0.analysis_details,
        ea1_0.created_at,
        ea1_0.document_quality_score,
        ea1_0.duplicate_score,
        ea1_0.fraud_score,
        ea1_0.gstin,
        ea1_0.invoice_amount,
        ea1_0.invoice_date,
        ea1_0.invoice_number,
        ea1_0.ocr_confidence,
        ea1_0.price_anomaly_score,
        ea1_0.evidence_id,
        ea1_0.raw_ocr_text,
        ea1_0.result,
        ea1_0.tax_amount,
        ea1_0.updated_at,
        ea1_0.vendor_name,
        ea1_0.vendor_risk_score 
    from
        evidence_analysis ea1_0 
    where
        ea1_0.evidence_id=?
Hibernate: 
    select
        m1_0.id,
        m1_0.additional_allocated_amount,
        m1_0.amount_allocated,
        m1_0.current_version_id,
        m1_0.description,
        m1_0.due_date,
        m1_0.project_id,
        m1_0.released_amount,
        m1_0.required_evidence,
        m1_0.sequence_number,
        m1_0.status,
        m1_0.title,
        m1_0.verification_requirements 
    from
        milestones m1_0 
    where
        m1_0.id=?
Hibernate: 
    select
        u1_0.id,
        u1_0.created_at,
        u1_0.email,
        u1_0.full_name,
        u1_0.is_verified,
        u1_0.password_hash,
        u1_0.phone,
        u1_0.role,
        u1_0.updated_at 
    from
        users u1_0 
    where
        u1_0.id=?
2026-08-13T00:51:47.989+05:30 DEBUG 334182 --- [demo] [nio-8081-exec-9] o.s.security.web.FilterChainProxy        : Securing GET /api/org/tickets/d60a94ca-9fd8-4616-aac0-62f594c135e6
Hibernate: 
    select
        u1_0.id,
        u1_0.created_at,
        u1_0.email,
        u1_0.full_name,
        u1_0.is_verified,
        u1_0.password_hash,
        u1_0.phone,
        u1_0.role,
        u1_0.updated_at 
    from
        users u1_0 
    where
        u1_0.email=?
2026-08-13T00:51:47.993+05:30 DEBUG 334182 --- [demo] [nio-8081-exec-9] o.s.security.web.FilterChainProxy        : Secured GET /api/org/tickets/d60a94ca-9fd8-4616-aac0-62f594c135e6
2026-08-13T00:51:47.994+05:30 DEBUG 334182 --- [demo] [nio-8081-exec-9] horizationManagerBeforeMethodInterceptor : Authorizing method invocation ReflectiveMethodInvocation: public org.springframework.http.ResponseEntity com.transparencychain.backend.controller.OrgTicketController.getTicketDetail(java.util.UUID); target is of class [com.transparencychain.backend.controller.OrgTicketController]
2026-08-13T00:51:47.995+05:30 DEBUG 334182 --- [demo] [nio-8081-exec-9] horizationManagerBeforeMethodInterceptor : Authorized method invocation ReflectiveMethodInvocation: public org.springframework.http.ResponseEntity com.transparencychain.backend.controller.OrgTicketController.getTicketDetail(java.util.UUID); target is of class [com.transparencychain.backend.controller.OrgTicketController]
Hibernate: 
    select
        t1_0.id,
        t1_0.evidence_id,
        e1_0.id,
        e1_0.file_type,
        e1_0.file_url,
        e1_0.metadata,
        e1_0.milestone_id,
        e1_0.milestone_task_id,
        e1_0.status,
        e1_0.submitted_at,
        t1_0.milestone_id,
        m2_0.id,
        m2_0.additional_allocated_amount,
        m2_0.amount_allocated,
        m2_0.current_version_id,
        m2_0.description,
        m2_0.due_date,
        m2_0.project_id,
        m2_0.released_amount,
        m2_0.required_evidence,
        m2_0.sequence_number,
        m2_0.status,
        m2_0.title,
        m2_0.verification_requirements,
        t1_0.raised_at,
        t1_0.raised_by_ngo_id,
        rbn1_0.id,
        rbn1_0.created_at,
        rbn1_0.email,
        rbn1_0.full_name,
        rbn1_0.is_verified,
        rbn1_0.password_hash,
        rbn1_0.phone,
        rbn1_0.role,
        rbn1_0.updated_at,
        t1_0.resolved_at,
        t1_0.risk_level,
        t1_0.risk_score,
        t1_0.status 
    from
        tickets t1_0 
    join
        proof_submissions e1_0 
            on e1_0.id=t1_0.evidence_id 
    join
        milestones m2_0 
            on m2_0.id=t1_0.milestone_id 
    join
        users rbn1_0 
            on rbn1_0.id=t1_0.raised_by_ngo_id 
    where
        t1_0.id=?
Hibernate: 
    select
        ea1_0.id,
        ea1_0.analysis_details,
        ea1_0.created_at,
        ea1_0.document_quality_score,
        ea1_0.duplicate_score,
        ea1_0.fraud_score,
        ea1_0.gstin,
        ea1_0.invoice_amount,
        ea1_0.invoice_date,
        ea1_0.invoice_number,
        ea1_0.ocr_confidence,
        ea1_0.price_anomaly_score,
        ea1_0.evidence_id,
        ea1_0.raw_ocr_text,
        ea1_0.result,
        ea1_0.tax_amount,
        ea1_0.updated_at,
        ea1_0.vendor_name,
        ea1_0.vendor_risk_score 
    from
        evidence_analysis ea1_0 
    where
        ea1_0.evidence_id=?
Hibernate: 
    select
        ope1_0.id,
        ope1_0.committed_at,
        ope1_0.funder_id,
        ope1_0.project_id,
        ope1_0.status,
        ope1_0.viewed_at 
    from
        org_project_engagements ope1_0
Hibernate: 
    select
        fp1_0.id,
        fp1_0.cin_number,
        fp1_0.org_name,
        fp1_0.org_type,
        fp1_0.total_donated,
        fp1_0.user_id 
    from
        funder_profiles fp1_0 
    where
        fp1_0.id=?
Hibernate: 
    select
        tr1_0.id,
        tr1_0.comment,
        tr1_0.decision,
        tr1_0.reviewed_at,
        tr1_0.reviewed_by_org_user_id,
        tr1_0.ticket_id 
    from
        ticket_reviews tr1_0 
    left join
        tickets t1_0 
            on t1_0.id=tr1_0.ticket_id 
    where
        t1_0.id=? 
    order by
        tr1_0.reviewed_at
2026-08-13T00:51:48.017+05:30 DEBUG 334182 --- [demo] [nio-8081-exec-1] o.s.security.web.FilterChainProxy        : Securing POST /api/org/tickets/d60a94ca-9fd8-4616-aac0-62f594c135e6/decision
Hibernate: 
    select
        u1_0.id,
        u1_0.created_at,
        u1_0.email,
        u1_0.full_name,
        u1_0.is_verified,
        u1_0.password_hash,
        u1_0.phone,
        u1_0.role,
        u1_0.updated_at 
    from
        users u1_0 
    where
        u1_0.email=?
2026-08-13T00:51:48.020+05:30 DEBUG 334182 --- [demo] [nio-8081-exec-1] o.s.security.web.FilterChainProxy        : Secured POST /api/org/tickets/d60a94ca-9fd8-4616-aac0-62f594c135e6/decision
2026-08-13T00:51:48.022+05:30 DEBUG 334182 --- [demo] [nio-8081-exec-1] horizationManagerBeforeMethodInterceptor : Authorizing method invocation ReflectiveMethodInvocation: public org.springframework.http.ResponseEntity com.transparencychain.backend.controller.OrgTicketController.submitDecision(java.util.UUID,java.util.Map); target is of class [com.transparencychain.backend.controller.OrgTicketController]
2026-08-13T00:51:48.022+05:30 DEBUG 334182 --- [demo] [nio-8081-exec-1] horizationManagerBeforeMethodInterceptor : Authorized method invocation ReflectiveMethodInvocation: public org.springframework.http.ResponseEntity com.transparencychain.backend.controller.OrgTicketController.submitDecision(java.util.UUID,java.util.Map); target is of class [com.transparencychain.backend.controller.OrgTicketController]
Hibernate: 
    select
        t1_0.id,
        t1_0.evidence_id,
        e1_0.id,
        e1_0.file_type,
        e1_0.file_url,
        e1_0.metadata,
        e1_0.milestone_id,
        e1_0.milestone_task_id,
        e1_0.status,
        e1_0.submitted_at,
        t1_0.milestone_id,
        m2_0.id,
        m2_0.additional_allocated_amount,
        m2_0.amount_allocated,
        m2_0.current_version_id,
        m2_0.description,
        m2_0.due_date,
        m2_0.project_id,
        m2_0.released_amount,
        m2_0.required_evidence,
        m2_0.sequence_number,
        m2_0.status,
        m2_0.title,
        m2_0.verification_requirements,
        t1_0.raised_at,
        t1_0.raised_by_ngo_id,
        rbn1_0.id,
        rbn1_0.created_at,
        rbn1_0.email,
        rbn1_0.full_name,
        rbn1_0.is_verified,
        rbn1_0.password_hash,
        rbn1_0.phone,
        rbn1_0.role,
        rbn1_0.updated_at,
        t1_0.resolved_at,
        t1_0.risk_level,
        t1_0.risk_score,
        t1_0.status 
    from
        tickets t1_0 
    join
        proof_submissions e1_0 
            on e1_0.id=t1_0.evidence_id 
    join
        milestones m2_0 
            on m2_0.id=t1_0.milestone_id 
    join
        users rbn1_0 
            on rbn1_0.id=t1_0.raised_by_ngo_id 
    where
        t1_0.id=?
Hibernate: 
    select
        ea1_0.id,
        ea1_0.analysis_details,
        ea1_0.created_at,
        ea1_0.document_quality_score,
        ea1_0.duplicate_score,
        ea1_0.fraud_score,
        ea1_0.gstin,
        ea1_0.invoice_amount,
        ea1_0.invoice_date,
        ea1_0.invoice_number,
        ea1_0.ocr_confidence,
        ea1_0.price_anomaly_score,
        ea1_0.evidence_id,
        ea1_0.raw_ocr_text,
        ea1_0.result,
        ea1_0.tax_amount,
        ea1_0.updated_at,
        ea1_0.vendor_name,
        ea1_0.vendor_risk_score 
    from
        evidence_analysis ea1_0 
    where
        ea1_0.evidence_id=?
Hibernate: 
    select
        u1_0.id,
        u1_0.created_at,
        u1_0.email,
        u1_0.full_name,
        u1_0.is_verified,
        u1_0.password_hash,
        u1_0.phone,
        u1_0.role,
        u1_0.updated_at 
    from
        users u1_0 
    where
        u1_0.id=?
Hibernate: 
    insert 
    into
        ticket_reviews
        (comment, decision, reviewed_at, reviewed_by_org_user_id, ticket_id, id) 
    values
        (?, ?, ?, ?, ?, ?)
Hibernate: 
    select
        tr1_0.id,
        tr1_0.comment,
        tr1_0.decision,
        tr1_0.reviewed_at,
        tr1_0.reviewed_by_org_user_id,
        tr1_0.ticket_id 
    from
        ticket_reviews tr1_0 
    left join
        tickets t1_0 
            on t1_0.id=tr1_0.ticket_id 
    where
        t1_0.id=? 
    order by
        tr1_0.reviewed_at
Hibernate: 
    select
        al1_0.id,
        al1_0.current_hash,
        al1_0.entity_id,
        al1_0.entity_type,
        al1_0.payload,
        al1_0.previous_hash,
        al1_0.timestamp 
    from
        audit_logs al1_0 
    order by
        al1_0.timestamp desc 
    limit
        ?
Hibernate: 
    insert 
    into
        audit_logs
        (current_hash, entity_id, entity_type, payload, previous_hash, timestamp, id) 
    values
        (?, ?, ?, ?, ?, ?, ?)
Hibernate: 
    update
        milestones 
    set
        additional_allocated_amount=?,
        amount_allocated=?,
        current_version_id=?,
        description=?,
        due_date=?,
        project_id=?,
        released_amount=?,
        required_evidence=?,
        sequence_number=?,
        status=?,
        title=?,
        verification_requirements=? 
    where
        id=?
Hibernate: 
    update
        tickets 
    set
        evidence_id=?,
        milestone_id=?,
        raised_at=?,
        raised_by_ngo_id=?,
        resolved_at=?,
        risk_level=?,
        risk_score=?,
        status=? 
    where
        id=?
2026-08-13T00:51:48.081+05:30 DEBUG 334182 --- [demo] [nio-8081-exec-2] o.s.security.web.FilterChainProxy        : Securing POST /api/ngo/milestones/ab69b76a-9601-11f1-8b56-a987a7b38995/tickets
Hibernate: 
    select
        u1_0.id,
        u1_0.created_at,
        u1_0.email,
        u1_0.full_name,
        u1_0.is_verified,
        u1_0.password_hash,
        u1_0.phone,
        u1_0.role,
        u1_0.updated_at 
    from
        users u1_0 
    where
        u1_0.email=?
2026-08-13T00:51:48.084+05:30 DEBUG 334182 --- [demo] [nio-8081-exec-2] o.s.security.web.FilterChainProxy        : Secured POST /api/ngo/milestones/ab69b76a-9601-11f1-8b56-a987a7b38995/tickets
2026-08-13T00:51:48.084+05:30 DEBUG 334182 --- [demo] [nio-8081-exec-2] horizationManagerBeforeMethodInterceptor : Authorizing method invocation ReflectiveMethodInvocation: public org.springframework.http.ResponseEntity com.transparencychain.backend.controller.NgoTicketController.raiseTicket(java.util.UUID); target is of class [com.transparencychain.backend.controller.NgoTicketController]
2026-08-13T00:51:48.084+05:30 DEBUG 334182 --- [demo] [nio-8081-exec-2] horizationManagerBeforeMethodInterceptor : Authorized method invocation ReflectiveMethodInvocation: public org.springframework.http.ResponseEntity com.transparencychain.backend.controller.NgoTicketController.raiseTicket(java.util.UUID); target is of class [com.transparencychain.backend.controller.NgoTicketController]
Hibernate: 
    select
        m1_0.id,
        m1_0.additional_allocated_amount,
        m1_0.amount_allocated,
        m1_0.current_version_id,
        m1_0.description,
        m1_0.due_date,
        m1_0.project_id,
        m1_0.released_amount,
        m1_0.required_evidence,
        m1_0.sequence_number,
        m1_0.status,
        m1_0.title,
        m1_0.verification_requirements 
    from
        milestones m1_0 
    where
        m1_0.id=?
Hibernate: 
    select
        u1_0.id,
        u1_0.created_at,
        u1_0.email,
        u1_0.full_name,
        u1_0.is_verified,
        u1_0.password_hash,
        u1_0.phone,
        u1_0.role,
        u1_0.updated_at 
    from
        users u1_0 
    where
        u1_0.id=?
Hibernate: 
    select
        ps1_0.id,
        ps1_0.file_type,
        ps1_0.file_url,
        ps1_0.metadata,
        ps1_0.milestone_id,
        ps1_0.milestone_task_id,
        ps1_0.status,
        ps1_0.submitted_at 
    from
        proof_submissions ps1_0 
    left join
        milestones m1_0 
            on m1_0.id=ps1_0.milestone_id 
    where
        m1_0.id=?
Hibernate: 
    select
        ea1_0.id,
        ea1_0.analysis_details,
        ea1_0.created_at,
        ea1_0.document_quality_score,
        ea1_0.duplicate_score,
        ea1_0.fraud_score,
        ea1_0.gstin,
        ea1_0.invoice_amount,
        ea1_0.invoice_date,
        ea1_0.invoice_number,
        ea1_0.ocr_confidence,
        ea1_0.price_anomaly_score,
        ea1_0.evidence_id,
        ea1_0.raw_ocr_text,
        ea1_0.result,
        ea1_0.tax_amount,
        ea1_0.updated_at,
        ea1_0.vendor_name,
        ea1_0.vendor_risk_score 
    from
        evidence_analysis ea1_0 
    where
        ea1_0.evidence_id=?
Hibernate: 
    select
        al1_0.id,
        al1_0.current_hash,
        al1_0.entity_id,
        al1_0.entity_type,
        al1_0.payload,
        al1_0.previous_hash,
        al1_0.timestamp 
    from
        audit_logs al1_0 
    order by
        al1_0.timestamp desc 
    limit
        ?
Hibernate: 
    insert 
    into
        tickets
        (evidence_id, milestone_id, raised_at, raised_by_ngo_id, resolved_at, risk_level, risk_score, status, id) 
    values
        (?, ?, ?, ?, ?, ?, ?, ?, ?)
Hibernate: 
    insert 
    into
        audit_logs
        (current_hash, entity_id, entity_type, payload, previous_hash, timestamp, id) 
    values
        (?, ?, ?, ?, ?, ?, ?)
Hibernate: 
    update
        milestones 
    set
        additional_allocated_amount=?,
        amount_allocated=?,
        current_version_id=?,
        description=?,
        due_date=?,
        project_id=?,
        released_amount=?,
        required_evidence=?,
        sequence_number=?,
        status=?,
        title=?,
        verification_requirements=? 
    where
        id=?
2026-08-13T00:51:48.137+05:30 DEBUG 334182 --- [demo] [nio-8081-exec-4] o.s.security.web.FilterChainProxy        : Securing POST /api/org/tickets/05f2f07a-7d27-4947-9d89-dc01ec9a1023/decision
Hibernate: 
    select
        u1_0.id,
        u1_0.created_at,
        u1_0.email,
        u1_0.full_name,
        u1_0.is_verified,
        u1_0.password_hash,
        u1_0.phone,
        u1_0.role,
        u1_0.updated_at 
    from
        users u1_0 
    where
        u1_0.email=?
2026-08-13T00:51:48.140+05:30 DEBUG 334182 --- [demo] [nio-8081-exec-4] o.s.security.web.FilterChainProxy        : Secured POST /api/org/tickets/05f2f07a-7d27-4947-9d89-dc01ec9a1023/decision
2026-08-13T00:51:48.142+05:30 DEBUG 334182 --- [demo] [nio-8081-exec-4] horizationManagerBeforeMethodInterceptor : Authorizing method invocation ReflectiveMethodInvocation: public org.springframework.http.ResponseEntity com.transparencychain.backend.controller.OrgTicketController.submitDecision(java.util.UUID,java.util.Map); target is of class [com.transparencychain.backend.controller.OrgTicketController]
2026-08-13T00:51:48.142+05:30 DEBUG 334182 --- [demo] [nio-8081-exec-4] horizationManagerBeforeMethodInterceptor : Authorized method invocation ReflectiveMethodInvocation: public org.springframework.http.ResponseEntity com.transparencychain.backend.controller.OrgTicketController.submitDecision(java.util.UUID,java.util.Map); target is of class [com.transparencychain.backend.controller.OrgTicketController]
Hibernate: 
    select
        t1_0.id,
        t1_0.evidence_id,
        e1_0.id,
        e1_0.file_type,
        e1_0.file_url,
        e1_0.metadata,
        e1_0.milestone_id,
        e1_0.milestone_task_id,
        e1_0.status,
        e1_0.submitted_at,
        t1_0.milestone_id,
        m2_0.id,
        m2_0.additional_allocated_amount,
        m2_0.amount_allocated,
        m2_0.current_version_id,
        m2_0.description,
        m2_0.due_date,
        m2_0.project_id,
        m2_0.released_amount,
        m2_0.required_evidence,
        m2_0.sequence_number,
        m2_0.status,
        m2_0.title,
        m2_0.verification_requirements,
        t1_0.raised_at,
        t1_0.raised_by_ngo_id,
        rbn1_0.id,
        rbn1_0.created_at,
        rbn1_0.email,
        rbn1_0.full_name,
        rbn1_0.is_verified,
        rbn1_0.password_hash,
        rbn1_0.phone,
        rbn1_0.role,
        rbn1_0.updated_at,
        t1_0.resolved_at,
        t1_0.risk_level,
        t1_0.risk_score,
        t1_0.status 
    from
        tickets t1_0 
    join
        proof_submissions e1_0 
            on e1_0.id=t1_0.evidence_id 
    join
        milestones m2_0 
            on m2_0.id=t1_0.milestone_id 
    join
        users rbn1_0 
            on rbn1_0.id=t1_0.raised_by_ngo_id 
    where
        t1_0.id=?
Hibernate: 
    select
        ea1_0.id,
        ea1_0.analysis_details,
        ea1_0.created_at,
        ea1_0.document_quality_score,
        ea1_0.duplicate_score,
        ea1_0.fraud_score,
        ea1_0.gstin,
        ea1_0.invoice_amount,
        ea1_0.invoice_date,
        ea1_0.invoice_number,
        ea1_0.ocr_confidence,
        ea1_0.price_anomaly_score,
        ea1_0.evidence_id,
        ea1_0.raw_ocr_text,
        ea1_0.result,
        ea1_0.tax_amount,
        ea1_0.updated_at,
        ea1_0.vendor_name,
        ea1_0.vendor_risk_score 
    from
        evidence_analysis ea1_0 
    where
        ea1_0.evidence_id=?
Hibernate: 
    select
        u1_0.id,
        u1_0.created_at,
        u1_0.email,
        u1_0.full_name,
        u1_0.is_verified,
        u1_0.password_hash,
        u1_0.phone,
        u1_0.role,
        u1_0.updated_at 
    from
        users u1_0 
    where
        u1_0.id=?
Hibernate: 
    insert 
    into
        ticket_reviews
        (comment, decision, reviewed_at, reviewed_by_org_user_id, ticket_id, id) 
    values
        (?, ?, ?, ?, ?, ?)
Hibernate: 
    select
        tr1_0.id,
        tr1_0.comment,
        tr1_0.decision,
        tr1_0.reviewed_at,
        tr1_0.reviewed_by_org_user_id,
        tr1_0.ticket_id 
    from
        ticket_reviews tr1_0 
    left join
        tickets t1_0 
            on t1_0.id=tr1_0.ticket_id 
    where
        t1_0.id=? 
    order by
        tr1_0.reviewed_at
[BLOCKCHAIN] Calling releaseMilestoneFunds() on Smart Contract...
[BLOCKCHAIN] Releasing 200000.00 for Milestone ID: ab69b76a-9601-11f1-8b56-a987a7b38995
Hibernate: 
    select
        al1_0.id,
        al1_0.current_hash,
        al1_0.entity_id,
        al1_0.entity_type,
        al1_0.payload,
        al1_0.previous_hash,
        al1_0.timestamp 
    from
        audit_logs al1_0 
    order by
        al1_0.timestamp desc 
    limit
        ?
Hibernate: 
    select
        ea1_0.id,
        ea1_0.locked_amount,
        ea1_0.project_id,
        ea1_0.released_amount,
        ea1_0.status 
    from
        escrow_accounts ea1_0 
    left join
        projects p1_0 
            on p1_0.id=ea1_0.project_id 
    where
        p1_0.id=?
Hibernate: 
    select
        fc1_0.id,
        fc1_0.budget_exceeded_warning,
        fc1_0.created_at,
        fc1_0.funder_id,
        fc1_0.project_id,
        fc1_0.status,
        fc1_0.total_committed_amount 
    from
        funding_commitments fc1_0 
    left join
        projects p1_0 
            on p1_0.id=fc1_0.project_id 
    where
        p1_0.id=?
Hibernate: 
    select
        cmb1_0.funding_commitment_id,
        cmb1_0.id,
        cmb1_0.committed_amount,
        cmb1_0.milestone_id 
    from
        funding_milestone_commitments cmb1_0 
    where
        cmb1_0.funding_commitment_id=?
Hibernate: 
    insert 
    into
        audit_logs
        (current_hash, entity_id, entity_type, payload, previous_hash, timestamp, id) 
    values
        (?, ?, ?, ?, ?, ?, ?)
Hibernate: 
    update
        milestones 
    set
        additional_allocated_amount=?,
        amount_allocated=?,
        current_version_id=?,
        description=?,
        due_date=?,
        project_id=?,
        released_amount=?,
        required_evidence=?,
        sequence_number=?,
        status=?,
        title=?,
        verification_requirements=? 
    where
        id=?
Hibernate: 
    update
        tickets 
    set
        evidence_id=?,
        milestone_id=?,
        raised_at=?,
        raised_by_ngo_id=?,
        resolved_at=?,
        risk_level=?,
        risk_score=?,
        status=? 
    where
        id=?
Hibernate: 
    update
        escrow_accounts 
    set
        locked_amount=?,
        project_id=?,
        released_amount=?,
        status=? 
    where
        id=?
Hibernate: 
    select
        m1_0.id,
        m1_0.additional_allocated_amount,
        m1_0.amount_allocated,
        m1_0.current_version_id,
        m1_0.description,
        m1_0.due_date,
        m1_0.project_id,
        m1_0.released_amount,
        m1_0.required_evidence,
        m1_0.sequence_number,
        m1_0.status,
        m1_0.title,
        m1_0.verification_requirements 
    from
        milestones m1_0 
    left join
        projects p1_0 
            on p1_0.id=m1_0.project_id 
    where
        p1_0.id=?
Hibernate: 
    select
        m1_0.id,
        m1_0.additional_allocated_amount,
        m1_0.amount_allocated,
        m1_0.current_version_id,
        m1_0.description,
        m1_0.due_date,
        m1_0.project_id,
        m1_0.released_amount,
        m1_0.required_evidence,
        m1_0.sequence_number,
        m1_0.status,
        m1_0.title,
        m1_0.verification_requirements 
    from
        milestones m1_0 
    left join
        projects p1_0 
            on p1_0.id=m1_0.project_id 
    where
        p1_0.id=?
Hibernate: 
    select
        al1_0.id,
        al1_0.current_hash,
        al1_0.entity_id,
        al1_0.entity_type,
        al1_0.payload,
        al1_0.previous_hash,
        al1_0.timestamp 
    from
        audit_logs al1_0 
    order by
        al1_0.timestamp desc 
    limit
        ?
Hibernate: 
    insert 
    into
        audit_logs
        (current_hash, entity_id, entity_type, payload, previous_hash, timestamp, id) 
    values
        (?, ?, ?, ?, ?, ?, ?)
Hibernate: 
    update
        funding_commitments 
    set
        budget_exceeded_warning=?,
        created_at=?,
        funder_id=?,
        project_id=?,
        status=?,
        total_committed_amount=? 
    where
        id=?
2026-08-13T00:51:48.235+05:30 DEBUG 334182 --- [demo] [nio-8081-exec-6] o.s.security.web.FilterChainProxy        : Securing POST /api/v1/milestones/ab69ba54-9601-11f1-8b56-a987a7b38995/proofs
Hibernate: 
    select
        u1_0.id,
        u1_0.created_at,
        u1_0.email,
        u1_0.full_name,
        u1_0.is_verified,
        u1_0.password_hash,
        u1_0.phone,
        u1_0.role,
        u1_0.updated_at 
    from
        users u1_0 
    where
        u1_0.email=?
2026-08-13T00:51:48.242+05:30 DEBUG 334182 --- [demo] [nio-8081-exec-6] o.s.security.web.FilterChainProxy        : Secured POST /api/v1/milestones/ab69ba54-9601-11f1-8b56-a987a7b38995/proofs
2026-08-13T00:51:48.247+05:30 DEBUG 334182 --- [demo] [nio-8081-exec-6] horizationManagerBeforeMethodInterceptor : Authorizing method invocation ReflectiveMethodInvocation: public org.springframework.http.ResponseEntity com.transparencychain.backend.controller.ProofController.submitProof(java.util.UUID,org.springframework.web.multipart.MultipartFile,java.lang.String,java.lang.String); target is of class [com.transparencychain.backend.controller.ProofController]
2026-08-13T00:51:48.247+05:30 DEBUG 334182 --- [demo] [nio-8081-exec-6] horizationManagerBeforeMethodInterceptor : Authorized method invocation ReflectiveMethodInvocation: public org.springframework.http.ResponseEntity com.transparencychain.backend.controller.ProofController.submitProof(java.util.UUID,org.springframework.web.multipart.MultipartFile,java.lang.String,java.lang.String); target is of class [com.transparencychain.backend.controller.ProofController]
Hibernate: 
    select
        m1_0.id,
        m1_0.additional_allocated_amount,
        m1_0.amount_allocated,
        m1_0.current_version_id,
        m1_0.description,
        m1_0.due_date,
        m1_0.project_id,
        m1_0.released_amount,
        m1_0.required_evidence,
        m1_0.sequence_number,
        m1_0.status,
        m1_0.title,
        m1_0.verification_requirements 
    from
        milestones m1_0 
    where
        m1_0.id=?
Hibernate: 
    insert 
    into
        proof_submissions
        (file_type, file_url, metadata, milestone_id, milestone_task_id, status, submitted_at, id) 
    values
        (?, ?, ?, ?, ?, ?, ?, ?)
Hibernate: 
    update
        milestones 
    set
        additional_allocated_amount=?,
        amount_allocated=?,
        current_version_id=?,
        description=?,
        due_date=?,
        project_id=?,
        released_amount=?,
        required_evidence=?,
        sequence_number=?,
        status=?,
        title=?,
        verification_requirements=? 
    where
        id=?
Hibernate: 
    select
        al1_0.id,
        al1_0.current_hash,
        al1_0.entity_id,
        al1_0.entity_type,
        al1_0.payload,
        al1_0.previous_hash,
        al1_0.timestamp 
    from
        audit_logs al1_0 
    order by
        al1_0.timestamp desc 
    limit
        ?
Hibernate: 
    insert 
    into
        audit_logs
        (current_hash, entity_id, entity_type, payload, previous_hash, timestamp, id) 
    values
        (?, ?, ?, ?, ?, ?, ?)
java.io.IOException: Error: End-of-File, expected line at offset 35
	at org.apache.pdfbox.pdfparser.BaseParser.readLine(BaseParser.java:1124)
	at org.apache.pdfbox.pdfparser.COSParser.parseHeader(COSParser.java:2654)
	at org.apache.pdfbox.pdfparser.COSParser.parsePDFHeader(COSParser.java:2633)
	at org.apache.pdfbox.pdfparser.PDFParser.parse(PDFParser.java:217)
	at org.apache.pdfbox.pdmodel.PDDocument.load(PDDocument.java:1233)
	at org.apache.pdfbox.pdmodel.PDDocument.load(PDDocument.java:1133)
	at com.transparencychain.backend.service.OcrExtractionService.extractInvoice(OcrExtractionService.java:163)
	at com.transparencychain.backend.service.AiFraudDetectionService.analyzeProof(AiFraudDetectionService.java:47)
	at com.transparencychain.backend.controller.ProofController.lambda$submitProof$0(ProofController.java:62)
	at java.base/java.lang.Thread.run(Thread.java:1474)
Hibernate: 
    select
        ps1_0.id,
        ea1_0.id,
        ea1_0.analysis_details,
        ea1_0.created_at,
        ea1_0.document_quality_score,
        ea1_0.duplicate_score,
        ea1_0.fraud_score,
        ea1_0.gstin,
        ea1_0.invoice_amount,
        ea1_0.invoice_date,
        ea1_0.invoice_number,
        ea1_0.ocr_confidence,
        ea1_0.price_anomaly_score,
        ea1_0.evidence_id,
        ea1_0.raw_ocr_text,
        ea1_0.result,
        ea1_0.tax_amount,
        ea1_0.updated_at,
        ea1_0.vendor_name,
        ea1_0.vendor_risk_score,
        ps1_0.file_type,
        ps1_0.file_url,
        ps1_0.metadata,
        ps1_0.milestone_id,
        ps1_0.milestone_task_id,
        ps1_0.status,
        ps1_0.submitted_at 
    from
        proof_submissions ps1_0 
    left join
        evidence_analysis ea1_0 
            on ps1_0.id=ea1_0.evidence_id 
    where
        ps1_0.id=?
Hibernate: 
    update
        proof_submissions 
    set
        file_type=?,
        file_url=?,
        metadata=?,
        milestone_id=?,
        milestone_task_id=?,
        status=?,
        submitted_at=? 
    where
        id=?
Hibernate: 
    select
        al1_0.id,
        al1_0.current_hash,
        al1_0.entity_id,
        al1_0.entity_type,
        al1_0.payload,
        al1_0.previous_hash,
        al1_0.timestamp 
    from
        audit_logs al1_0 
    order by
        al1_0.timestamp desc 
    limit
        ?
Hibernate: 
    insert 
    into
        audit_logs
        (current_hash, entity_id, entity_type, payload, previous_hash, timestamp, id) 
    values
        (?, ?, ?, ?, ?, ?, ?)
2026-08-13T00:51:48.278+05:30 DEBUG 334182 --- [demo] [nio-8081-exec-5] o.s.security.web.FilterChainProxy        : Securing POST /api/ngo/milestones/ab69ba54-9601-11f1-8b56-a987a7b38995/tickets
Hibernate: 
    select
        u1_0.id,
        u1_0.created_at,
        u1_0.email,
        u1_0.full_name,
        u1_0.is_verified,
        u1_0.password_hash,
        u1_0.phone,
        u1_0.role,
        u1_0.updated_at 
    from
        users u1_0 
    where
        u1_0.email=?
2026-08-13T00:51:48.281+05:30 DEBUG 334182 --- [demo] [nio-8081-exec-5] o.s.security.web.FilterChainProxy        : Secured POST /api/ngo/milestones/ab69ba54-9601-11f1-8b56-a987a7b38995/tickets
2026-08-13T00:51:48.282+05:30 DEBUG 334182 --- [demo] [nio-8081-exec-5] horizationManagerBeforeMethodInterceptor : Authorizing method invocation ReflectiveMethodInvocation: public org.springframework.http.ResponseEntity com.transparencychain.backend.controller.NgoTicketController.raiseTicket(java.util.UUID); target is of class [com.transparencychain.backend.controller.NgoTicketController]
2026-08-13T00:51:48.282+05:30 DEBUG 334182 --- [demo] [nio-8081-exec-5] horizationManagerBeforeMethodInterceptor : Authorized method invocation ReflectiveMethodInvocation: public org.springframework.http.ResponseEntity com.transparencychain.backend.controller.NgoTicketController.raiseTicket(java.util.UUID); target is of class [com.transparencychain.backend.controller.NgoTicketController]
Hibernate: 
    select
        m1_0.id,
        m1_0.additional_allocated_amount,
        m1_0.amount_allocated,
        m1_0.current_version_id,
        m1_0.description,
        m1_0.due_date,
        m1_0.project_id,
        m1_0.released_amount,
        m1_0.required_evidence,
        m1_0.sequence_number,
        m1_0.status,
        m1_0.title,
        m1_0.verification_requirements 
    from
        milestones m1_0 
    where
        m1_0.id=?
Hibernate: 
    select
        u1_0.id,
        u1_0.created_at,
        u1_0.email,
        u1_0.full_name,
        u1_0.is_verified,
        u1_0.password_hash,
        u1_0.phone,
        u1_0.role,
        u1_0.updated_at 
    from
        users u1_0 
    where
        u1_0.id=?
Hibernate: 
    select
        ps1_0.id,
        ps1_0.file_type,
        ps1_0.file_url,
        ps1_0.metadata,
        ps1_0.milestone_id,
        ps1_0.milestone_task_id,
        ps1_0.status,
        ps1_0.submitted_at 
    from
        proof_submissions ps1_0 
    left join
        milestones m1_0 
            on m1_0.id=ps1_0.milestone_id 
    where
        m1_0.id=?
Hibernate: 
    select
        ea1_0.id,
        ea1_0.analysis_details,
        ea1_0.created_at,
        ea1_0.document_quality_score,
        ea1_0.duplicate_score,
        ea1_0.fraud_score,
        ea1_0.gstin,
        ea1_0.invoice_amount,
        ea1_0.invoice_date,
        ea1_0.invoice_number,
        ea1_0.ocr_confidence,
        ea1_0.price_anomaly_score,
        ea1_0.evidence_id,
        ea1_0.raw_ocr_text,
        ea1_0.result,
        ea1_0.tax_amount,
        ea1_0.updated_at,
        ea1_0.vendor_name,
        ea1_0.vendor_risk_score 
    from
        evidence_analysis ea1_0 
    where
        ea1_0.evidence_id=?
Hibernate: 
    select
        al1_0.id,
        al1_0.current_hash,
        al1_0.entity_id,
        al1_0.entity_type,
        al1_0.payload,
        al1_0.previous_hash,
        al1_0.timestamp 
    from
        audit_logs al1_0 
    order by
        al1_0.timestamp desc 
    limit
        ?
Hibernate: 
    insert 
    into
        tickets
        (evidence_id, milestone_id, raised_at, raised_by_ngo_id, resolved_at, risk_level, risk_score, status, id) 
    values
        (?, ?, ?, ?, ?, ?, ?, ?, ?)
Hibernate: 
    insert 
    into
        audit_logs
        (current_hash, entity_id, entity_type, payload, previous_hash, timestamp, id) 
    values
        (?, ?, ?, ?, ?, ?, ?)
Hibernate: 
    update
        milestones 
    set
        additional_allocated_amount=?,
        amount_allocated=?,
        current_version_id=?,
        description=?,
        due_date=?,
        project_id=?,
        released_amount=?,
        required_evidence=?,
        sequence_number=?,
        status=?,
        title=?,
        verification_requirements=? 
    where
        id=?
2026-08-13T00:51:48.347+05:30 DEBUG 334182 --- [demo] [nio-8081-exec-7] o.s.security.web.FilterChainProxy        : Securing POST /api/org/tickets/2a512188-c935-4e75-b25e-cf7d56ec7f6e/decision
Hibernate: 
    select
        u1_0.id,
        u1_0.created_at,
        u1_0.email,
        u1_0.full_name,
        u1_0.is_verified,
        u1_0.password_hash,
        u1_0.phone,
        u1_0.role,
        u1_0.updated_at 
    from
        users u1_0 
    where
        u1_0.email=?
2026-08-13T00:51:48.350+05:30 DEBUG 334182 --- [demo] [nio-8081-exec-7] o.s.security.web.FilterChainProxy        : Secured POST /api/org/tickets/2a512188-c935-4e75-b25e-cf7d56ec7f6e/decision
2026-08-13T00:51:48.351+05:30 DEBUG 334182 --- [demo] [nio-8081-exec-7] horizationManagerBeforeMethodInterceptor : Authorizing method invocation ReflectiveMethodInvocation: public org.springframework.http.ResponseEntity com.transparencychain.backend.controller.OrgTicketController.submitDecision(java.util.UUID,java.util.Map); target is of class [com.transparencychain.backend.controller.OrgTicketController]
2026-08-13T00:51:48.351+05:30 DEBUG 334182 --- [demo] [nio-8081-exec-7] horizationManagerBeforeMethodInterceptor : Authorized method invocation ReflectiveMethodInvocation: public org.springframework.http.ResponseEntity com.transparencychain.backend.controller.OrgTicketController.submitDecision(java.util.UUID,java.util.Map); target is of class [com.transparencychain.backend.controller.OrgTicketController]
Hibernate: 
    select
        t1_0.id,
        t1_0.evidence_id,
        e1_0.id,
        e1_0.file_type,
        e1_0.file_url,
        e1_0.metadata,
        e1_0.milestone_id,
        e1_0.milestone_task_id,
        e1_0.status,
        e1_0.submitted_at,
        t1_0.milestone_id,
        m2_0.id,
        m2_0.additional_allocated_amount,
        m2_0.amount_allocated,
        m2_0.current_version_id,
        m2_0.description,
        m2_0.due_date,
        m2_0.project_id,
        m2_0.released_amount,
        m2_0.required_evidence,
        m2_0.sequence_number,
        m2_0.status,
        m2_0.title,
        m2_0.verification_requirements,
        t1_0.raised_at,
        t1_0.raised_by_ngo_id,
        rbn1_0.id,
        rbn1_0.created_at,
        rbn1_0.email,
        rbn1_0.full_name,
        rbn1_0.is_verified,
        rbn1_0.password_hash,
        rbn1_0.phone,
        rbn1_0.role,
        rbn1_0.updated_at,
        t1_0.resolved_at,
        t1_0.risk_level,
        t1_0.risk_score,
        t1_0.status 
    from
        tickets t1_0 
    join
        proof_submissions e1_0 
            on e1_0.id=t1_0.evidence_id 
    join
        milestones m2_0 
            on m2_0.id=t1_0.milestone_id 
    join
        users rbn1_0 
            on rbn1_0.id=t1_0.raised_by_ngo_id 
    where
        t1_0.id=?
Hibernate: 
    select
        ea1_0.id,
        ea1_0.analysis_details,
        ea1_0.created_at,
        ea1_0.document_quality_score,
        ea1_0.duplicate_score,
        ea1_0.fraud_score,
        ea1_0.gstin,
        ea1_0.invoice_amount,
        ea1_0.invoice_date,
        ea1_0.invoice_number,
        ea1_0.ocr_confidence,
        ea1_0.price_anomaly_score,
        ea1_0.evidence_id,
        ea1_0.raw_ocr_text,
        ea1_0.result,
        ea1_0.tax_amount,
        ea1_0.updated_at,
        ea1_0.vendor_name,
        ea1_0.vendor_risk_score 
    from
        evidence_analysis ea1_0 
    where
        ea1_0.evidence_id=?
Hibernate: 
    select
        u1_0.id,
        u1_0.created_at,
        u1_0.email,
        u1_0.full_name,
        u1_0.is_verified,
        u1_0.password_hash,
        u1_0.phone,
        u1_0.role,
        u1_0.updated_at 
    from
        users u1_0 
    where
        u1_0.id=?
Hibernate: 
    insert 
    into
        ticket_reviews
        (comment, decision, reviewed_at, reviewed_by_org_user_id, ticket_id, id) 
    values
        (?, ?, ?, ?, ?, ?)
Hibernate: 
    select
        tr1_0.id,
        tr1_0.comment,
        tr1_0.decision,
        tr1_0.reviewed_at,
        tr1_0.reviewed_by_org_user_id,
        tr1_0.ticket_id 
    from
        ticket_reviews tr1_0 
    left join
        tickets t1_0 
            on t1_0.id=tr1_0.ticket_id 
    where
        t1_0.id=? 
    order by
        tr1_0.reviewed_at
Hibernate: 
    select
        al1_0.id,
        al1_0.current_hash,
        al1_0.entity_id,
        al1_0.entity_type,
        al1_0.payload,
        al1_0.previous_hash,
        al1_0.timestamp 
    from
        audit_logs al1_0 
    order by
        al1_0.timestamp desc 
    limit
        ?
Hibernate: 
    insert 
    into
        audit_logs
        (current_hash, entity_id, entity_type, payload, previous_hash, timestamp, id) 
    values
        (?, ?, ?, ?, ?, ?, ?)
Hibernate: 
    update
        tickets 
    set
        evidence_id=?,
        milestone_id=?,
        raised_at=?,
        raised_by_ngo_id=?,
        resolved_at=?,
        risk_level=?,
        risk_score=?,
        status=? 
    where
        id=?
2026-08-13T00:51:48.377+05:30 DEBUG 334182 --- [demo] [nio-8081-exec-8] o.s.security.web.FilterChainProxy        : Securing POST /api/v1/auth/register
2026-08-13T00:51:48.378+05:30 DEBUG 334182 --- [demo] [nio-8081-exec-8] o.s.s.w.a.AnonymousAuthenticationFilter  : Set SecurityContextHolder to anonymous SecurityContext
2026-08-13T00:51:48.378+05:30 DEBUG 334182 --- [demo] [nio-8081-exec-8] o.s.security.web.FilterChainProxy        : Secured POST /api/v1/auth/register
Hibernate: 
    select
        u1_0.id,
        u1_0.created_at,
        u1_0.email,
        u1_0.full_name,
        u1_0.is_verified,
        u1_0.password_hash,
        u1_0.phone,
        u1_0.role,
        u1_0.updated_at 
    from
        users u1_0 
    where
        u1_0.email=?
Hibernate: 
    insert 
    into
        users
        (created_at, email, full_name, is_verified, password_hash, phone, role, updated_at, id) 
    values
        (?, ?, ?, ?, ?, ?, ?, ?, ?)
Hibernate: 
    insert 
    into
        funder_profiles
        (cin_number, org_name, org_type, total_donated, user_id, id) 
    values
        (?, ?, ?, ?, ?, ?)
2026-08-13T00:51:48.505+05:30 DEBUG 334182 --- [demo] [nio-8081-exec-9] o.s.security.web.FilterChainProxy        : Securing POST /api/v1/auth/login
2026-08-13T00:51:48.506+05:30 DEBUG 334182 --- [demo] [nio-8081-exec-9] o.s.s.w.a.AnonymousAuthenticationFilter  : Set SecurityContextHolder to anonymous SecurityContext
2026-08-13T00:51:48.506+05:30 DEBUG 334182 --- [demo] [nio-8081-exec-9] o.s.security.web.FilterChainProxy        : Secured POST /api/v1/auth/login
Hibernate: 
    select
        u1_0.id,
        u1_0.created_at,
        u1_0.email,
        u1_0.full_name,
        u1_0.is_verified,
        u1_0.password_hash,
        u1_0.phone,
        u1_0.role,
        u1_0.updated_at 
    from
        users u1_0 
    where
        u1_0.email=?
2026-08-13T00:51:48.589+05:30 DEBUG 334182 --- [demo] [nio-8081-exec-9] o.s.s.a.dao.DaoAuthenticationProvider    : Authenticated user
2026-08-13T00:51:48.620+05:30 DEBUG 334182 --- [demo] [io-8081-exec-10] o.s.security.web.FilterChainProxy        : Securing POST /api/org/tickets/2a512188-c935-4e75-b25e-cf7d56ec7f6e/decision
Hibernate: 
    select
        u1_0.id,
        u1_0.created_at,
        u1_0.email,
        u1_0.full_name,
        u1_0.is_verified,
        u1_0.password_hash,
        u1_0.phone,
        u1_0.role,
        u1_0.updated_at 
    from
        users u1_0 
    where
        u1_0.email=?
2026-08-13T00:51:48.623+05:30 DEBUG 334182 --- [demo] [io-8081-exec-10] o.s.security.web.FilterChainProxy        : Secured POST /api/org/tickets/2a512188-c935-4e75-b25e-cf7d56ec7f6e/decision
2026-08-13T00:51:48.624+05:30 DEBUG 334182 --- [demo] [io-8081-exec-10] horizationManagerBeforeMethodInterceptor : Authorizing method invocation ReflectiveMethodInvocation: public org.springframework.http.ResponseEntity com.transparencychain.backend.controller.OrgTicketController.submitDecision(java.util.UUID,java.util.Map); target is of class [com.transparencychain.backend.controller.OrgTicketController]
2026-08-13T00:51:48.624+05:30 DEBUG 334182 --- [demo] [io-8081-exec-10] horizationManagerBeforeMethodInterceptor : Authorized method invocation ReflectiveMethodInvocation: public org.springframework.http.ResponseEntity com.transparencychain.backend.controller.OrgTicketController.submitDecision(java.util.UUID,java.util.Map); target is of class [com.transparencychain.backend.controller.OrgTicketController]
Hibernate: 
    select
        t1_0.id,
        t1_0.evidence_id,
        e1_0.id,
        e1_0.file_type,
        e1_0.file_url,
        e1_0.metadata,
        e1_0.milestone_id,
        e1_0.milestone_task_id,
        e1_0.status,
        e1_0.submitted_at,
        t1_0.milestone_id,
        m2_0.id,
        m2_0.additional_allocated_amount,
        m2_0.amount_allocated,
        m2_0.current_version_id,
        m2_0.description,
        m2_0.due_date,
        m2_0.project_id,
        m2_0.released_amount,
        m2_0.required_evidence,
        m2_0.sequence_number,
        m2_0.status,
        m2_0.title,
        m2_0.verification_requirements,
        t1_0.raised_at,
        t1_0.raised_by_ngo_id,
        rbn1_0.id,
        rbn1_0.created_at,
        rbn1_0.email,
        rbn1_0.full_name,
        rbn1_0.is_verified,
        rbn1_0.password_hash,
        rbn1_0.phone,
        rbn1_0.role,
        rbn1_0.updated_at,
        t1_0.resolved_at,
        t1_0.risk_level,
        t1_0.risk_score,
        t1_0.status 
    from
        tickets t1_0 
    join
        proof_submissions e1_0 
            on e1_0.id=t1_0.evidence_id 
    join
        milestones m2_0 
            on m2_0.id=t1_0.milestone_id 
    join
        users rbn1_0 
            on rbn1_0.id=t1_0.raised_by_ngo_id 
    where
        t1_0.id=?
Hibernate: 
    select
        ea1_0.id,
        ea1_0.analysis_details,
        ea1_0.created_at,
        ea1_0.document_quality_score,
        ea1_0.duplicate_score,
        ea1_0.fraud_score,
        ea1_0.gstin,
        ea1_0.invoice_amount,
        ea1_0.invoice_date,
        ea1_0.invoice_number,
        ea1_0.ocr_confidence,
        ea1_0.price_anomaly_score,
        ea1_0.evidence_id,
        ea1_0.raw_ocr_text,
        ea1_0.result,
        ea1_0.tax_amount,
        ea1_0.updated_at,
        ea1_0.vendor_name,
        ea1_0.vendor_risk_score 
    from
        evidence_analysis ea1_0 
    where
        ea1_0.evidence_id=?
Hibernate: 
    select
        u1_0.id,
        u1_0.created_at,
        u1_0.email,
        u1_0.full_name,
        u1_0.is_verified,
        u1_0.password_hash,
        u1_0.phone,
        u1_0.role,
        u1_0.updated_at 
    from
        users u1_0 
    where
        u1_0.id=?
Hibernate: 
    insert 
    into
        ticket_reviews
        (comment, decision, reviewed_at, reviewed_by_org_user_id, ticket_id, id) 
    values
        (?, ?, ?, ?, ?, ?)
Hibernate: 
    select
        tr1_0.id,
        tr1_0.comment,
        tr1_0.decision,
        tr1_0.reviewed_at,
        tr1_0.reviewed_by_org_user_id,
        tr1_0.ticket_id 
    from
        ticket_reviews tr1_0 
    left join
        tickets t1_0 
            on t1_0.id=tr1_0.ticket_id 
    where
        t1_0.id=? 
    order by
        tr1_0.reviewed_at
Hibernate: 
    select
        u1_0.id,
        u1_0.created_at,
        u1_0.email,
        u1_0.full_name,
        u1_0.is_verified,
        u1_0.password_hash,
        u1_0.phone,
        u1_0.role,
        u1_0.updated_at 
    from
        users u1_0 
    where
        u1_0.id=?
[BLOCKCHAIN] Calling releaseMilestoneFunds() on Smart Contract...
[BLOCKCHAIN] Releasing 350000.00 for Milestone ID: ab69ba54-9601-11f1-8b56-a987a7b38995
Hibernate: 
    select
        al1_0.id,
        al1_0.current_hash,
        al1_0.entity_id,
        al1_0.entity_type,
        al1_0.payload,
        al1_0.previous_hash,
        al1_0.timestamp 
    from
        audit_logs al1_0 
    order by
        al1_0.timestamp desc 
    limit
        ?
Hibernate: 
    select
        ea1_0.id,
        ea1_0.locked_amount,
        ea1_0.project_id,
        ea1_0.released_amount,
        ea1_0.status 
    from
        escrow_accounts ea1_0 
    left join
        projects p1_0 
            on p1_0.id=ea1_0.project_id 
    where
        p1_0.id=?
Hibernate: 
    select
        fc1_0.id,
        fc1_0.budget_exceeded_warning,
        fc1_0.created_at,
        fc1_0.funder_id,
        fc1_0.project_id,
        fc1_0.status,
        fc1_0.total_committed_amount 
    from
        funding_commitments fc1_0 
    left join
        projects p1_0 
            on p1_0.id=fc1_0.project_id 
    where
        p1_0.id=?
Hibernate: 
    select
        cmb1_0.funding_commitment_id,
        cmb1_0.id,
        cmb1_0.committed_amount,
        cmb1_0.milestone_id 
    from
        funding_milestone_commitments cmb1_0 
    where
        cmb1_0.funding_commitment_id=?
Hibernate: 
    insert 
    into
        audit_logs
        (current_hash, entity_id, entity_type, payload, previous_hash, timestamp, id) 
    values
        (?, ?, ?, ?, ?, ?, ?)
Hibernate: 
    update
        milestones 
    set
        additional_allocated_amount=?,
        amount_allocated=?,
        current_version_id=?,
        description=?,
        due_date=?,
        project_id=?,
        released_amount=?,
        required_evidence=?,
        sequence_number=?,
        status=?,
        title=?,
        verification_requirements=? 
    where
        id=?
Hibernate: 
    update
        tickets 
    set
        evidence_id=?,
        milestone_id=?,
        raised_at=?,
        raised_by_ngo_id=?,
        resolved_at=?,
        risk_level=?,
        risk_score=?,
        status=? 
    where
        id=?
Hibernate: 
    update
        escrow_accounts 
    set
        locked_amount=?,
        project_id=?,
        released_amount=?,
        status=? 
    where
        id=?
Hibernate: 
    select
        m1_0.id,
        m1_0.additional_allocated_amount,
        m1_0.amount_allocated,
        m1_0.current_version_id,
        m1_0.description,
        m1_0.due_date,
        m1_0.project_id,
        m1_0.released_amount,
        m1_0.required_evidence,
        m1_0.sequence_number,
        m1_0.status,
        m1_0.title,
        m1_0.verification_requirements 
    from
        milestones m1_0 
    left join
        projects p1_0 
            on p1_0.id=m1_0.project_id 
    where
        p1_0.id=?
Hibernate: 
    select
        m1_0.id,
        m1_0.additional_allocated_amount,
        m1_0.amount_allocated,
        m1_0.current_version_id,
        m1_0.description,
        m1_0.due_date,
        m1_0.project_id,
        m1_0.released_amount,
        m1_0.required_evidence,
        m1_0.sequence_number,
        m1_0.status,
        m1_0.title,
        m1_0.verification_requirements 
    from
        milestones m1_0 
    left join
        projects p1_0 
            on p1_0.id=m1_0.project_id 
    where
        p1_0.id=?
Hibernate: 
    select
        al1_0.id,
        al1_0.current_hash,
        al1_0.entity_id,
        al1_0.entity_type,
        al1_0.payload,
        al1_0.previous_hash,
        al1_0.timestamp 
    from
        audit_logs al1_0 
    order by
        al1_0.timestamp desc 
    limit
        ?
Hibernate: 
    insert 
    into
        audit_logs
        (current_hash, entity_id, entity_type, payload, previous_hash, timestamp, id) 
    values
        (?, ?, ?, ?, ?, ?, ?)
2026-08-13T00:51:48.679+05:30 DEBUG 334182 --- [demo] [nio-8081-exec-1] o.s.security.web.FilterChainProxy        : Securing GET /api/org/projects/ab5fac0c-9601-11f1-8b56-a987a7b38995/escrow
Hibernate: 
    select
        u1_0.id,
        u1_0.created_at,
        u1_0.email,
        u1_0.full_name,
        u1_0.is_verified,
        u1_0.password_hash,
        u1_0.phone,
        u1_0.role,
        u1_0.updated_at 
    from
        users u1_0 
    where
        u1_0.email=?
2026-08-13T00:51:48.682+05:30 DEBUG 334182 --- [demo] [nio-8081-exec-1] o.s.security.web.FilterChainProxy        : Secured GET /api/org/projects/ab5fac0c-9601-11f1-8b56-a987a7b38995/escrow
2026-08-13T00:51:48.684+05:30 DEBUG 334182 --- [demo] [nio-8081-exec-1] horizationManagerBeforeMethodInterceptor : Authorizing method invocation ReflectiveMethodInvocation: public org.springframework.http.ResponseEntity com.transparencychain.backend.controller.OrgCommitmentController.getEscrowByProject(java.util.UUID); target is of class [com.transparencychain.backend.controller.OrgCommitmentController]
2026-08-13T00:51:48.684+05:30 DEBUG 334182 --- [demo] [nio-8081-exec-1] horizationManagerBeforeMethodInterceptor : Authorized method invocation ReflectiveMethodInvocation: public org.springframework.http.ResponseEntity com.transparencychain.backend.controller.OrgCommitmentController.getEscrowByProject(java.util.UUID); target is of class [com.transparencychain.backend.controller.OrgCommitmentController]
Hibernate: 
    select
        ea1_0.id,
        ea1_0.locked_amount,
        ea1_0.project_id,
        ea1_0.released_amount,
        ea1_0.status 
    from
        escrow_accounts ea1_0 
    left join
        projects p1_0 
            on p1_0.id=ea1_0.project_id 
    where
        p1_0.id=?
Hibernate: 
    select
        p1_0.id,
        p1_0.created_at,
        p1_0.description,
        p1_0.expected_beneficiaries,
        p1_0.funder_id,
        p1_0.geography,
        p1_0.impact_kpi,
        p1_0.latitude,
        p1_0.longitude,
        p1_0.ngo_id,
        p1_0.project_duration,
        p1_0.sdg_goal,
        p1_0.sdg_target,
        p1_0.status,
        p1_0.title,
        p1_0.total_budget 
    from
        projects p1_0 
    where
        p1_0.id=?
2026-08-13T00:51:48.707+05:30 DEBUG 334182 --- [demo] [nio-8081-exec-2] o.s.security.web.FilterChainProxy        : Securing GET /api/org/projects/ab5fac0c-9601-11f1-8b56-a987a7b38995/commitment
Hibernate: 
    select
        u1_0.id,
        u1_0.created_at,
        u1_0.email,
        u1_0.full_name,
        u1_0.is_verified,
        u1_0.password_hash,
        u1_0.phone,
        u1_0.role,
        u1_0.updated_at 
    from
        users u1_0 
    where
        u1_0.email=?
2026-08-13T00:51:48.711+05:30 DEBUG 334182 --- [demo] [nio-8081-exec-2] o.s.security.web.FilterChainProxy        : Secured GET /api/org/projects/ab5fac0c-9601-11f1-8b56-a987a7b38995/commitment
2026-08-13T00:51:48.712+05:30 DEBUG 334182 --- [demo] [nio-8081-exec-2] horizationManagerBeforeMethodInterceptor : Authorizing method invocation ReflectiveMethodInvocation: public org.springframework.http.ResponseEntity com.transparencychain.backend.controller.OrgCommitmentController.getCommitmentByProject(java.util.UUID); target is of class [com.transparencychain.backend.controller.OrgCommitmentController]
2026-08-13T00:51:48.712+05:30 DEBUG 334182 --- [demo] [nio-8081-exec-2] horizationManagerBeforeMethodInterceptor : Authorized method invocation ReflectiveMethodInvocation: public org.springframework.http.ResponseEntity com.transparencychain.backend.controller.OrgCommitmentController.getCommitmentByProject(java.util.UUID); target is of class [com.transparencychain.backend.controller.OrgCommitmentController]
Hibernate: 
    select
        fp1_0.id,
        fp1_0.cin_number,
        fp1_0.org_name,
        fp1_0.org_type,
        fp1_0.total_donated,
        fp1_0.user_id 
    from
        funder_profiles fp1_0 
    left join
        users u1_0 
            on u1_0.id=fp1_0.user_id 
    where
        u1_0.id=?
Hibernate: 
    select
        fc1_0.id,
        fc1_0.budget_exceeded_warning,
        fc1_0.created_at,
        fc1_0.funder_id,
        fc1_0.project_id,
        fc1_0.status,
        fc1_0.total_committed_amount 
    from
        funding_commitments fc1_0 
    left join
        projects p1_0 
            on p1_0.id=fc1_0.project_id 
    where
        p1_0.id=?
Hibernate: 
    select
        cmb1_0.funding_commitment_id,
        cmb1_0.id,
        cmb1_0.committed_amount,
        cmb1_0.milestone_id 
    from
        funding_milestone_commitments cmb1_0 
    where
        cmb1_0.funding_commitment_id=?
Hibernate: 
    select
        p1_0.id,
        p1_0.created_at,
        p1_0.description,
        p1_0.expected_beneficiaries,
        p1_0.funder_id,
        p1_0.geography,
        p1_0.impact_kpi,
        p1_0.latitude,
        p1_0.longitude,
        p1_0.ngo_id,
        p1_0.project_duration,
        p1_0.sdg_goal,
        p1_0.sdg_target,
        p1_0.status,
        p1_0.title,
        p1_0.total_budget 
    from
        projects p1_0 
    where
        p1_0.id=?
2026-08-13T00:51:48.732+05:30 DEBUG 334182 --- [demo] [nio-8081-exec-4] o.s.security.web.FilterChainProxy        : Securing POST /api/v1/milestones/ab69bb22-9601-11f1-8b56-a987a7b38995/proofs
Hibernate: 
    select
        u1_0.id,
        u1_0.created_at,
        u1_0.email,
        u1_0.full_name,
        u1_0.is_verified,
        u1_0.password_hash,
        u1_0.phone,
        u1_0.role,
        u1_0.updated_at 
    from
        users u1_0 
    where
        u1_0.email=?
2026-08-13T00:51:48.735+05:30 DEBUG 334182 --- [demo] [nio-8081-exec-4] o.s.security.web.FilterChainProxy        : Secured POST /api/v1/milestones/ab69bb22-9601-11f1-8b56-a987a7b38995/proofs
2026-08-13T00:51:48.736+05:30 DEBUG 334182 --- [demo] [nio-8081-exec-4] horizationManagerBeforeMethodInterceptor : Authorizing method invocation ReflectiveMethodInvocation: public org.springframework.http.ResponseEntity com.transparencychain.backend.controller.ProofController.submitProof(java.util.UUID,org.springframework.web.multipart.MultipartFile,java.lang.String,java.lang.String); target is of class [com.transparencychain.backend.controller.ProofController]
2026-08-13T00:51:48.736+05:30 DEBUG 334182 --- [demo] [nio-8081-exec-4] horizationManagerBeforeMethodInterceptor : Authorized method invocation ReflectiveMethodInvocation: public org.springframework.http.ResponseEntity com.transparencychain.backend.controller.ProofController.submitProof(java.util.UUID,org.springframework.web.multipart.MultipartFile,java.lang.String,java.lang.String); target is of class [com.transparencychain.backend.controller.ProofController]
Hibernate: 
    select
        m1_0.id,
        m1_0.additional_allocated_amount,
        m1_0.amount_allocated,
        m1_0.current_version_id,
        m1_0.description,
        m1_0.due_date,
        m1_0.project_id,
        m1_0.released_amount,
        m1_0.required_evidence,
        m1_0.sequence_number,
        m1_0.status,
        m1_0.title,
        m1_0.verification_requirements 
    from
        milestones m1_0 
    where
        m1_0.id=?
Hibernate: 
    insert 
    into
        proof_submissions
        (file_type, file_url, metadata, milestone_id, milestone_task_id, status, submitted_at, id) 
    values
        (?, ?, ?, ?, ?, ?, ?, ?)
Hibernate: 
    update
        milestones 
    set
        additional_allocated_amount=?,
        amount_allocated=?,
        current_version_id=?,
        description=?,
        due_date=?,
        project_id=?,
        released_amount=?,
        required_evidence=?,
        sequence_number=?,
        status=?,
        title=?,
        verification_requirements=? 
    where
        id=?
Hibernate: 
    select
        al1_0.id,
        al1_0.current_hash,
        al1_0.entity_id,
        al1_0.entity_type,
        al1_0.payload,
        al1_0.previous_hash,
        al1_0.timestamp 
    from
        audit_logs al1_0 
    order by
        al1_0.timestamp desc 
    limit
        ?
Hibernate: 
    insert 
    into
        audit_logs
        (current_hash, entity_id, entity_type, payload, previous_hash, timestamp, id) 
    values
        (?, ?, ?, ?, ?, ?, ?)
java.io.IOException: Error: End-of-File, expected line at offset 33
	at org.apache.pdfbox.pdfparser.BaseParser.readLine(BaseParser.java:1124)
	at org.apache.pdfbox.pdfparser.COSParser.parseHeader(COSParser.java:2654)
	at org.apache.pdfbox.pdfparser.COSParser.parsePDFHeader(COSParser.java:2633)
	at org.apache.pdfbox.pdfparser.PDFParser.parse(PDFParser.java:217)
	at org.apache.pdfbox.pdmodel.PDDocument.load(PDDocument.java:1233)
	at org.apache.pdfbox.pdmodel.PDDocument.load(PDDocument.java:1133)
	at com.transparencychain.backend.service.OcrExtractionService.extractInvoice(OcrExtractionService.java:163)
	at com.transparencychain.backend.service.AiFraudDetectionService.analyzeProof(AiFraudDetectionService.java:47)
	at com.transparencychain.backend.controller.ProofController.lambda$submitProof$0(ProofController.java:62)
	at java.base/java.lang.Thread.run(Thread.java:1474)
Hibernate: 
    select
        ps1_0.id,
        ea1_0.id,
        ea1_0.analysis_details,
        ea1_0.created_at,
        ea1_0.document_quality_score,
        ea1_0.duplicate_score,
        ea1_0.fraud_score,
        ea1_0.gstin,
        ea1_0.invoice_amount,
        ea1_0.invoice_date,
        ea1_0.invoice_number,
        ea1_0.ocr_confidence,
        ea1_0.price_anomaly_score,
        ea1_0.evidence_id,
        ea1_0.raw_ocr_text,
        ea1_0.result,
        ea1_0.tax_amount,
        ea1_0.updated_at,
        ea1_0.vendor_name,
        ea1_0.vendor_risk_score,
        ps1_0.file_type,
        ps1_0.file_url,
        ps1_0.metadata,
        ps1_0.milestone_id,
        ps1_0.milestone_task_id,
        ps1_0.status,
        ps1_0.submitted_at 
    from
        proof_submissions ps1_0 
    left join
        evidence_analysis ea1_0 
            on ps1_0.id=ea1_0.evidence_id 
    where
        ps1_0.id=?
Hibernate: 
    update
        proof_submissions 
    set
        file_type=?,
        file_url=?,
        metadata=?,
        milestone_id=?,
        milestone_task_id=?,
        status=?,
        submitted_at=? 
    where
        id=?
Hibernate: 
    select
        al1_0.id,
        al1_0.current_hash,
        al1_0.entity_id,
        al1_0.entity_type,
        al1_0.payload,
        al1_0.previous_hash,
        al1_0.timestamp 
    from
        audit_logs al1_0 
    order by
        al1_0.timestamp desc 
    limit
        ?
Hibernate: 
    insert 
    into
        audit_logs
        (current_hash, entity_id, entity_type, payload, previous_hash, timestamp, id) 
    values
        (?, ?, ?, ?, ?, ?, ?)
2026-08-13T00:51:48.765+05:30 DEBUG 334182 --- [demo] [nio-8081-exec-3] o.s.security.web.FilterChainProxy        : Securing POST /api/ngo/milestones/ab69bb22-9601-11f1-8b56-a987a7b38995/tickets
Hibernate: 
    select
        u1_0.id,
        u1_0.created_at,
        u1_0.email,
        u1_0.full_name,
        u1_0.is_verified,
        u1_0.password_hash,
        u1_0.phone,
        u1_0.role,
        u1_0.updated_at 
    from
        users u1_0 
    where
        u1_0.email=?
2026-08-13T00:51:48.768+05:30 DEBUG 334182 --- [demo] [nio-8081-exec-3] o.s.security.web.FilterChainProxy        : Secured POST /api/ngo/milestones/ab69bb22-9601-11f1-8b56-a987a7b38995/tickets
2026-08-13T00:51:48.769+05:30 DEBUG 334182 --- [demo] [nio-8081-exec-3] horizationManagerBeforeMethodInterceptor : Authorizing method invocation ReflectiveMethodInvocation: public org.springframework.http.ResponseEntity com.transparencychain.backend.controller.NgoTicketController.raiseTicket(java.util.UUID); target is of class [com.transparencychain.backend.controller.NgoTicketController]
2026-08-13T00:51:48.769+05:30 DEBUG 334182 --- [demo] [nio-8081-exec-3] horizationManagerBeforeMethodInterceptor : Authorized method invocation ReflectiveMethodInvocation: public org.springframework.http.ResponseEntity com.transparencychain.backend.controller.NgoTicketController.raiseTicket(java.util.UUID); target is of class [com.transparencychain.backend.controller.NgoTicketController]
Hibernate: 
    select
        m1_0.id,
        m1_0.additional_allocated_amount,
        m1_0.amount_allocated,
        m1_0.current_version_id,
        m1_0.description,
        m1_0.due_date,
        m1_0.project_id,
        m1_0.released_amount,
        m1_0.required_evidence,
        m1_0.sequence_number,
        m1_0.status,
        m1_0.title,
        m1_0.verification_requirements 
    from
        milestones m1_0 
    where
        m1_0.id=?
Hibernate: 
    select
        u1_0.id,
        u1_0.created_at,
        u1_0.email,
        u1_0.full_name,
        u1_0.is_verified,
        u1_0.password_hash,
        u1_0.phone,
        u1_0.role,
        u1_0.updated_at 
    from
        users u1_0 
    where
        u1_0.id=?
Hibernate: 
    select
        ps1_0.id,
        ps1_0.file_type,
        ps1_0.file_url,
        ps1_0.metadata,
        ps1_0.milestone_id,
        ps1_0.milestone_task_id,
        ps1_0.status,
        ps1_0.submitted_at 
    from
        proof_submissions ps1_0 
    left join
        milestones m1_0 
            on m1_0.id=ps1_0.milestone_id 
    where
        m1_0.id=?
Hibernate: 
    select
        ea1_0.id,
        ea1_0.analysis_details,
        ea1_0.created_at,
        ea1_0.document_quality_score,
        ea1_0.duplicate_score,
        ea1_0.fraud_score,
        ea1_0.gstin,
        ea1_0.invoice_amount,
        ea1_0.invoice_date,
        ea1_0.invoice_number,
        ea1_0.ocr_confidence,
        ea1_0.price_anomaly_score,
        ea1_0.evidence_id,
        ea1_0.raw_ocr_text,
        ea1_0.result,
        ea1_0.tax_amount,
        ea1_0.updated_at,
        ea1_0.vendor_name,
        ea1_0.vendor_risk_score 
    from
        evidence_analysis ea1_0 
    where
        ea1_0.evidence_id=?
Hibernate: 
    select
        al1_0.id,
        al1_0.current_hash,
        al1_0.entity_id,
        al1_0.entity_type,
        al1_0.payload,
        al1_0.previous_hash,
        al1_0.timestamp 
    from
        audit_logs al1_0 
    order by
        al1_0.timestamp desc 
    limit
        ?
Hibernate: 
    insert 
    into
        tickets
        (evidence_id, milestone_id, raised_at, raised_by_ngo_id, resolved_at, risk_level, risk_score, status, id) 
    values
        (?, ?, ?, ?, ?, ?, ?, ?, ?)
Hibernate: 
    insert 
    into
        audit_logs
        (current_hash, entity_id, entity_type, payload, previous_hash, timestamp, id) 
    values
        (?, ?, ?, ?, ?, ?, ?)
Hibernate: 
    update
        milestones 
    set
        additional_allocated_amount=?,
        amount_allocated=?,
        current_version_id=?,
        description=?,
        due_date=?,
        project_id=?,
        released_amount=?,
        required_evidence=?,
        sequence_number=?,
        status=?,
        title=?,
        verification_requirements=? 
    where
        id=?
2026-08-13T00:51:48.812+05:30 DEBUG 334182 --- [demo] [nio-8081-exec-6] o.s.security.web.FilterChainProxy        : Securing POST /api/org/tickets/86ac26c1-ac2a-4029-9996-5be306a2baac/decision
Hibernate: 
    select
        u1_0.id,
        u1_0.created_at,
        u1_0.email,
        u1_0.full_name,
        u1_0.is_verified,
        u1_0.password_hash,
        u1_0.phone,
        u1_0.role,
        u1_0.updated_at 
    from
        users u1_0 
    where
        u1_0.email=?
2026-08-13T00:51:48.816+05:30 DEBUG 334182 --- [demo] [nio-8081-exec-6] o.s.security.web.FilterChainProxy        : Secured POST /api/org/tickets/86ac26c1-ac2a-4029-9996-5be306a2baac/decision
2026-08-13T00:51:48.818+05:30 DEBUG 334182 --- [demo] [nio-8081-exec-6] horizationManagerBeforeMethodInterceptor : Authorizing method invocation ReflectiveMethodInvocation: public org.springframework.http.ResponseEntity com.transparencychain.backend.controller.OrgTicketController.submitDecision(java.util.UUID,java.util.Map); target is of class [com.transparencychain.backend.controller.OrgTicketController]
2026-08-13T00:51:48.818+05:30 DEBUG 334182 --- [demo] [nio-8081-exec-6] horizationManagerBeforeMethodInterceptor : Authorized method invocation ReflectiveMethodInvocation: public org.springframework.http.ResponseEntity com.transparencychain.backend.controller.OrgTicketController.submitDecision(java.util.UUID,java.util.Map); target is of class [com.transparencychain.backend.controller.OrgTicketController]
Hibernate: 
    select
        t1_0.id,
        t1_0.evidence_id,
        e1_0.id,
        e1_0.file_type,
        e1_0.file_url,
        e1_0.metadata,
        e1_0.milestone_id,
        e1_0.milestone_task_id,
        e1_0.status,
        e1_0.submitted_at,
        t1_0.milestone_id,
        m2_0.id,
        m2_0.additional_allocated_amount,
        m2_0.amount_allocated,
        m2_0.current_version_id,
        m2_0.description,
        m2_0.due_date,
        m2_0.project_id,
        m2_0.released_amount,
        m2_0.required_evidence,
        m2_0.sequence_number,
        m2_0.status,
        m2_0.title,
        m2_0.verification_requirements,
        t1_0.raised_at,
        t1_0.raised_by_ngo_id,
        rbn1_0.id,
        rbn1_0.created_at,
        rbn1_0.email,
        rbn1_0.full_name,
        rbn1_0.is_verified,
        rbn1_0.password_hash,
        rbn1_0.phone,
        rbn1_0.role,
        rbn1_0.updated_at,
        t1_0.resolved_at,
        t1_0.risk_level,
        t1_0.risk_score,
        t1_0.status 
    from
        tickets t1_0 
    join
        proof_submissions e1_0 
            on e1_0.id=t1_0.evidence_id 
    join
        milestones m2_0 
            on m2_0.id=t1_0.milestone_id 
    join
        users rbn1_0 
            on rbn1_0.id=t1_0.raised_by_ngo_id 
    where
        t1_0.id=?
Hibernate: 
    select
        ea1_0.id,
        ea1_0.analysis_details,
        ea1_0.created_at,
        ea1_0.document_quality_score,
        ea1_0.duplicate_score,
        ea1_0.fraud_score,
        ea1_0.gstin,
        ea1_0.invoice_amount,
        ea1_0.invoice_date,
        ea1_0.invoice_number,
        ea1_0.ocr_confidence,
        ea1_0.price_anomaly_score,
        ea1_0.evidence_id,
        ea1_0.raw_ocr_text,
        ea1_0.result,
        ea1_0.tax_amount,
        ea1_0.updated_at,
        ea1_0.vendor_name,
        ea1_0.vendor_risk_score 
    from
        evidence_analysis ea1_0 
    where
        ea1_0.evidence_id=?
Hibernate: 
    select
        u1_0.id,
        u1_0.created_at,
        u1_0.email,
        u1_0.full_name,
        u1_0.is_verified,
        u1_0.password_hash,
        u1_0.phone,
        u1_0.role,
        u1_0.updated_at 
    from
        users u1_0 
    where
        u1_0.id=?
Hibernate: 
    insert 
    into
        ticket_reviews
        (comment, decision, reviewed_at, reviewed_by_org_user_id, ticket_id, id) 
    values
        (?, ?, ?, ?, ?, ?)
Hibernate: 
    select
        tr1_0.id,
        tr1_0.comment,
        tr1_0.decision,
        tr1_0.reviewed_at,
        tr1_0.reviewed_by_org_user_id,
        tr1_0.ticket_id 
    from
        ticket_reviews tr1_0 
    left join
        tickets t1_0 
            on t1_0.id=tr1_0.ticket_id 
    where
        t1_0.id=? 
    order by
        tr1_0.reviewed_at
[BLOCKCHAIN] Calling releaseMilestoneFunds() on Smart Contract...
[BLOCKCHAIN] Releasing 200000.00 for Milestone ID: ab69bb22-9601-11f1-8b56-a987a7b38995
Hibernate: 
    select
        al1_0.id,
        al1_0.current_hash,
        al1_0.entity_id,
        al1_0.entity_type,
        al1_0.payload,
        al1_0.previous_hash,
        al1_0.timestamp 
    from
        audit_logs al1_0 
    order by
        al1_0.timestamp desc 
    limit
        ?
Hibernate: 
    select
        ea1_0.id,
        ea1_0.locked_amount,
        ea1_0.project_id,
        ea1_0.released_amount,
        ea1_0.status 
    from
        escrow_accounts ea1_0 
    left join
        projects p1_0 
            on p1_0.id=ea1_0.project_id 
    where
        p1_0.id=?
Hibernate: 
    select
        fc1_0.id,
        fc1_0.budget_exceeded_warning,
        fc1_0.created_at,
        fc1_0.funder_id,
        fc1_0.project_id,
        fc1_0.status,
        fc1_0.total_committed_amount 
    from
        funding_commitments fc1_0 
    left join
        projects p1_0 
            on p1_0.id=fc1_0.project_id 
    where
        p1_0.id=?
Hibernate: 
    select
        cmb1_0.funding_commitment_id,
        cmb1_0.id,
        cmb1_0.committed_amount,
        cmb1_0.milestone_id 
    from
        funding_milestone_commitments cmb1_0 
    where
        cmb1_0.funding_commitment_id=?
Hibernate: 
    insert 
    into
        audit_logs
        (current_hash, entity_id, entity_type, payload, previous_hash, timestamp, id) 
    values
        (?, ?, ?, ?, ?, ?, ?)
Hibernate: 
    update
        milestones 
    set
        additional_allocated_amount=?,
        amount_allocated=?,
        current_version_id=?,
        description=?,
        due_date=?,
        project_id=?,
        released_amount=?,
        required_evidence=?,
        sequence_number=?,
        status=?,
        title=?,
        verification_requirements=? 
    where
        id=?
Hibernate: 
    update
        tickets 
    set
        evidence_id=?,
        milestone_id=?,
        raised_at=?,
        raised_by_ngo_id=?,
        resolved_at=?,
        risk_level=?,
        risk_score=?,
        status=? 
    where
        id=?
Hibernate: 
    update
        escrow_accounts 
    set
        locked_amount=?,
        project_id=?,
        released_amount=?,
        status=? 
    where
        id=?
Hibernate: 
    select
        m1_0.id,
        m1_0.additional_allocated_amount,
        m1_0.amount_allocated,
        m1_0.current_version_id,
        m1_0.description,
        m1_0.due_date,
        m1_0.project_id,
        m1_0.released_amount,
        m1_0.required_evidence,
        m1_0.sequence_number,
        m1_0.status,
        m1_0.title,
        m1_0.verification_requirements 
    from
        milestones m1_0 
    left join
        projects p1_0 
            on p1_0.id=m1_0.project_id 
    where
        p1_0.id=?
Hibernate: 
    select
        m1_0.id,
        m1_0.additional_allocated_amount,
        m1_0.amount_allocated,
        m1_0.current_version_id,
        m1_0.description,
        m1_0.due_date,
        m1_0.project_id,
        m1_0.released_amount,
        m1_0.required_evidence,
        m1_0.sequence_number,
        m1_0.status,
        m1_0.title,
        m1_0.verification_requirements 
    from
        milestones m1_0 
    left join
        projects p1_0 
            on p1_0.id=m1_0.project_id 
    where
        p1_0.id=?
Hibernate: 
    select
        p1_0.id,
        p1_0.created_at,
        p1_0.description,
        p1_0.expected_beneficiaries,
        p1_0.funder_id,
        p1_0.geography,
        p1_0.impact_kpi,
        p1_0.latitude,
        p1_0.longitude,
        p1_0.ngo_id,
        p1_0.project_duration,
        p1_0.sdg_goal,
        p1_0.sdg_target,
        p1_0.status,
        p1_0.title,
        p1_0.total_budget 
    from
        projects p1_0 
    where
        p1_0.id=?
Hibernate: 
    update
        funding_commitments 
    set
        budget_exceeded_warning=?,
        created_at=?,
        funder_id=?,
        project_id=?,
        status=?,
        total_committed_amount=? 
    where
        id=?
Hibernate: 
    update
        projects 
    set
        created_at=?,
        description=?,
        expected_beneficiaries=?,
        funder_id=?,
        geography=?,
        impact_kpi=?,
        latitude=?,
        longitude=?,
        ngo_id=?,
        project_duration=?,
        sdg_goal=?,
        sdg_target=?,
        status=?,
        title=?,
        total_budget=? 
    where
        id=?
Hibernate: 
    select
        ope1_0.id,
        ope1_0.committed_at,
        ope1_0.funder_id,
        ope1_0.project_id,
        ope1_0.status,
        ope1_0.viewed_at 
    from
        org_project_engagements ope1_0 
    left join
        projects p1_0 
            on p1_0.id=ope1_0.project_id 
    where
        p1_0.id=?
Hibernate: 
    select
        al1_0.id,
        al1_0.current_hash,
        al1_0.entity_id,
        al1_0.entity_type,
        al1_0.payload,
        al1_0.previous_hash,
        al1_0.timestamp 
    from
        audit_logs al1_0 
    order by
        al1_0.timestamp desc 
    limit
        ?
Hibernate: 
    insert 
    into
        audit_logs
        (current_hash, entity_id, entity_type, payload, previous_hash, timestamp, id) 
    values
        (?, ?, ?, ?, ?, ?, ?)
Hibernate: 
    update
        org_project_engagements 
    set
        committed_at=?,
        funder_id=?,
        project_id=?,
        status=?,
        viewed_at=? 
    where
        id=?
Hibernate: 
    update
        org_project_engagements 
    set
        committed_at=?,
        funder_id=?,
        project_id=?,
        status=?,
        viewed_at=? 
    where
        id=?
Hibernate: 
    select
        al1_0.id,
        al1_0.current_hash,
        al1_0.entity_id,
        al1_0.entity_type,
        al1_0.payload,
        al1_0.previous_hash,
        al1_0.timestamp 
    from
        audit_logs al1_0 
    order by
        al1_0.timestamp desc 
    limit
        ?
Hibernate: 
    insert 
    into
        audit_logs
        (current_hash, entity_id, entity_type, payload, previous_hash, timestamp, id) 
    values
        (?, ?, ?, ?, ?, ?, ?)
2026-08-13T00:51:48.883+05:30 DEBUG 334182 --- [demo] [nio-8081-exec-7] o.s.security.web.FilterChainProxy        : Securing GET /api/org/projects/ab5fac0c-9601-11f1-8b56-a987a7b38995/escrow
Hibernate: 
    select
        u1_0.id,
        u1_0.created_at,
        u1_0.email,
        u1_0.full_name,
        u1_0.is_verified,
        u1_0.password_hash,
        u1_0.phone,
        u1_0.role,
        u1_0.updated_at 
    from
        users u1_0 
    where
        u1_0.email=?
2026-08-13T00:51:48.887+05:30 DEBUG 334182 --- [demo] [nio-8081-exec-7] o.s.security.web.FilterChainProxy        : Secured GET /api/org/projects/ab5fac0c-9601-11f1-8b56-a987a7b38995/escrow
2026-08-13T00:51:48.887+05:30 DEBUG 334182 --- [demo] [nio-8081-exec-7] horizationManagerBeforeMethodInterceptor : Authorizing method invocation ReflectiveMethodInvocation: public org.springframework.http.ResponseEntity com.transparencychain.backend.controller.OrgCommitmentController.getEscrowByProject(java.util.UUID); target is of class [com.transparencychain.backend.controller.OrgCommitmentController]
2026-08-13T00:51:48.888+05:30 DEBUG 334182 --- [demo] [nio-8081-exec-7] horizationManagerBeforeMethodInterceptor : Authorized method invocation ReflectiveMethodInvocation: public org.springframework.http.ResponseEntity com.transparencychain.backend.controller.OrgCommitmentController.getEscrowByProject(java.util.UUID); target is of class [com.transparencychain.backend.controller.OrgCommitmentController]
Hibernate: 
    select
        ea1_0.id,
        ea1_0.locked_amount,
        ea1_0.project_id,
        ea1_0.released_amount,
        ea1_0.status 
    from
        escrow_accounts ea1_0 
    left join
        projects p1_0 
            on p1_0.id=ea1_0.project_id 
    where
        p1_0.id=?
Hibernate: 
    select
        p1_0.id,
        p1_0.created_at,
        p1_0.description,
        p1_0.expected_beneficiaries,
        p1_0.funder_id,
        p1_0.geography,
        p1_0.impact_kpi,
        p1_0.latitude,
        p1_0.longitude,
        p1_0.ngo_id,
        p1_0.project_duration,
        p1_0.sdg_goal,
        p1_0.sdg_target,
        p1_0.status,
        p1_0.title,
        p1_0.total_budget 
    from
        projects p1_0 
    where
        p1_0.id=?
2026-08-13T00:51:48.913+05:30 DEBUG 334182 --- [demo] [nio-8081-exec-8] o.s.security.web.FilterChainProxy        : Securing GET /api/org/projects/ab5fac0c-9601-11f1-8b56-a987a7b38995
Hibernate: 
    select
        u1_0.id,
        u1_0.created_at,
        u1_0.email,
        u1_0.full_name,
        u1_0.is_verified,
        u1_0.password_hash,
        u1_0.phone,
        u1_0.role,
        u1_0.updated_at 
    from
        users u1_0 
    where
        u1_0.email=?
2026-08-13T00:51:48.917+05:30 DEBUG 334182 --- [demo] [nio-8081-exec-8] o.s.security.web.FilterChainProxy        : Secured GET /api/org/projects/ab5fac0c-9601-11f1-8b56-a987a7b38995
2026-08-13T00:51:48.917+05:30 DEBUG 334182 --- [demo] [nio-8081-exec-8] horizationManagerBeforeMethodInterceptor : Authorizing method invocation ReflectiveMethodInvocation: public org.springframework.http.ResponseEntity com.transparencychain.backend.controller.OrgProjectController.getProjectDetail(java.util.UUID); target is of class [com.transparencychain.backend.controller.OrgProjectController]
2026-08-13T00:51:48.917+05:30 DEBUG 334182 --- [demo] [nio-8081-exec-8] horizationManagerBeforeMethodInterceptor : Authorized method invocation ReflectiveMethodInvocation: public org.springframework.http.ResponseEntity com.transparencychain.backend.controller.OrgProjectController.getProjectDetail(java.util.UUID); target is of class [com.transparencychain.backend.controller.OrgProjectController]
Hibernate: 
    select
        fp1_0.id,
        fp1_0.cin_number,
        fp1_0.org_name,
        fp1_0.org_type,
        fp1_0.total_donated,
        fp1_0.user_id 
    from
        funder_profiles fp1_0 
    left join
        users u1_0 
            on u1_0.id=fp1_0.user_id 
    where
        u1_0.id=?
Hibernate: 
    select
        p1_0.id,
        p1_0.created_at,
        p1_0.description,
        p1_0.expected_beneficiaries,
        p1_0.funder_id,
        p1_0.geography,
        p1_0.impact_kpi,
        p1_0.latitude,
        p1_0.longitude,
        p1_0.ngo_id,
        p1_0.project_duration,
        p1_0.sdg_goal,
        p1_0.sdg_target,
        p1_0.status,
        p1_0.title,
        p1_0.total_budget 
    from
        projects p1_0 
    where
        p1_0.id=?
Hibernate: 
    select
        ope1_0.id,
        ope1_0.committed_at,
        ope1_0.funder_id,
        ope1_0.project_id,
        ope1_0.status,
        ope1_0.viewed_at 
    from
        org_project_engagements ope1_0 
    left join
        funder_profiles f1_0 
            on f1_0.id=ope1_0.funder_id 
    left join
        projects p1_0 
            on p1_0.id=ope1_0.project_id 
    where
        f1_0.id=? 
        and p1_0.id=?
Hibernate: 
    select
        m1_0.id,
        m1_0.additional_allocated_amount,
        m1_0.amount_allocated,
        m1_0.current_version_id,
        m1_0.description,
        m1_0.due_date,
        m1_0.project_id,
        m1_0.released_amount,
        m1_0.required_evidence,
        m1_0.sequence_number,
        m1_0.status,
        m1_0.title,
        m1_0.verification_requirements 
    from
        milestones m1_0 
    left join
        projects p1_0 
            on p1_0.id=m1_0.project_id 
    where
        p1_0.id=?
Hibernate: 
    select
        np1_0.id,
        np1_0.auditor_membership_number,
        np1_0.auditor_name,
        np1_0.authorized_signatory_designation,
        np1_0.authorized_signatory_name,
        np1_0.authorized_signatory_pan,
        np1_0.bank_account_name,
        np1_0.bank_account_number_encrypted,
        np1_0.contact_email,
        np1_0.contact_phone,
        np1_0.csr1registration_number,
        np1_0.darpan_id,
        np1_0.date_of_establishment,
        np1_0.fcra_number,
        np1_0.focus_sdg_goals,
        np1_0.gstin,
        np1_0.ifsc_code,
        np1_0.latitude,
        np1_0.longitude,
        np1_0.operational_states,
        np1_0.org_name,
        np1_0.pan_number,
        np1_0.reg12a_number,
        np1_0.reg80g_number,
        np1_0.registered_address,
        np1_0.registration_number,
        np1_0.registration_type,
        np1_0.trust_score,
        np1_0.user_id,
        np1_0.verification_status,
        np1_0.verified_at,
        np1_0.website 
    from
        ngo_profiles np1_0 
    where
        np1_0.id=?
Hibernate: 
    select
        mv1_0.id,
        mv1_0.budget,
        mv1_0.change_reason,
        mv1_0.created_at,
        mv1_0.due_date,
        mv1_0.milestone_id,
        mv1_0.name,
        mv1_0.proposed_by,
        mv1_0.sequence,
        mv1_0.status,
        mv1_0.version_number 
    from
        milestone_versions mv1_0 
    where
        mv1_0.id=?
Hibernate: 
    select
        mv1_0.id,
        mv1_0.budget,
        mv1_0.change_reason,
        mv1_0.created_at,
        mv1_0.due_date,
        mv1_0.milestone_id,
        mv1_0.name,
        mv1_0.proposed_by,
        mv1_0.sequence,
        mv1_0.status,
        mv1_0.version_number 
    from
        milestone_versions mv1_0 
    where
        mv1_0.id=?
