[INFO] Scanning for projects...
[INFO] 
[INFO] --------------------------< com.example:demo >--------------------------
[INFO] Building  0.0.1-SNAPSHOT
[INFO]   from pom.xml
[INFO] --------------------------------[ jar ]---------------------------------
[INFO] 
[INFO] >>> spring-boot:3.2.5:run (default-cli) > test-compile @ demo >>>
[INFO] 
[INFO] --- resources:3.3.1:resources (default-resources) @ demo ---
[INFO] Copying 2 resources from src/main/resources to target/classes
[INFO] Copying 0 resource from src/main/resources to target/classes
[INFO] 
[INFO] --- compiler:3.11.0:compile (default-compile) @ demo ---
[INFO] Nothing to compile - all classes are up to date
[INFO] 
[INFO] --- resources:3.3.1:testResources (default-testResources) @ demo ---
[INFO] skip non existing resourceDirectory /home/froxy/Documents/srmcas/Transparency-Chain/backend/src/test/resources
[INFO] 
[INFO] --- compiler:3.11.0:testCompile (default-testCompile) @ demo ---
[INFO] Nothing to compile - all classes are up to date
[INFO] 
[INFO] <<< spring-boot:3.2.5:run (default-cli) < test-compile @ demo <<<
[INFO] 
[INFO] 
[INFO] --- spring-boot:3.2.5:run (default-cli) @ demo ---
[INFO] Attaching agents: []

  .   ____          _            __ _ _
 /\\ / ___'_ __ _ _(_)_ __  __ _ \ \ \ \
( ( )\___ | '_ | '_| | '_ \/ _` | \ \ \ \
 \\/  ___)| |_)| | | | | || (_| |  ) ) ) )
  '  |____| .__|_| |_|_| |_\__, | / / / /
 =========|_|==============|___/=/_/_/_/
 :: Spring Boot ::                (v3.2.5)

2026-08-13T09:33:07.092+05:30  INFO 492470 --- [demo] [           main] com.example.demo.DemoApplication         : Starting DemoApplication using Java 25.0.3-ea with PID 492470 (/home/froxy/Documents/srmcas/Transparency-Chain/backend/target/classes started by froxy in /home/froxy/Documents/srmcas/Transparency-Chain/backend)
2026-08-13T09:33:07.093+05:30  INFO 492470 --- [demo] [           main] com.example.demo.DemoApplication         : No active profile set, falling back to 1 default profile: "default"
2026-08-13T09:33:07.453+05:30  INFO 492470 --- [demo] [           main] .s.d.r.c.RepositoryConfigurationDelegate : Bootstrapping Spring Data JPA repositories in DEFAULT mode.
2026-08-13T09:33:07.528+05:30  INFO 492470 --- [demo] [           main] .s.d.r.c.RepositoryConfigurationDelegate : Finished Spring Data repository scanning in 67 ms. Found 36 JPA repository interfaces.
WARNING: A restricted method in java.lang.System has been called
WARNING: java.lang.System::load has been called by org.apache.tomcat.jni.Library in an unnamed module (file:/home/froxy/.m2/repository/org/apache/tomcat/embed/tomcat-embed-core/10.1.20/tomcat-embed-core-10.1.20.jar)
WARNING: Use --enable-native-access=ALL-UNNAMED to avoid a warning for callers in this module
WARNING: Restricted methods will be blocked in a future release unless native access is enabled

2026-08-13T09:33:08.062+05:30  INFO 492470 --- [demo] [           main] o.s.b.w.embedded.tomcat.TomcatWebServer  : Tomcat initialized with port 8081 (http)
2026-08-13T09:33:08.071+05:30  INFO 492470 --- [demo] [           main] o.apache.catalina.core.StandardService   : Starting service [Tomcat]
2026-08-13T09:33:08.071+05:30  INFO 492470 --- [demo] [           main] o.apache.catalina.core.StandardEngine    : Starting Servlet engine: [Apache Tomcat/10.1.20]
2026-08-13T09:33:08.100+05:30  INFO 492470 --- [demo] [           main] o.a.c.c.C.[Tomcat].[localhost].[/]       : Initializing Spring embedded WebApplicationContext
2026-08-13T09:33:08.100+05:30  INFO 492470 --- [demo] [           main] w.s.c.ServletWebServerApplicationContext : Root WebApplicationContext: initialization completed in 973 ms
2026-08-13T09:33:08.188+05:30  INFO 492470 --- [demo] [           main] o.hibernate.jpa.internal.util.LogHelper  : HHH000204: Processing PersistenceUnitInfo [name: default]
2026-08-13T09:33:08.222+05:30  INFO 492470 --- [demo] [           main] org.hibernate.Version                    : HHH000412: Hibernate ORM core version 6.4.4.Final
2026-08-13T09:33:08.276+05:30  INFO 492470 --- [demo] [           main] o.h.c.internal.RegionFactoryInitiator    : HHH000026: Second-level cache disabled
2026-08-13T09:33:08.441+05:30  INFO 492470 --- [demo] [           main] o.s.o.j.p.SpringPersistenceUnitInfo      : No LoadTimeWeaver setup: ignoring JPA class transformer
2026-08-13T09:33:08.457+05:30  INFO 492470 --- [demo] [           main] com.zaxxer.hikari.HikariDataSource       : HikariPool-1 - Starting...
2026-08-13T09:33:08.573+05:30  INFO 492470 --- [demo] [           main] com.zaxxer.hikari.pool.HikariPool        : HikariPool-1 - Added connection org.mariadb.jdbc.Connection@3a588b5f
2026-08-13T09:33:08.575+05:30  INFO 492470 --- [demo] [           main] com.zaxxer.hikari.HikariDataSource       : HikariPool-1 - Start completed.
2026-08-13T09:33:08.609+05:30  WARN 492470 --- [demo] [           main] org.hibernate.orm.deprecation            : HHH90000025: MariaDBDialect does not need to be specified explicitly using 'hibernate.dialect' (remove the property setting and it will be selected by default)
2026-08-13T09:33:09.727+05:30  INFO 492470 --- [demo] [           main] o.h.e.t.j.p.i.JtaPlatformInitiator       : HHH000489: No JTA platform available (set 'hibernate.transaction.jta.platform' to enable JTA platform integration)
2026-08-13T09:33:09.868+05:30  INFO 492470 --- [demo] [           main] j.LocalContainerEntityManagerFactoryBean : Initialized JPA EntityManagerFactory for persistence unit 'default'
2026-08-13T09:33:10.265+05:30  INFO 492470 --- [demo] [           main] o.s.d.j.r.query.QueryEnhancerFactory     : Hibernate is in classpath; If applicable, HQL parser will be used.
2026-08-13T09:33:11.283+05:30  WARN 492470 --- [demo] [           main] JpaBaseConfiguration$JpaWebConfiguration : spring.jpa.open-in-view is enabled by default. Therefore, database queries may be performed during view rendering. Explicitly configure spring.jpa.open-in-view to disable this warning
2026-08-13T09:33:11.506+05:30  INFO 492470 --- [demo] [           main] o.s.s.web.DefaultSecurityFilterChain     : Will secure any request with [org.springframework.security.web.session.DisableEncodeUrlFilter@1eecc98c, org.springframework.security.web.context.request.async.WebAsyncManagerIntegrationFilter@62b0059, org.springframework.security.web.context.SecurityContextHolderFilter@11ab8594, org.springframework.security.web.header.HeaderWriterFilter@6850c02, org.springframework.web.filter.CorsFilter@264129aa, org.springframework.security.web.authentication.logout.LogoutFilter@29c2e92, com.transparencychain.backend.security.AuthTokenFilter@7be9582e, org.springframework.security.web.savedrequest.RequestCacheAwareFilter@1a7186ef, org.springframework.security.web.servletapi.SecurityContextHolderAwareRequestFilter@5f6da867, org.springframework.security.web.authentication.AnonymousAuthenticationFilter@59af828a, org.springframework.security.web.session.SessionManagementFilter@725645f4, org.springframework.security.web.access.ExceptionTranslationFilter@480e8a7a, org.springframework.security.web.access.intercept.AuthorizationFilter@2737fd1d]
2026-08-13T09:33:11.686+05:30  INFO 492470 --- [demo] [           main] o.s.b.w.embedded.tomcat.TomcatWebServer  : Tomcat started on port 8081 (http) with context path ''
2026-08-13T09:33:11.692+05:30  INFO 492470 --- [demo] [           main] com.example.demo.DemoApplication         : Started DemoApplication in 4.851 seconds (process running for 5.023)
Hibernate: 
    select
        u1_0.id,
        u1_0.created_at,
        u1_0.email,
        u1_0.full_name,
        u1_0.is_verified,
        u1_0.password_hash,
        u1_0.phone,
        u1_0.role,
        u1_0.updated_at 
    from
        users u1_0 
    where
        u1_0.email=?
Found user for seeding: 727724eucy040@skcet.ac.in
Hibernate: 
    update
        users 
    set
        created_at=?,
        email=?,
        full_name=?,
        is_verified=?,
        password_hash=?,
        phone=?,
        role=?,
        updated_at=? 
    where
        id=?
Hibernate: 
    select
        np1_0.id,
        np1_0.auditor_membership_number,
        np1_0.auditor_name,
        np1_0.authorized_signatory_designation,
        np1_0.authorized_signatory_name,
        np1_0.authorized_signatory_pan,
        np1_0.bank_account_name,
        np1_0.bank_account_number_encrypted,
        np1_0.contact_email,
        np1_0.contact_phone,
        np1_0.csr1registration_number,
        np1_0.darpan_id,
        np1_0.date_of_establishment,
        np1_0.fcra_number,
        np1_0.focus_sdg_goals,
        np1_0.gstin,
        np1_0.ifsc_code,
        np1_0.latitude,
        np1_0.longitude,
        np1_0.operational_states,
        np1_0.org_name,
        np1_0.pan_number,
        np1_0.reg12a_number,
        np1_0.reg80g_number,
        np1_0.registered_address,
        np1_0.registration_number,
        np1_0.registration_type,
        np1_0.trust_score,
        np1_0.user_id,
        np1_0.verification_status,
        np1_0.verified_at,
        np1_0.website 
    from
        ngo_profiles np1_0 
    left join
        users u1_0 
            on u1_0.id=np1_0.user_id 
    where
        u1_0.id=?
Hibernate: 
    select
        fp1_0.id,
        fp1_0.cin_number,
        fp1_0.org_name,
        fp1_0.org_type,
        fp1_0.total_donated,
        fp1_0.user_id 
    from
        funder_profiles fp1_0
Hibernate: 
    select
        u1_0.id,
        u1_0.created_at,
        u1_0.email,
        u1_0.full_name,
        u1_0.is_verified,
        u1_0.password_hash,
        u1_0.phone,
        u1_0.role,
        u1_0.updated_at 
    from
        users u1_0 
    where
        u1_0.id=?
Hibernate: 
    select
        p1_0.id,
        p1_0.created_at,
        p1_0.description,
        p1_0.expected_beneficiaries,
        p1_0.funder_id,
        p1_0.geography,
        p1_0.impact_kpi,
        p1_0.latitude,
        p1_0.longitude,
        p1_0.ngo_id,
        p1_0.project_duration,
        p1_0.sdg_goal,
        p1_0.sdg_target,
        p1_0.status,
        p1_0.title,
        p1_0.total_budget 
    from
        projects p1_0 
    left join
        ngo_profiles n1_0 
            on n1_0.id=p1_0.ngo_id 
    where
        n1_0.id=?
Projects already exist for this NGO. Skipping seed.
Hibernate: 
    select
        p1_0.id,
        p1_0.created_at,
        p1_0.description,
        p1_0.expected_beneficiaries,
        p1_0.funder_id,
        p1_0.geography,
        p1_0.impact_kpi,
        p1_0.latitude,
        p1_0.longitude,
        p1_0.ngo_id,
        p1_0.project_duration,
        p1_0.sdg_goal,
        p1_0.sdg_target,
        p1_0.status,
        p1_0.title,
        p1_0.total_budget 
    from
        projects p1_0
Hibernate: 
    select
        pik1_0.id,
        pik1_0.created_at,
        pik1_0.kpi_description,
        pik1_0.kpi_name,
        pik1_0.project_id,
        pik1_0.sdg_goal,
        pik1_0.target_value,
        pik1_0.unit,
        pik1_0.updated_at 
    from
        project_impact_kpis pik1_0 
    left join
        projects p1_0 
            on p1_0.id=pik1_0.project_id 
    where
        p1_0.id=?
Hibernate: 
    select
        bvf1_0.id,
        bvf1_0.closed_at,
        bvf1_0.created_at,
        bvf1_0.description,
        bvf1_0.milestone_id,
        bvf1_0.minimum_positive_percentage,
        bvf1_0.minimum_response_percentage,
        bvf1_0.project_id,
        bvf1_0.published_at,
        bvf1_0.share_token,
        bvf1_0.status,
        bvf1_0.target_responses,
        bvf1_0.title,
        bvf1_0.version 
    from
        beneficiary_verification_forms bvf1_0 
    left join
        projects p1_0 
            on p1_0.id=bvf1_0.project_id 
    where
        p1_0.id=? 
    order by
        bvf1_0.created_at desc
Hibernate: 
    update
        users 
    set
        created_at=?,
        email=?,
        full_name=?,
        is_verified=?,
        password_hash=?,
        phone=?,
        role=?,
        updated_at=? 
    where
        id=?
2026-08-13T09:35:24.800+05:30  INFO 492470 --- [demo] [nio-8081-exec-1] o.a.c.c.C.[Tomcat].[localhost].[/]       : Initializing Spring DispatcherServlet 'dispatcherServlet'
2026-08-13T09:35:24.800+05:30  INFO 492470 --- [demo] [nio-8081-exec-1] o.s.web.servlet.DispatcherServlet        : Initializing Servlet 'dispatcherServlet'
2026-08-13T09:35:24.802+05:30  INFO 492470 --- [demo] [nio-8081-exec-1] o.s.web.servlet.DispatcherServlet        : Completed initialization in 2 ms
2026-08-13T09:35:24.814+05:30 DEBUG 492470 --- [demo] [nio-8081-exec-1] o.s.security.web.FilterChainProxy        : Securing OPTIONS /api/org/projects
2026-08-13T09:35:24.814+05:30 DEBUG 492470 --- [demo] [nio-8081-exec-2] o.s.security.web.FilterChainProxy        : Securing OPTIONS /api/org/projects
2026-08-13T09:35:24.828+05:30 DEBUG 492470 --- [demo] [nio-8081-exec-4] o.s.security.web.FilterChainProxy        : Securing GET /api/org/projects
Hibernate: 
    select
        u1_0.id,
        u1_0.created_at,
        u1_0.email,
        u1_0.full_name,
        u1_0.is_verified,
        u1_0.password_hash,
        u1_0.phone,
        u1_0.role,
        u1_0.updated_at 
    from
        users u1_0 
    where
        u1_0.email=?
2026-08-13T09:35:24.865+05:30 DEBUG 492470 --- [demo] [nio-8081-exec-4] o.s.security.web.FilterChainProxy        : Secured GET /api/org/projects
2026-08-13T09:35:24.879+05:30 DEBUG 492470 --- [demo] [nio-8081-exec-4] horizationManagerBeforeMethodInterceptor : Authorizing method invocation ReflectiveMethodInvocation: public org.springframework.http.ResponseEntity com.transparencychain.backend.controller.OrgProjectController.browseProjects(com.transparencychain.backend.model.Project$SdgGoal,java.lang.String,java.math.BigDecimal,java.math.BigDecimal); target is of class [com.transparencychain.backend.controller.OrgProjectController]
2026-08-13T09:35:24.895+05:30 DEBUG 492470 --- [demo] [nio-8081-exec-4] horizationManagerBeforeMethodInterceptor : Authorized method invocation ReflectiveMethodInvocation: public org.springframework.http.ResponseEntity com.transparencychain.backend.controller.OrgProjectController.browseProjects(com.transparencychain.backend.model.Project$SdgGoal,java.lang.String,java.math.BigDecimal,java.math.BigDecimal); target is of class [com.transparencychain.backend.controller.OrgProjectController]
Hibernate: 
    select
        fp1_0.id,
        fp1_0.cin_number,
        fp1_0.org_name,
        fp1_0.org_type,
        fp1_0.total_donated,
        fp1_0.user_id 
    from
        funder_profiles fp1_0 
    left join
        users u1_0 
            on u1_0.id=fp1_0.user_id 
    where
        u1_0.id=?
Hibernate: 
    select
        p1_0.id,
        p1_0.created_at,
        p1_0.description,
        p1_0.expected_beneficiaries,
        p1_0.funder_id,
        p1_0.geography,
        p1_0.impact_kpi,
        p1_0.latitude,
        p1_0.longitude,
        p1_0.ngo_id,
        p1_0.project_duration,
        p1_0.sdg_goal,
        p1_0.sdg_target,
        p1_0.status,
        p1_0.title,
        p1_0.total_budget 
    from
        projects p1_0 
    where
        p1_0.status in ('PUBLISHED', 'SUBMITTED', 'DRAFT', 'UNDER_REVIEW', 'APPROVED', 'FUNDED', 'ESCROWED', 'ACTIVE', 'IN_PROGRESS') 
        and (
            ? is null 
            or p1_0.sdg_goal=?
        ) 
        and (
            ? is null 
            or lower(p1_0.geography) like replace(lower(concat('%', ?, '%')), '\\', '\\\\')
        ) 
        and (
            ? is null 
            or p1_0.total_budget>=?
        ) 
        and (
            ? is null 
            or p1_0.total_budget<=?
        ) 
    order by
        p1_0.created_at desc
Hibernate: 
    select
        ope1_0.id,
        ope1_0.committed_at,
        ope1_0.funder_id,
        ope1_0.project_id,
        ope1_0.status,
        ope1_0.viewed_at 
    from
        org_project_engagements ope1_0 
    left join
        funder_profiles f1_0 
            on f1_0.id=ope1_0.funder_id 
    where
        f1_0.id=?
Hibernate: 
    select
        np1_0.id,
        np1_0.auditor_membership_number,
        np1_0.auditor_name,
        np1_0.authorized_signatory_designation,
        np1_0.authorized_signatory_name,
        np1_0.authorized_signatory_pan,
        np1_0.bank_account_name,
        np1_0.bank_account_number_encrypted,
        np1_0.contact_email,
        np1_0.contact_phone,
        np1_0.csr1registration_number,
        np1_0.darpan_id,
        np1_0.date_of_establishment,
        np1_0.fcra_number,
        np1_0.focus_sdg_goals,
        np1_0.gstin,
        np1_0.ifsc_code,
        np1_0.latitude,
        np1_0.longitude,
        np1_0.operational_states,
        np1_0.org_name,
        np1_0.pan_number,
        np1_0.reg12a_number,
        np1_0.reg80g_number,
        np1_0.registered_address,
        np1_0.registration_number,
        np1_0.registration_type,
        np1_0.trust_score,
        np1_0.user_id,
        np1_0.verification_status,
        np1_0.verified_at,
        np1_0.website 
    from
        ngo_profiles np1_0 
    where
        np1_0.id=?
2026-08-13T09:35:24.938+05:30 DEBUG 492470 --- [demo] [nio-8081-exec-3] o.s.security.web.FilterChainProxy        : Securing GET /api/org/projects
Hibernate: 
    select
        u1_0.id,
        u1_0.created_at,
        u1_0.email,
        u1_0.full_name,
        u1_0.is_verified,
        u1_0.password_hash,
        u1_0.phone,
        u1_0.role,
        u1_0.updated_at 
    from
        users u1_0 
    where
        u1_0.email=?
2026-08-13T09:35:24.946+05:30 DEBUG 492470 --- [demo] [nio-8081-exec-3] o.s.security.web.FilterChainProxy        : Secured GET /api/org/projects
2026-08-13T09:35:24.948+05:30 DEBUG 492470 --- [demo] [nio-8081-exec-3] horizationManagerBeforeMethodInterceptor : Authorizing method invocation ReflectiveMethodInvocation: public org.springframework.http.ResponseEntity com.transparencychain.backend.controller.OrgProjectController.browseProjects(com.transparencychain.backend.model.Project$SdgGoal,java.lang.String,java.math.BigDecimal,java.math.BigDecimal); target is of class [com.transparencychain.backend.controller.OrgProjectController]
2026-08-13T09:35:24.948+05:30 DEBUG 492470 --- [demo] [nio-8081-exec-3] horizationManagerBeforeMethodInterceptor : Authorized method invocation ReflectiveMethodInvocation: public org.springframework.http.ResponseEntity com.transparencychain.backend.controller.OrgProjectController.browseProjects(com.transparencychain.backend.model.Project$SdgGoal,java.lang.String,java.math.BigDecimal,java.math.BigDecimal); target is of class [com.transparencychain.backend.controller.OrgProjectController]
Hibernate: 
    select
        fp1_0.id,
        fp1_0.cin_number,
        fp1_0.org_name,
        fp1_0.org_type,
        fp1_0.total_donated,
        fp1_0.user_id 
    from
        funder_profiles fp1_0 
    left join
        users u1_0 
            on u1_0.id=fp1_0.user_id 
    where
        u1_0.id=?
Hibernate: 
    select
        p1_0.id,
        p1_0.created_at,
        p1_0.description,
        p1_0.expected_beneficiaries,
        p1_0.funder_id,
        p1_0.geography,
        p1_0.impact_kpi,
        p1_0.latitude,
        p1_0.longitude,
        p1_0.ngo_id,
        p1_0.project_duration,
        p1_0.sdg_goal,
        p1_0.sdg_target,
        p1_0.status,
        p1_0.title,
        p1_0.total_budget 
    from
        projects p1_0 
    where
        p1_0.status in ('PUBLISHED', 'SUBMITTED', 'DRAFT', 'UNDER_REVIEW', 'APPROVED', 'FUNDED', 'ESCROWED', 'ACTIVE', 'IN_PROGRESS') 
        and (
            ? is null 
            or p1_0.sdg_goal=?
        ) 
        and (
            ? is null 
            or lower(p1_0.geography) like replace(lower(concat('%', ?, '%')), '\\', '\\\\')
        ) 
        and (
            ? is null 
            or p1_0.total_budget>=?
        ) 
        and (
            ? is null 
            or p1_0.total_budget<=?
        ) 
    order by
        p1_0.created_at desc
Hibernate: 
    select
        ope1_0.id,
        ope1_0.committed_at,
        ope1_0.funder_id,
        ope1_0.project_id,
        ope1_0.status,
        ope1_0.viewed_at 
    from
        org_project_engagements ope1_0 
    left join
        funder_profiles f1_0 
            on f1_0.id=ope1_0.funder_id 
    where
        f1_0.id=?
Hibernate: 
    select
        np1_0.id,
        np1_0.auditor_membership_number,
        np1_0.auditor_name,
        np1_0.authorized_signatory_designation,
        np1_0.authorized_signatory_name,
        np1_0.authorized_signatory_pan,
        np1_0.bank_account_name,
        np1_0.bank_account_number_encrypted,
        np1_0.contact_email,
        np1_0.contact_phone,
        np1_0.csr1registration_number,
        np1_0.darpan_id,
        np1_0.date_of_establishment,
        np1_0.fcra_number,
        np1_0.focus_sdg_goals,
        np1_0.gstin,
        np1_0.ifsc_code,
        np1_0.latitude,
        np1_0.longitude,
        np1_0.operational_states,
        np1_0.org_name,
        np1_0.pan_number,
        np1_0.reg12a_number,
        np1_0.reg80g_number,
        np1_0.registered_address,
        np1_0.registration_number,
        np1_0.registration_type,
        np1_0.trust_score,
        np1_0.user_id,
        np1_0.verification_status,
        np1_0.verified_at,
        np1_0.website 
    from
        ngo_profiles np1_0 
    where
        np1_0.id=?
2026-08-13T09:35:42.918+05:30 DEBUG 492470 --- [demo] [nio-8081-exec-6] o.s.security.web.FilterChainProxy        : Securing OPTIONS /api/org/projects/828c7eb0-cfb9-4b7b-8ae6-5a40302c917e
2026-08-13T09:35:42.919+05:30 DEBUG 492470 --- [demo] [nio-8081-exec-5] o.s.security.web.FilterChainProxy        : Securing OPTIONS /api/org/projects/828c7eb0-cfb9-4b7b-8ae6-5a40302c917e
2026-08-13T09:35:42.926+05:30 DEBUG 492470 --- [demo] [nio-8081-exec-7] o.s.security.web.FilterChainProxy        : Securing GET /api/org/projects/828c7eb0-cfb9-4b7b-8ae6-5a40302c917e
Hibernate: 
    select
        u1_0.id,
        u1_0.created_at,
        u1_0.email,
        u1_0.full_name,
        u1_0.is_verified,
        u1_0.password_hash,
        u1_0.phone,
        u1_0.role,
        u1_0.updated_at 
    from
        users u1_0 
    where
        u1_0.email=?
2026-08-13T09:35:42.933+05:30 DEBUG 492470 --- [demo] [nio-8081-exec-7] o.s.security.web.FilterChainProxy        : Secured GET /api/org/projects/828c7eb0-cfb9-4b7b-8ae6-5a40302c917e
2026-08-13T09:35:42.935+05:30 DEBUG 492470 --- [demo] [nio-8081-exec-7] horizationManagerBeforeMethodInterceptor : Authorizing method invocation ReflectiveMethodInvocation: public org.springframework.http.ResponseEntity com.transparencychain.backend.controller.OrgProjectController.getProjectDetail(java.util.UUID); target is of class [com.transparencychain.backend.controller.OrgProjectController]
2026-08-13T09:35:42.936+05:30 DEBUG 492470 --- [demo] [nio-8081-exec-7] horizationManagerBeforeMethodInterceptor : Authorized method invocation ReflectiveMethodInvocation: public org.springframework.http.ResponseEntity com.transparencychain.backend.controller.OrgProjectController.getProjectDetail(java.util.UUID); target is of class [com.transparencychain.backend.controller.OrgProjectController]
Hibernate: 
    select
        fp1_0.id,
        fp1_0.cin_number,
        fp1_0.org_name,
        fp1_0.org_type,
        fp1_0.total_donated,
        fp1_0.user_id 
    from
        funder_profiles fp1_0 
    left join
        users u1_0 
            on u1_0.id=fp1_0.user_id 
    where
        u1_0.id=?
Hibernate: 
    select
        p1_0.id,
        p1_0.created_at,
        p1_0.description,
        p1_0.expected_beneficiaries,
        p1_0.funder_id,
        p1_0.geography,
        p1_0.impact_kpi,
        p1_0.latitude,
        p1_0.longitude,
        p1_0.ngo_id,
        p1_0.project_duration,
        p1_0.sdg_goal,
        p1_0.sdg_target,
        p1_0.status,
        p1_0.title,
        p1_0.total_budget 
    from
        projects p1_0 
    where
        p1_0.id=?
Hibernate: 
    select
        ope1_0.id,
        ope1_0.committed_at,
        ope1_0.funder_id,
        ope1_0.project_id,
        ope1_0.status,
        ope1_0.viewed_at 
    from
        org_project_engagements ope1_0 
    left join
        funder_profiles f1_0 
            on f1_0.id=ope1_0.funder_id 
    left join
        projects p1_0 
            on p1_0.id=ope1_0.project_id 
    where
        f1_0.id=? 
        and p1_0.id=?
Hibernate: 
    select
        m1_0.id,
        m1_0.additional_allocated_amount,
        m1_0.amount_allocated,
        m1_0.current_version_id,
        m1_0.description,
        m1_0.due_date,
        m1_0.project_id,
        m1_0.released_amount,
        m1_0.required_evidence,
        m1_0.sequence_number,
        m1_0.status,
        m1_0.title,
        m1_0.verification_requirements 
    from
        milestones m1_0 
    left join
        projects p1_0 
            on p1_0.id=m1_0.project_id 
    where
        p1_0.id=?
Hibernate: 
    select
        np1_0.id,
        np1_0.auditor_membership_number,
        np1_0.auditor_name,
        np1_0.authorized_signatory_designation,
        np1_0.authorized_signatory_name,
        np1_0.authorized_signatory_pan,
        np1_0.bank_account_name,
        np1_0.bank_account_number_encrypted,
        np1_0.contact_email,
        np1_0.contact_phone,
        np1_0.csr1registration_number,
        np1_0.darpan_id,
        np1_0.date_of_establishment,
        np1_0.fcra_number,
        np1_0.focus_sdg_goals,
        np1_0.gstin,
        np1_0.ifsc_code,
        np1_0.latitude,
        np1_0.longitude,
        np1_0.operational_states,
        np1_0.org_name,
        np1_0.pan_number,
        np1_0.reg12a_number,
        np1_0.reg80g_number,
        np1_0.registered_address,
        np1_0.registration_number,
        np1_0.registration_type,
        np1_0.trust_score,
        np1_0.user_id,
        np1_0.verification_status,
        np1_0.verified_at,
        np1_0.website 
    from
        ngo_profiles np1_0 
    where
        np1_0.id=?
2026-08-13T09:35:42.965+05:30 DEBUG 492470 --- [demo] [nio-8081-exec-8] o.s.security.web.FilterChainProxy        : Securing GET /api/org/projects/828c7eb0-cfb9-4b7b-8ae6-5a40302c917e
2026-08-13T09:35:42.968+05:30 DEBUG 492470 --- [demo] [nio-8081-exec-9] o.s.security.web.FilterChainProxy        : Securing OPTIONS /api/org/projects/828c7eb0-cfb9-4b7b-8ae6-5a40302c917e/commitment
Hibernate: 
    select
        u1_0.id,
        u1_0.created_at,
        u1_0.email,
        u1_0.full_name,
        u1_0.is_verified,
        u1_0.password_hash,
        u1_0.phone,
        u1_0.role,
        u1_0.updated_at 
    from
        users u1_0 
    where
        u1_0.email=?
2026-08-13T09:35:42.973+05:30 DEBUG 492470 --- [demo] [nio-8081-exec-8] o.s.security.web.FilterChainProxy        : Secured GET /api/org/projects/828c7eb0-cfb9-4b7b-8ae6-5a40302c917e
2026-08-13T09:35:42.974+05:30 DEBUG 492470 --- [demo] [nio-8081-exec-8] horizationManagerBeforeMethodInterceptor : Authorizing method invocation ReflectiveMethodInvocation: public org.springframework.http.ResponseEntity com.transparencychain.backend.controller.OrgProjectController.getProjectDetail(java.util.UUID); target is of class [com.transparencychain.backend.controller.OrgProjectController]
2026-08-13T09:35:42.974+05:30 DEBUG 492470 --- [demo] [io-8081-exec-10] o.s.security.web.FilterChainProxy        : Securing GET /api/org/projects/828c7eb0-cfb9-4b7b-8ae6-5a40302c917e/commitment
2026-08-13T09:35:42.974+05:30 DEBUG 492470 --- [demo] [nio-8081-exec-8] horizationManagerBeforeMethodInterceptor : Authorized method invocation ReflectiveMethodInvocation: public org.springframework.http.ResponseEntity com.transparencychain.backend.controller.OrgProjectController.getProjectDetail(java.util.UUID); target is of class [com.transparencychain.backend.controller.OrgProjectController]
Hibernate: 
    select
        fp1_0.id,
        fp1_0.cin_number,
        fp1_0.org_name,
        fp1_0.org_type,
        fp1_0.total_donated,
        fp1_0.user_id 
    from
        funder_profiles fp1_0 
    left join
        users u1_0 
            on u1_0.id=fp1_0.user_id 
    where
        u1_0.id=?
Hibernate: 
    select
        p1_0.id,
        p1_0.created_at,
        p1_0.description,
        p1_0.expected_beneficiaries,
        p1_0.funder_id,
        p1_0.geography,
        p1_0.impact_kpi,
        p1_0.latitude,
        p1_0.longitude,
        p1_0.ngo_id,
        p1_0.project_duration,
        p1_0.sdg_goal,
        p1_0.sdg_target,
        p1_0.status,
        p1_0.title,
        p1_0.total_budget 
    from
        projects p1_0 
    where
        p1_0.id=?
Hibernate: 
    select
        u1_0.id,
        u1_0.created_at,
        u1_0.email,
        u1_0.full_name,
        u1_0.is_verified,
        u1_0.password_hash,
        u1_0.phone,
        u1_0.role,
        u1_0.updated_at 
    from
        users u1_0 
    where
        u1_0.email=?
Hibernate: 
    select
        ope1_0.id,
        ope1_0.committed_at,
        ope1_0.funder_id,
        ope1_0.project_id,
        ope1_0.status,
        ope1_0.viewed_at 
    from
        org_project_engagements ope1_0 
    left join
        funder_profiles f1_0 
            on f1_0.id=ope1_0.funder_id 
    left join
        projects p1_0 
            on p1_0.id=ope1_0.project_id 
    where
        f1_0.id=? 
        and p1_0.id=?
2026-08-13T09:35:42.986+05:30 DEBUG 492470 --- [demo] [io-8081-exec-10] o.s.security.web.FilterChainProxy        : Secured GET /api/org/projects/828c7eb0-cfb9-4b7b-8ae6-5a40302c917e/commitment
Hibernate: 
    select
        m1_0.id,
        m1_0.additional_allocated_amount,
        m1_0.amount_allocated,
        m1_0.current_version_id,
        m1_0.description,
        m1_0.due_date,
        m1_0.project_id,
        m1_0.released_amount,
        m1_0.required_evidence,
        m1_0.sequence_number,
        m1_0.status,
        m1_0.title,
        m1_0.verification_requirements 
    from
        milestones m1_0 
    left join
        projects p1_0 
            on p1_0.id=m1_0.project_id 
    where
        p1_0.id=?
Hibernate: 
    select
        np1_0.id,
        np1_0.auditor_membership_number,
        np1_0.auditor_name,
        np1_0.authorized_signatory_designation,
        np1_0.authorized_signatory_name,
        np1_0.authorized_signatory_pan,
        np1_0.bank_account_name,
        np1_0.bank_account_number_encrypted,
        np1_0.contact_email,
        np1_0.contact_phone,
        np1_0.csr1registration_number,
        np1_0.darpan_id,
        np1_0.date_of_establishment,
        np1_0.fcra_number,
        np1_0.focus_sdg_goals,
        np1_0.gstin,
        np1_0.ifsc_code,
        np1_0.latitude,
        np1_0.longitude,
        np1_0.operational_states,
        np1_0.org_name,
        np1_0.pan_number,
        np1_0.reg12a_number,
        np1_0.reg80g_number,
        np1_0.registered_address,
        np1_0.registration_number,
        np1_0.registration_type,
        np1_0.trust_score,
        np1_0.user_id,
        np1_0.verification_status,
        np1_0.verified_at,
        np1_0.website 
    from
        ngo_profiles np1_0 
    where
        np1_0.id=?
2026-08-13T09:35:42.987+05:30 DEBUG 492470 --- [demo] [io-8081-exec-10] horizationManagerBeforeMethodInterceptor : Authorizing method invocation ReflectiveMethodInvocation: public org.springframework.http.ResponseEntity com.transparencychain.backend.controller.OrgCommitmentController.getCommitmentByProject(java.util.UUID); target is of class [com.transparencychain.backend.controller.OrgCommitmentController]
2026-08-13T09:35:42.988+05:30 DEBUG 492470 --- [demo] [io-8081-exec-10] horizationManagerBeforeMethodInterceptor : Authorized method invocation ReflectiveMethodInvocation: public org.springframework.http.ResponseEntity com.transparencychain.backend.controller.OrgCommitmentController.getCommitmentByProject(java.util.UUID); target is of class [com.transparencychain.backend.controller.OrgCommitmentController]
Hibernate: 
    select
        fp1_0.id,
        fp1_0.cin_number,
        fp1_0.org_name,
        fp1_0.org_type,
        fp1_0.total_donated,
        fp1_0.user_id 
    from
        funder_profiles fp1_0 
    left join
        users u1_0 
            on u1_0.id=fp1_0.user_id 
    where
        u1_0.id=?
Hibernate: 
    select
        fc1_0.id,
        fc1_0.budget_exceeded_warning,
        fc1_0.created_at,
        fc1_0.funder_id,
        fc1_0.project_id,
        fc1_0.status,
        fc1_0.total_committed_amount 
    from
        funding_commitments fc1_0 
    left join
        projects p1_0 
            on p1_0.id=fc1_0.project_id 
    where
        p1_0.id=?
2026-08-13T09:35:43.009+05:30 DEBUG 492470 --- [demo] [nio-8081-exec-2] o.s.security.web.FilterChainProxy        : Securing GET /api/org/projects/828c7eb0-cfb9-4b7b-8ae6-5a40302c917e/commitment
Hibernate: 
    select
        u1_0.id,
        u1_0.created_at,
        u1_0.email,
        u1_0.full_name,
        u1_0.is_verified,
        u1_0.password_hash,
        u1_0.phone,
        u1_0.role,
        u1_0.updated_at 
    from
        users u1_0 
    where
        u1_0.email=?
2026-08-13T09:35:43.021+05:30 DEBUG 492470 --- [demo] [nio-8081-exec-2] o.s.security.web.FilterChainProxy        : Secured GET /api/org/projects/828c7eb0-cfb9-4b7b-8ae6-5a40302c917e/commitment
2026-08-13T09:35:43.023+05:30 DEBUG 492470 --- [demo] [nio-8081-exec-2] horizationManagerBeforeMethodInterceptor : Authorizing method invocation ReflectiveMethodInvocation: public org.springframework.http.ResponseEntity com.transparencychain.backend.controller.OrgCommitmentController.getCommitmentByProject(java.util.UUID); target is of class [com.transparencychain.backend.controller.OrgCommitmentController]
2026-08-13T09:35:43.023+05:30 DEBUG 492470 --- [demo] [nio-8081-exec-2] horizationManagerBeforeMethodInterceptor : Authorized method invocation ReflectiveMethodInvocation: public org.springframework.http.ResponseEntity com.transparencychain.backend.controller.OrgCommitmentController.getCommitmentByProject(java.util.UUID); target is of class [com.transparencychain.backend.controller.OrgCommitmentController]
Hibernate: 
    select
        fp1_0.id,
        fp1_0.cin_number,
        fp1_0.org_name,
        fp1_0.org_type,
        fp1_0.total_donated,
        fp1_0.user_id 
    from
        funder_profiles fp1_0 
    left join
        users u1_0 
            on u1_0.id=fp1_0.user_id 
    where
        u1_0.id=?
Hibernate: 
    select
        fc1_0.id,
        fc1_0.budget_exceeded_warning,
        fc1_0.created_at,
        fc1_0.funder_id,
        fc1_0.project_id,
        fc1_0.status,
        fc1_0.total_committed_amount 
    from
        funding_commitments fc1_0 
    left join
        projects p1_0 
            on p1_0.id=fc1_0.project_id 
    where
        p1_0.id=?
2026-08-13T09:36:23.696+05:30 DEBUG 492470 --- [demo] [nio-8081-exec-1] o.s.security.web.FilterChainProxy        : Securing OPTIONS /api/org/projects/828c7eb0-cfb9-4b7b-8ae6-5a40302c917e/negotiate
2026-08-13T09:36:23.705+05:30 DEBUG 492470 --- [demo] [nio-8081-exec-4] o.s.security.web.FilterChainProxy        : Securing POST /api/org/projects/828c7eb0-cfb9-4b7b-8ae6-5a40302c917e/negotiate
Hibernate: 
    select
        u1_0.id,
        u1_0.created_at,
        u1_0.email,
        u1_0.full_name,
        u1_0.is_verified,
        u1_0.password_hash,
        u1_0.phone,
        u1_0.role,
        u1_0.updated_at 
    from
        users u1_0 
    where
        u1_0.email=?
2026-08-13T09:36:23.717+05:30 DEBUG 492470 --- [demo] [nio-8081-exec-4] o.s.security.web.FilterChainProxy        : Secured POST /api/org/projects/828c7eb0-cfb9-4b7b-8ae6-5a40302c917e/negotiate
2026-08-13T09:36:23.731+05:30 DEBUG 492470 --- [demo] [nio-8081-exec-4] o.s.security.web.FilterChainProxy        : Securing POST /error
2026-08-13T09:36:23.731+05:30 DEBUG 492470 --- [demo] [nio-8081-exec-4] o.s.s.w.a.AnonymousAuthenticationFilter  : Set SecurityContextHolder to anonymous SecurityContext
2026-08-13T09:36:23.732+05:30 ERROR 492470 --- [demo] [nio-8081-exec-4] c.t.backend.security.AuthEntryPointJwt   : Unauthorized error: Full authentication is required to access this resource
2026-08-13T09:36:31.608+05:30 DEBUG 492470 --- [demo] [nio-8081-exec-3] o.s.security.web.FilterChainProxy        : Securing OPTIONS /api/v1/auth/login
2026-08-13T09:36:31.613+05:30 DEBUG 492470 --- [demo] [nio-8081-exec-6] o.s.security.web.FilterChainProxy        : Securing POST /api/v1/auth/login
2026-08-13T09:36:31.614+05:30 DEBUG 492470 --- [demo] [nio-8081-exec-6] o.s.s.w.a.AnonymousAuthenticationFilter  : Set SecurityContextHolder to anonymous SecurityContext
2026-08-13T09:36:31.615+05:30 DEBUG 492470 --- [demo] [nio-8081-exec-6] o.s.security.web.FilterChainProxy        : Secured POST /api/v1/auth/login
Hibernate: 
    select
        u1_0.id,
        u1_0.created_at,
        u1_0.email,
        u1_0.full_name,
        u1_0.is_verified,
        u1_0.password_hash,
        u1_0.phone,
        u1_0.role,
        u1_0.updated_at 
    from
        users u1_0 
    where
        u1_0.email=?
2026-08-13T09:36:31.788+05:30 DEBUG 492470 --- [demo] [nio-8081-exec-6] o.s.s.a.dao.DaoAuthenticationProvider    : Authenticated user
2026-08-13T09:36:31.841+05:30 DEBUG 492470 --- [demo] [nio-8081-exec-7] o.s.security.web.FilterChainProxy        : Securing OPTIONS /api/v1/projects?funderId=eb820bcf-10f7-4fa4-ac1d-18babf0ee47f
2026-08-13T09:36:31.841+05:30 DEBUG 492470 --- [demo] [nio-8081-exec-5] o.s.security.web.FilterChainProxy        : Securing OPTIONS /api/v1/projects?funderId=eb820bcf-10f7-4fa4-ac1d-18babf0ee47f
2026-08-13T09:36:31.845+05:30 DEBUG 492470 --- [demo] [nio-8081-exec-9] o.s.security.web.FilterChainProxy        : Securing GET /api/v1/projects?funderId=eb820bcf-10f7-4fa4-ac1d-18babf0ee47f
Hibernate: 
    select
        u1_0.id,
        u1_0.created_at,
        u1_0.email,
        u1_0.full_name,
        u1_0.is_verified,
        u1_0.password_hash,
        u1_0.phone,
        u1_0.role,
        u1_0.updated_at 
    from
        users u1_0 
    where
        u1_0.email=?
2026-08-13T09:36:31.850+05:30 DEBUG 492470 --- [demo] [nio-8081-exec-9] o.s.security.web.FilterChainProxy        : Secured GET /api/v1/projects?funderId=eb820bcf-10f7-4fa4-ac1d-18babf0ee47f
Hibernate: 
    select
        p1_0.id,
        p1_0.created_at,
        p1_0.description,
        p1_0.expected_beneficiaries,
        p1_0.funder_id,
        p1_0.geography,
        p1_0.impact_kpi,
        p1_0.latitude,
        p1_0.longitude,
        p1_0.ngo_id,
        p1_0.project_duration,
        p1_0.sdg_goal,
        p1_0.sdg_target,
        p1_0.status,
        p1_0.title,
        p1_0.total_budget 
    from
        projects p1_0 
    left join
        funder_profiles f1_0 
            on f1_0.id=p1_0.funder_id 
    where
        f1_0.id=?
2026-08-13T09:36:31.857+05:30 DEBUG 492470 --- [demo] [nio-8081-exec-8] o.s.security.web.FilterChainProxy        : Securing GET /api/v1/projects?funderId=eb820bcf-10f7-4fa4-ac1d-18babf0ee47f
Hibernate: 
    select
        u1_0.id,
        u1_0.created_at,
        u1_0.email,
        u1_0.full_name,
        u1_0.is_verified,
        u1_0.password_hash,
        u1_0.phone,
        u1_0.role,
        u1_0.updated_at 
    from
        users u1_0 
    where
        u1_0.email=?
2026-08-13T09:36:31.862+05:30 DEBUG 492470 --- [demo] [nio-8081-exec-8] o.s.security.web.FilterChainProxy        : Secured GET /api/v1/projects?funderId=eb820bcf-10f7-4fa4-ac1d-18babf0ee47f
Hibernate: 
    select
        p1_0.id,
        p1_0.created_at,
        p1_0.description,
        p1_0.expected_beneficiaries,
        p1_0.funder_id,
        p1_0.geography,
        p1_0.impact_kpi,
        p1_0.latitude,
        p1_0.longitude,
        p1_0.ngo_id,
        p1_0.project_duration,
        p1_0.sdg_goal,
        p1_0.sdg_target,
        p1_0.status,
        p1_0.title,
        p1_0.total_budget 
    from
        projects p1_0 
    left join
        funder_profiles f1_0 
            on f1_0.id=p1_0.funder_id 
    where
        f1_0.id=?
2026-08-13T09:36:56.723+05:30 DEBUG 492470 --- [demo] [nio-8081-exec-1] o.s.security.web.FilterChainProxy        : Securing POST /api/v1/auth/login
2026-08-13T09:36:56.724+05:30 DEBUG 492470 --- [demo] [nio-8081-exec-1] o.s.s.w.a.AnonymousAuthenticationFilter  : Set SecurityContextHolder to anonymous SecurityContext
2026-08-13T09:36:56.724+05:30 DEBUG 492470 --- [demo] [nio-8081-exec-1] o.s.security.web.FilterChainProxy        : Secured POST /api/v1/auth/login
Hibernate: 
    select
        u1_0.id,
        u1_0.created_at,
        u1_0.email,
        u1_0.full_name,
        u1_0.is_verified,
        u1_0.password_hash,
        u1_0.phone,
        u1_0.role,
        u1_0.updated_at 
    from
        users u1_0 
    where
        u1_0.email=?
2026-08-13T09:36:56.815+05:30 DEBUG 492470 --- [demo] [nio-8081-exec-1] o.s.s.a.dao.DaoAuthenticationProvider    : Failed to find user 'funder@test.com'
2026-08-13T09:36:56.817+05:30 ERROR 492470 --- [demo] [nio-8081-exec-1] c.t.backend.security.AuthEntryPointJwt   : Unauthorized error: Bad credentials
2026-08-13T09:36:56.818+05:30 DEBUG 492470 --- [demo] [nio-8081-exec-1] o.s.security.web.FilterChainProxy        : Securing POST /error
2026-08-13T09:36:56.819+05:30 DEBUG 492470 --- [demo] [nio-8081-exec-1] o.s.s.w.a.AnonymousAuthenticationFilter  : Set SecurityContextHolder to anonymous SecurityContext
2026-08-13T09:36:56.819+05:30 ERROR 492470 --- [demo] [nio-8081-exec-1] c.t.backend.security.AuthEntryPointJwt   : Unauthorized error: Full authentication is required to access this resource
2026-08-13T09:36:56.845+05:30 DEBUG 492470 --- [demo] [nio-8081-exec-3] o.s.security.web.FilterChainProxy        : Securing GET /api/org/projects
2026-08-13T09:36:56.846+05:30 DEBUG 492470 --- [demo] [nio-8081-exec-3] o.s.s.w.a.AnonymousAuthenticationFilter  : Set SecurityContextHolder to anonymous SecurityContext
2026-08-13T09:36:56.846+05:30 ERROR 492470 --- [demo] [nio-8081-exec-3] c.t.backend.security.AuthEntryPointJwt   : Unauthorized error: Full authentication is required to access this resource
2026-08-13T09:36:56.846+05:30 DEBUG 492470 --- [demo] [nio-8081-exec-3] o.s.security.web.FilterChainProxy        : Securing GET /error
2026-08-13T09:36:56.847+05:30 DEBUG 492470 --- [demo] [nio-8081-exec-3] o.s.s.w.a.AnonymousAuthenticationFilter  : Set SecurityContextHolder to anonymous SecurityContext
2026-08-13T09:36:56.847+05:30 ERROR 492470 --- [demo] [nio-8081-exec-3] c.t.backend.security.AuthEntryPointJwt   : Unauthorized error: Full authentication is required to access this resource
2026-08-13T09:37:27.175+05:30 DEBUG 492470 --- [demo] [nio-8081-exec-7] o.s.security.web.FilterChainProxy        : Securing OPTIONS /api/v1/ngos/verified
2026-08-13T09:37:27.175+05:30 DEBUG 492470 --- [demo] [nio-8081-exec-5] o.s.security.web.FilterChainProxy        : Securing OPTIONS /api/v1/ngos/verified
2026-08-13T09:37:27.180+05:30 DEBUG 492470 --- [demo] [nio-8081-exec-9] o.s.security.web.FilterChainProxy        : Securing GET /api/v1/ngos/verified
Hibernate: 
    select
        u1_0.id,
        u1_0.created_at,
        u1_0.email,
        u1_0.full_name,
        u1_0.is_verified,
        u1_0.password_hash,
        u1_0.phone,
        u1_0.role,
        u1_0.updated_at 
    from
        users u1_0 
    where
        u1_0.email=?
2026-08-13T09:37:27.186+05:30 DEBUG 492470 --- [demo] [nio-8081-exec-9] o.s.security.web.FilterChainProxy        : Secured GET /api/v1/ngos/verified
Hibernate: 
    select
        np1_0.id,
        np1_0.auditor_membership_number,
        np1_0.auditor_name,
        np1_0.authorized_signatory_designation,
        np1_0.authorized_signatory_name,
        np1_0.authorized_signatory_pan,
        np1_0.bank_account_name,
        np1_0.bank_account_number_encrypted,
        np1_0.contact_email,
        np1_0.contact_phone,
        np1_0.csr1registration_number,
        np1_0.darpan_id,
        np1_0.date_of_establishment,
        np1_0.fcra_number,
        np1_0.focus_sdg_goals,
        np1_0.gstin,
        np1_0.ifsc_code,
        np1_0.latitude,
        np1_0.longitude,
        np1_0.operational_states,
        np1_0.org_name,
        np1_0.pan_number,
        np1_0.reg12a_number,
        np1_0.reg80g_number,
        np1_0.registered_address,
        np1_0.registration_number,
        np1_0.registration_type,
        np1_0.trust_score,
        np1_0.user_id,
        np1_0.verification_status,
        np1_0.verified_at,
        np1_0.website 
    from
        ngo_profiles np1_0
Hibernate: 
    select
        u1_0.id,
        u1_0.created_at,
        u1_0.email,
        u1_0.full_name,
        u1_0.is_verified,
        u1_0.password_hash,
        u1_0.phone,
        u1_0.role,
        u1_0.updated_at 
    from
        users u1_0 
    where
        u1_0.id=?
2026-08-13T09:37:27.198+05:30 ERROR 492470 --- [demo] [nio-8081-exec-9] o.a.c.c.C.[.[.[/].[dispatcherServlet]    : Servlet.service() for servlet [dispatcherServlet] in context with path [] threw exception [Request processing failed: org.springframework.http.converter.HttpMessageConversionException: Type definition error: [simple type, class org.hibernate.proxy.pojo.bytebuddy.ByteBuddyInterceptor]] with root cause

com.fasterxml.jackson.databind.exc.InvalidDefinitionException: No serializer found for class org.hibernate.proxy.pojo.bytebuddy.ByteBuddyInterceptor and no properties discovered to create BeanSerializer (to avoid exception, disable SerializationFeature.FAIL_ON_EMPTY_BEANS) (through reference chain: java.util.ArrayList[0]->com.transparencychain.backend.model.NgoProfile["user"]->com.transparencychain.backend.model.User$HibernateProxy$kzJ01UV1["hibernateLazyInitializer"])
	at com.fasterxml.jackson.databind.exc.InvalidDefinitionException.from(InvalidDefinitionException.java:77) ~[jackson-databind-2.15.4.jar:2.15.4]
	at com.fasterxml.jackson.databind.SerializerProvider.reportBadDefinition(SerializerProvider.java:1308) ~[jackson-databind-2.15.4.jar:2.15.4]
	at com.fasterxml.jackson.databind.DatabindContext.reportBadDefinition(DatabindContext.java:414) ~[jackson-databind-2.15.4.jar:2.15.4]
	at com.fasterxml.jackson.databind.ser.impl.UnknownSerializer.failForEmpty(UnknownSerializer.java:53) ~[jackson-databind-2.15.4.jar:2.15.4]
	at com.fasterxml.jackson.databind.ser.impl.UnknownSerializer.serialize(UnknownSerializer.java:30) ~[jackson-databind-2.15.4.jar:2.15.4]
	at com.fasterxml.jackson.databind.ser.BeanPropertyWriter.serializeAsField(BeanPropertyWriter.java:732) ~[jackson-databind-2.15.4.jar:2.15.4]
	at com.fasterxml.jackson.databind.ser.std.BeanSerializerBase.serializeFields(BeanSerializerBase.java:772) ~[jackson-databind-2.15.4.jar:2.15.4]
	at com.fasterxml.jackson.databind.ser.BeanSerializer.serialize(BeanSerializer.java:178) ~[jackson-databind-2.15.4.jar:2.15.4]
	at com.fasterxml.jackson.databind.ser.BeanPropertyWriter.serializeAsField(BeanPropertyWriter.java:732) ~[jackson-databind-2.15.4.jar:2.15.4]
	at com.fasterxml.jackson.databind.ser.std.BeanSerializerBase.serializeFields(BeanSerializerBase.java:772) ~[jackson-databind-2.15.4.jar:2.15.4]
	at com.fasterxml.jackson.databind.ser.BeanSerializer.serialize(BeanSerializer.java:178) ~[jackson-databind-2.15.4.jar:2.15.4]
	at com.fasterxml.jackson.databind.ser.std.CollectionSerializer.serializeContents(CollectionSerializer.java:145) ~[jackson-databind-2.15.4.jar:2.15.4]
	at com.fasterxml.jackson.databind.ser.std.CollectionSerializer.serialize(CollectionSerializer.java:107) ~[jackson-databind-2.15.4.jar:2.15.4]
	at com.fasterxml.jackson.databind.ser.std.CollectionSerializer.serialize(CollectionSerializer.java:25) ~[jackson-databind-2.15.4.jar:2.15.4]
	at com.fasterxml.jackson.databind.ser.DefaultSerializerProvider._serialize(DefaultSerializerProvider.java:479) ~[jackson-databind-2.15.4.jar:2.15.4]
	at com.fasterxml.jackson.databind.ser.DefaultSerializerProvider.serializeValue(DefaultSerializerProvider.java:399) ~[jackson-databind-2.15.4.jar:2.15.4]
	at com.fasterxml.jackson.databind.ObjectWriter$Prefetch.serialize(ObjectWriter.java:1568) ~[jackson-databind-2.15.4.jar:2.15.4]
	at com.fasterxml.jackson.databind.ObjectWriter.writeValue(ObjectWriter.java:1061) ~[jackson-databind-2.15.4.jar:2.15.4]
	at org.springframework.http.converter.json.AbstractJackson2HttpMessageConverter.writeInternal(AbstractJackson2HttpMessageConverter.java:483) ~[spring-web-6.1.6.jar:6.1.6]
	at org.springframework.http.converter.AbstractGenericHttpMessageConverter.write(AbstractGenericHttpMessageConverter.java:114) ~[spring-web-6.1.6.jar:6.1.6]
	at org.springframework.web.servlet.mvc.method.annotation.AbstractMessageConverterMethodProcessor.writeWithMessageConverters(AbstractMessageConverterMethodProcessor.java:297) ~[spring-webmvc-6.1.6.jar:6.1.6]
	at org.springframework.web.servlet.mvc.method.annotation.HttpEntityMethodProcessor.handleReturnValue(HttpEntityMethodProcessor.java:245) ~[spring-webmvc-6.1.6.jar:6.1.6]
	at org.springframework.web.method.support.HandlerMethodReturnValueHandlerComposite.handleReturnValue(HandlerMethodReturnValueHandlerComposite.java:78) ~[spring-web-6.1.6.jar:6.1.6]
	at org.springframework.web.servlet.mvc.method.annotation.ServletInvocableHandlerMethod.invokeAndHandle(ServletInvocableHandlerMethod.java:136) ~[spring-webmvc-6.1.6.jar:6.1.6]
	at org.springframework.web.servlet.mvc.method.annotation.RequestMappingHandlerAdapter.invokeHandlerMethod(RequestMappingHandlerAdapter.java:926) ~[spring-webmvc-6.1.6.jar:6.1.6]
	at org.springframework.web.servlet.mvc.method.annotation.RequestMappingHandlerAdapter.handleInternal(RequestMappingHandlerAdapter.java:831) ~[spring-webmvc-6.1.6.jar:6.1.6]
	at org.springframework.web.servlet.mvc.method.AbstractHandlerMethodAdapter.handle(AbstractHandlerMethodAdapter.java:87) ~[spring-webmvc-6.1.6.jar:6.1.6]
	at org.springframework.web.servlet.DispatcherServlet.doDispatch(DispatcherServlet.java:1089) ~[spring-webmvc-6.1.6.jar:6.1.6]
	at org.springframework.web.servlet.DispatcherServlet.doService(DispatcherServlet.java:979) ~[spring-webmvc-6.1.6.jar:6.1.6]
	at org.springframework.web.servlet.FrameworkServlet.processRequest(FrameworkServlet.java:1014) ~[spring-webmvc-6.1.6.jar:6.1.6]
	at org.springframework.web.servlet.FrameworkServlet.doGet(FrameworkServlet.java:903) ~[spring-webmvc-6.1.6.jar:6.1.6]
	at jakarta.servlet.http.HttpServlet.service(HttpServlet.java:564) ~[tomcat-embed-core-10.1.20.jar:6.0]
	at org.springframework.web.servlet.FrameworkServlet.service(FrameworkServlet.java:885) ~[spring-webmvc-6.1.6.jar:6.1.6]
	at jakarta.servlet.http.HttpServlet.service(HttpServlet.java:658) ~[tomcat-embed-core-10.1.20.jar:6.0]
	at org.apache.catalina.core.ApplicationFilterChain.internalDoFilter(ApplicationFilterChain.java:206) ~[tomcat-embed-core-10.1.20.jar:10.1.20]
	at org.apache.catalina.core.ApplicationFilterChain.doFilter(ApplicationFilterChain.java:150) ~[tomcat-embed-core-10.1.20.jar:10.1.20]
	at org.apache.tomcat.websocket.server.WsFilter.doFilter(WsFilter.java:51) ~[tomcat-embed-websocket-10.1.20.jar:10.1.20]
	at org.apache.catalina.core.ApplicationFilterChain.internalDoFilter(ApplicationFilterChain.java:175) ~[tomcat-embed-core-10.1.20.jar:10.1.20]
	at org.apache.catalina.core.ApplicationFilterChain.doFilter(ApplicationFilterChain.java:150) ~[tomcat-embed-core-10.1.20.jar:10.1.20]
	at org.springframework.web.filter.OncePerRequestFilter.doFilter(OncePerRequestFilter.java:110) ~[spring-web-6.1.6.jar:6.1.6]
	at org.apache.catalina.core.ApplicationFilterChain.internalDoFilter(ApplicationFilterChain.java:175) ~[tomcat-embed-core-10.1.20.jar:10.1.20]
	at org.apache.catalina.core.ApplicationFilterChain.doFilter(ApplicationFilterChain.java:150) ~[tomcat-embed-core-10.1.20.jar:10.1.20]
	at org.springframework.web.filter.CompositeFilter$VirtualFilterChain.doFilter(CompositeFilter.java:108) ~[spring-web-6.1.6.jar:6.1.6]
	at org.springframework.security.web.FilterChainProxy.lambda$doFilterInternal$3(FilterChainProxy.java:231) ~[spring-security-web-6.2.4.jar:6.2.4]
	at org.springframework.security.web.FilterChainProxy$VirtualFilterChain.doFilter(FilterChainProxy.java:365) ~[spring-security-web-6.2.4.jar:6.2.4]
	at org.springframework.security.web.access.intercept.AuthorizationFilter.doFilter(AuthorizationFilter.java:100) ~[spring-security-web-6.2.4.jar:6.2.4]
	at org.springframework.security.web.FilterChainProxy$VirtualFilterChain.doFilter(FilterChainProxy.java:374) ~[spring-security-web-6.2.4.jar:6.2.4]
	at org.springframework.security.web.access.ExceptionTranslationFilter.doFilter(ExceptionTranslationFilter.java:126) ~[spring-security-web-6.2.4.jar:6.2.4]
	at org.springframework.security.web.access.ExceptionTranslationFilter.doFilter(ExceptionTranslationFilter.java:120) ~[spring-security-web-6.2.4.jar:6.2.4]
	at org.springframework.security.web.FilterChainProxy$VirtualFilterChain.doFilter(FilterChainProxy.java:374) ~[spring-security-web-6.2.4.jar:6.2.4]
	at org.springframework.security.web.session.SessionManagementFilter.doFilter(SessionManagementFilter.java:131) ~[spring-security-web-6.2.4.jar:6.2.4]
	at org.springframework.security.web.session.SessionManagementFilter.doFilter(SessionManagementFilter.java:85) ~[spring-security-web-6.2.4.jar:6.2.4]
	at org.springframework.security.web.FilterChainProxy$VirtualFilterChain.doFilter(FilterChainProxy.java:374) ~[spring-security-web-6.2.4.jar:6.2.4]
	at org.springframework.security.web.authentication.AnonymousAuthenticationFilter.doFilter(AnonymousAuthenticationFilter.java:100) ~[spring-security-web-6.2.4.jar:6.2.4]
	at org.springframework.security.web.FilterChainProxy$VirtualFilterChain.doFilter(FilterChainProxy.java:374) ~[spring-security-web-6.2.4.jar:6.2.4]
	at org.springframework.security.web.servletapi.SecurityContextHolderAwareRequestFilter.doFilter(SecurityContextHolderAwareRequestFilter.java:179) ~[spring-security-web-6.2.4.jar:6.2.4]
	at org.springframework.security.web.FilterChainProxy$VirtualFilterChain.doFilter(FilterChainProxy.java:374) ~[spring-security-web-6.2.4.jar:6.2.4]
	at org.springframework.security.web.savedrequest.RequestCacheAwareFilter.doFilter(RequestCacheAwareFilter.java:63) ~[spring-security-web-6.2.4.jar:6.2.4]
	at org.springframework.security.web.FilterChainProxy$VirtualFilterChain.doFilter(FilterChainProxy.java:374) ~[spring-security-web-6.2.4.jar:6.2.4]
	at com.transparencychain.backend.security.AuthTokenFilter.doFilterInternal(AuthTokenFilter.java:47) ~[classes/:na]
	at org.springframework.web.filter.OncePerRequestFilter.doFilter(OncePerRequestFilter.java:116) ~[spring-web-6.1.6.jar:6.1.6]
	at org.springframework.security.web.FilterChainProxy$VirtualFilterChain.doFilter(FilterChainProxy.java:374) ~[spring-security-web-6.2.4.jar:6.2.4]
	at org.springframework.security.web.authentication.logout.LogoutFilter.doFilter(LogoutFilter.java:107) ~[spring-security-web-6.2.4.jar:6.2.4]
	at org.springframework.security.web.authentication.logout.LogoutFilter.doFilter(LogoutFilter.java:93) ~[spring-security-web-6.2.4.jar:6.2.4]
	at org.springframework.security.web.FilterChainProxy$VirtualFilterChain.doFilter(FilterChainProxy.java:374) ~[spring-security-web-6.2.4.jar:6.2.4]
	at org.springframework.web.filter.CorsFilter.doFilterInternal(CorsFilter.java:91) ~[spring-web-6.1.6.jar:6.1.6]
	at org.springframework.web.filter.OncePerRequestFilter.doFilter(OncePerRequestFilter.java:116) ~[spring-web-6.1.6.jar:6.1.6]
	at org.springframework.security.web.FilterChainProxy$VirtualFilterChain.doFilter(FilterChainProxy.java:374) ~[spring-security-web-6.2.4.jar:6.2.4]
	at org.springframework.security.web.header.HeaderWriterFilter.doHeadersAfter(HeaderWriterFilter.java:90) ~[spring-security-web-6.2.4.jar:6.2.4]
	at org.springframework.security.web.header.HeaderWriterFilter.doFilterInternal(HeaderWriterFilter.java:75) ~[spring-security-web-6.2.4.jar:6.2.4]
	at org.springframework.web.filter.OncePerRequestFilter.doFilter(OncePerRequestFilter.java:116) ~[spring-web-6.1.6.jar:6.1.6]
	at org.springframework.security.web.FilterChainProxy$VirtualFilterChain.doFilter(FilterChainProxy.java:374) ~[spring-security-web-6.2.4.jar:6.2.4]
	at org.springframework.security.web.context.SecurityContextHolderFilter.doFilter(SecurityContextHolderFilter.java:82) ~[spring-security-web-6.2.4.jar:6.2.4]
	at org.springframework.security.web.context.SecurityContextHolderFilter.doFilter(SecurityContextHolderFilter.java:69) ~[spring-security-web-6.2.4.jar:6.2.4]
	at org.springframework.security.web.FilterChainProxy$VirtualFilterChain.doFilter(FilterChainProxy.java:374) ~[spring-security-web-6.2.4.jar:6.2.4]
	at org.springframework.security.web.context.request.async.WebAsyncManagerIntegrationFilter.doFilterInternal(WebAsyncManagerIntegrationFilter.java:62) ~[spring-security-web-6.2.4.jar:6.2.4]
	at org.springframework.web.filter.OncePerRequestFilter.doFilter(OncePerRequestFilter.java:116) ~[spring-web-6.1.6.jar:6.1.6]
	at org.springframework.security.web.FilterChainProxy$VirtualFilterChain.doFilter(FilterChainProxy.java:374) ~[spring-security-web-6.2.4.jar:6.2.4]
	at org.springframework.security.web.session.DisableEncodeUrlFilter.doFilterInternal(DisableEncodeUrlFilter.java:42) ~[spring-security-web-6.2.4.jar:6.2.4]
	at org.springframework.web.filter.OncePerRequestFilter.doFilter(OncePerRequestFilter.java:116) ~[spring-web-6.1.6.jar:6.1.6]
	at org.springframework.security.web.FilterChainProxy$VirtualFilterChain.doFilter(FilterChainProxy.java:374) ~[spring-security-web-6.2.4.jar:6.2.4]
	at org.springframework.security.web.FilterChainProxy.doFilterInternal(FilterChainProxy.java:233) ~[spring-security-web-6.2.4.jar:6.2.4]
	at org.springframework.security.web.FilterChainProxy.doFilter(FilterChainProxy.java:191) ~[spring-security-web-6.2.4.jar:6.2.4]
	at org.springframework.web.filter.CompositeFilter$VirtualFilterChain.doFilter(CompositeFilter.java:113) ~[spring-web-6.1.6.jar:6.1.6]
	at org.springframework.web.servlet.handler.HandlerMappingIntrospector.lambda$createCacheFilter$3(HandlerMappingIntrospector.java:195) ~[spring-webmvc-6.1.6.jar:6.1.6]
	at org.springframework.web.filter.CompositeFilter$VirtualFilterChain.doFilter(CompositeFilter.java:113) ~[spring-web-6.1.6.jar:6.1.6]
	at org.springframework.web.filter.CompositeFilter.doFilter(CompositeFilter.java:74) ~[spring-web-6.1.6.jar:6.1.6]
	at org.springframework.security.config.annotation.web.configuration.WebMvcSecurityConfiguration$CompositeFilterChainProxy.doFilter(WebMvcSecurityConfiguration.java:230) ~[spring-security-config-6.2.4.jar:6.2.4]
	at org.springframework.web.filter.DelegatingFilterProxy.invokeDelegate(DelegatingFilterProxy.java:352) ~[spring-web-6.1.6.jar:6.1.6]
	at org.springframework.web.filter.DelegatingFilterProxy.doFilter(DelegatingFilterProxy.java:268) ~[spring-web-6.1.6.jar:6.1.6]
	at org.apache.catalina.core.ApplicationFilterChain.internalDoFilter(ApplicationFilterChain.java:175) ~[tomcat-embed-core-10.1.20.jar:10.1.20]
	at org.apache.catalina.core.ApplicationFilterChain.doFilter(ApplicationFilterChain.java:150) ~[tomcat-embed-core-10.1.20.jar:10.1.20]
	at org.springframework.web.filter.RequestContextFilter.doFilterInternal(RequestContextFilter.java:100) ~[spring-web-6.1.6.jar:6.1.6]
	at org.springframework.web.filter.OncePerRequestFilter.doFilter(OncePerRequestFilter.java:116) ~[spring-web-6.1.6.jar:6.1.6]
	at org.apache.catalina.core.ApplicationFilterChain.internalDoFilter(ApplicationFilterChain.java:175) ~[tomcat-embed-core-10.1.20.jar:10.1.20]
	at org.apache.catalina.core.ApplicationFilterChain.doFilter(ApplicationFilterChain.java:150) ~[tomcat-embed-core-10.1.20.jar:10.1.20]
	at org.springframework.web.filter.FormContentFilter.doFilterInternal(FormContentFilter.java:93) ~[spring-web-6.1.6.jar:6.1.6]
	at org.springframework.web.filter.OncePerRequestFilter.doFilter(OncePerRequestFilter.java:116) ~[spring-web-6.1.6.jar:6.1.6]
	at org.apache.catalina.core.ApplicationFilterChain.internalDoFilter(ApplicationFilterChain.java:175) ~[tomcat-embed-core-10.1.20.jar:10.1.20]
	at org.apache.catalina.core.ApplicationFilterChain.doFilter(ApplicationFilterChain.java:150) ~[tomcat-embed-core-10.1.20.jar:10.1.20]
	at org.springframework.web.filter.CharacterEncodingFilter.doFilterInternal(CharacterEncodingFilter.java:201) ~[spring-web-6.1.6.jar:6.1.6]
	at org.springframework.web.filter.OncePerRequestFilter.doFilter(OncePerRequestFilter.java:116) ~[spring-web-6.1.6.jar:6.1.6]
	at org.apache.catalina.core.ApplicationFilterChain.internalDoFilter(ApplicationFilterChain.java:175) ~[tomcat-embed-core-10.1.20.jar:10.1.20]
	at org.apache.catalina.core.ApplicationFilterChain.doFilter(ApplicationFilterChain.java:150) ~[tomcat-embed-core-10.1.20.jar:10.1.20]
	at org.apache.catalina.core.StandardWrapperValve.invoke(StandardWrapperValve.java:167) ~[tomcat-embed-core-10.1.20.jar:10.1.20]
	at org.apache.catalina.core.StandardContextValve.invoke(StandardContextValve.java:90) ~[tomcat-embed-core-10.1.20.jar:10.1.20]
	at org.apache.catalina.authenticator.AuthenticatorBase.invoke(AuthenticatorBase.java:482) ~[tomcat-embed-core-10.1.20.jar:10.1.20]
	at org.apache.catalina.core.StandardHostValve.invoke(StandardHostValve.java:115) ~[tomcat-embed-core-10.1.20.jar:10.1.20]
	at org.apache.catalina.valves.ErrorReportValve.invoke(ErrorReportValve.java:93) ~[tomcat-embed-core-10.1.20.jar:10.1.20]
	at org.apache.catalina.core.StandardEngineValve.invoke(StandardEngineValve.java:74) ~[tomcat-embed-core-10.1.20.jar:10.1.20]
	at org.apache.catalina.connector.CoyoteAdapter.service(CoyoteAdapter.java:344) ~[tomcat-embed-core-10.1.20.jar:10.1.20]
	at org.apache.coyote.http11.Http11Processor.service(Http11Processor.java:391) ~[tomcat-embed-core-10.1.20.jar:10.1.20]
	at org.apache.coyote.AbstractProcessorLight.process(AbstractProcessorLight.java:63) ~[tomcat-embed-core-10.1.20.jar:10.1.20]
	at org.apache.coyote.AbstractProtocol$ConnectionHandler.process(AbstractProtocol.java:896) ~[tomcat-embed-core-10.1.20.jar:10.1.20]
	at org.apache.tomcat.util.net.NioEndpoint$SocketProcessor.doRun(NioEndpoint.java:1736) ~[tomcat-embed-core-10.1.20.jar:10.1.20]
	at org.apache.tomcat.util.net.SocketProcessorBase.run(SocketProcessorBase.java:52) ~[tomcat-embed-core-10.1.20.jar:10.1.20]
	at org.apache.tomcat.util.threads.ThreadPoolExecutor.runWorker(ThreadPoolExecutor.java:1191) ~[tomcat-embed-core-10.1.20.jar:10.1.20]
	at org.apache.tomcat.util.threads.ThreadPoolExecutor$Worker.run(ThreadPoolExecutor.java:659) ~[tomcat-embed-core-10.1.20.jar:10.1.20]
	at org.apache.tomcat.util.threads.TaskThread$WrappingRunnable.run(TaskThread.java:63) ~[tomcat-embed-core-10.1.20.jar:10.1.20]
	at java.base/java.lang.Thread.run(Thread.java:1474) ~[na:na]

2026-08-13T09:37:27.201+05:30 DEBUG 492470 --- [demo] [nio-8081-exec-9] o.s.security.web.FilterChainProxy        : Securing GET /error
2026-08-13T09:37:27.202+05:30 DEBUG 492470 --- [demo] [nio-8081-exec-9] o.s.s.w.a.AnonymousAuthenticationFilter  : Set SecurityContextHolder to anonymous SecurityContext
2026-08-13T09:37:27.202+05:30 ERROR 492470 --- [demo] [nio-8081-exec-9] c.t.backend.security.AuthEntryPointJwt   : Unauthorized error: Full authentication is required to access this resource
2026-08-13T09:37:27.204+05:30 DEBUG 492470 --- [demo] [nio-8081-exec-8] o.s.security.web.FilterChainProxy        : Securing GET /api/v1/ngos/verified
Hibernate: 
    select
        u1_0.id,
        u1_0.created_at,
        u1_0.email,
        u1_0.full_name,
        u1_0.is_verified,
        u1_0.password_hash,
        u1_0.phone,
        u1_0.role,
        u1_0.updated_at 
    from
        users u1_0 
    where
        u1_0.email=?
2026-08-13T09:37:27.211+05:30 DEBUG 492470 --- [demo] [nio-8081-exec-8] o.s.security.web.FilterChainProxy        : Secured GET /api/v1/ngos/verified
Hibernate: 
    select
        np1_0.id,
        np1_0.auditor_membership_number,
        np1_0.auditor_name,
        np1_0.authorized_signatory_designation,
        np1_0.authorized_signatory_name,
        np1_0.authorized_signatory_pan,
        np1_0.bank_account_name,
        np1_0.bank_account_number_encrypted,
        np1_0.contact_email,
        np1_0.contact_phone,
        np1_0.csr1registration_number,
        np1_0.darpan_id,
        np1_0.date_of_establishment,
        np1_0.fcra_number,
        np1_0.focus_sdg_goals,
        np1_0.gstin,
        np1_0.ifsc_code,
        np1_0.latitude,
        np1_0.longitude,
        np1_0.operational_states,
        np1_0.org_name,
        np1_0.pan_number,
        np1_0.reg12a_number,
        np1_0.reg80g_number,
        np1_0.registered_address,
        np1_0.registration_number,
        np1_0.registration_type,
        np1_0.trust_score,
        np1_0.user_id,
        np1_0.verification_status,
        np1_0.verified_at,
        np1_0.website 
    from
        ngo_profiles np1_0
Hibernate: 
    select
        u1_0.id,
        u1_0.created_at,
        u1_0.email,
        u1_0.full_name,
        u1_0.is_verified,
        u1_0.password_hash,
        u1_0.phone,
        u1_0.role,
        u1_0.updated_at 
    from
        users u1_0 
    where
        u1_0.id=?
2026-08-13T09:37:27.217+05:30 ERROR 492470 --- [demo] [nio-8081-exec-8] o.a.c.c.C.[.[.[/].[dispatcherServlet]    : Servlet.service() for servlet [dispatcherServlet] in context with path [] threw exception [Request processing failed: org.springframework.http.converter.HttpMessageConversionException: Type definition error: [simple type, class org.hibernate.proxy.pojo.bytebuddy.ByteBuddyInterceptor]] with root cause

com.fasterxml.jackson.databind.exc.InvalidDefinitionException: No serializer found for class org.hibernate.proxy.pojo.bytebuddy.ByteBuddyInterceptor and no properties discovered to create BeanSerializer (to avoid exception, disable SerializationFeature.FAIL_ON_EMPTY_BEANS) (through reference chain: java.util.ArrayList[0]->com.transparencychain.backend.model.NgoProfile["user"]->com.transparencychain.backend.model.User$HibernateProxy$kzJ01UV1["hibernateLazyInitializer"])
	at com.fasterxml.jackson.databind.exc.InvalidDefinitionException.from(InvalidDefinitionException.java:77) ~[jackson-databind-2.15.4.jar:2.15.4]
	at com.fasterxml.jackson.databind.SerializerProvider.reportBadDefinition(SerializerProvider.java:1308) ~[jackson-databind-2.15.4.jar:2.15.4]
	at com.fasterxml.jackson.databind.DatabindContext.reportBadDefinition(DatabindContext.java:414) ~[jackson-databind-2.15.4.jar:2.15.4]
	at com.fasterxml.jackson.databind.ser.impl.UnknownSerializer.failForEmpty(UnknownSerializer.java:53) ~[jackson-databind-2.15.4.jar:2.15.4]
	at com.fasterxml.jackson.databind.ser.impl.UnknownSerializer.serialize(UnknownSerializer.java:30) ~[jackson-databind-2.15.4.jar:2.15.4]
	at com.fasterxml.jackson.databind.ser.BeanPropertyWriter.serializeAsField(BeanPropertyWriter.java:732) ~[jackson-databind-2.15.4.jar:2.15.4]
	at com.fasterxml.jackson.databind.ser.std.BeanSerializerBase.serializeFields(BeanSerializerBase.java:772) ~[jackson-databind-2.15.4.jar:2.15.4]
	at com.fasterxml.jackson.databind.ser.BeanSerializer.serialize(BeanSerializer.java:178) ~[jackson-databind-2.15.4.jar:2.15.4]
	at com.fasterxml.jackson.databind.ser.BeanPropertyWriter.serializeAsField(BeanPropertyWriter.java:732) ~[jackson-databind-2.15.4.jar:2.15.4]
	at com.fasterxml.jackson.databind.ser.std.BeanSerializerBase.serializeFields(BeanSerializerBase.java:772) ~[jackson-databind-2.15.4.jar:2.15.4]
	at com.fasterxml.jackson.databind.ser.BeanSerializer.serialize(BeanSerializer.java:178) ~[jackson-databind-2.15.4.jar:2.15.4]
	at com.fasterxml.jackson.databind.ser.std.CollectionSerializer.serializeContents(CollectionSerializer.java:145) ~[jackson-databind-2.15.4.jar:2.15.4]
	at com.fasterxml.jackson.databind.ser.std.CollectionSerializer.serialize(CollectionSerializer.java:107) ~[jackson-databind-2.15.4.jar:2.15.4]
	at com.fasterxml.jackson.databind.ser.std.CollectionSerializer.serialize(CollectionSerializer.java:25) ~[jackson-databind-2.15.4.jar:2.15.4]
	at com.fasterxml.jackson.databind.ser.DefaultSerializerProvider._serialize(DefaultSerializerProvider.java:479) ~[jackson-databind-2.15.4.jar:2.15.4]
	at com.fasterxml.jackson.databind.ser.DefaultSerializerProvider.serializeValue(DefaultSerializerProvider.java:399) ~[jackson-databind-2.15.4.jar:2.15.4]
	at com.fasterxml.jackson.databind.ObjectWriter$Prefetch.serialize(ObjectWriter.java:1568) ~[jackson-databind-2.15.4.jar:2.15.4]
	at com.fasterxml.jackson.databind.ObjectWriter.writeValue(ObjectWriter.java:1061) ~[jackson-databind-2.15.4.jar:2.15.4]
	at org.springframework.http.converter.json.AbstractJackson2HttpMessageConverter.writeInternal(AbstractJackson2HttpMessageConverter.java:483) ~[spring-web-6.1.6.jar:6.1.6]
	at org.springframework.http.converter.AbstractGenericHttpMessageConverter.write(AbstractGenericHttpMessageConverter.java:114) ~[spring-web-6.1.6.jar:6.1.6]
	at org.springframework.web.servlet.mvc.method.annotation.AbstractMessageConverterMethodProcessor.writeWithMessageConverters(AbstractMessageConverterMethodProcessor.java:297) ~[spring-webmvc-6.1.6.jar:6.1.6]
	at org.springframework.web.servlet.mvc.method.annotation.HttpEntityMethodProcessor.handleReturnValue(HttpEntityMethodProcessor.java:245) ~[spring-webmvc-6.1.6.jar:6.1.6]
	at org.springframework.web.method.support.HandlerMethodReturnValueHandlerComposite.handleReturnValue(HandlerMethodReturnValueHandlerComposite.java:78) ~[spring-web-6.1.6.jar:6.1.6]
	at org.springframework.web.servlet.mvc.method.annotation.ServletInvocableHandlerMethod.invokeAndHandle(ServletInvocableHandlerMethod.java:136) ~[spring-webmvc-6.1.6.jar:6.1.6]
	at org.springframework.web.servlet.mvc.method.annotation.RequestMappingHandlerAdapter.invokeHandlerMethod(RequestMappingHandlerAdapter.java:926) ~[spring-webmvc-6.1.6.jar:6.1.6]
	at org.springframework.web.servlet.mvc.method.annotation.RequestMappingHandlerAdapter.handleInternal(RequestMappingHandlerAdapter.java:831) ~[spring-webmvc-6.1.6.jar:6.1.6]
	at org.springframework.web.servlet.mvc.method.AbstractHandlerMethodAdapter.handle(AbstractHandlerMethodAdapter.java:87) ~[spring-webmvc-6.1.6.jar:6.1.6]
	at org.springframework.web.servlet.DispatcherServlet.doDispatch(DispatcherServlet.java:1089) ~[spring-webmvc-6.1.6.jar:6.1.6]
	at org.springframework.web.servlet.DispatcherServlet.doService(DispatcherServlet.java:979) ~[spring-webmvc-6.1.6.jar:6.1.6]
	at org.springframework.web.servlet.FrameworkServlet.processRequest(FrameworkServlet.java:1014) ~[spring-webmvc-6.1.6.jar:6.1.6]
	at org.springframework.web.servlet.FrameworkServlet.doGet(FrameworkServlet.java:903) ~[spring-webmvc-6.1.6.jar:6.1.6]
	at jakarta.servlet.http.HttpServlet.service(HttpServlet.java:564) ~[tomcat-embed-core-10.1.20.jar:6.0]
	at org.springframework.web.servlet.FrameworkServlet.service(FrameworkServlet.java:885) ~[spring-webmvc-6.1.6.jar:6.1.6]
	at jakarta.servlet.http.HttpServlet.service(HttpServlet.java:658) ~[tomcat-embed-core-10.1.20.jar:6.0]
	at org.apache.catalina.core.ApplicationFilterChain.internalDoFilter(ApplicationFilterChain.java:206) ~[tomcat-embed-core-10.1.20.jar:10.1.20]
	at org.apache.catalina.core.ApplicationFilterChain.doFilter(ApplicationFilterChain.java:150) ~[tomcat-embed-core-10.1.20.jar:10.1.20]
	at org.apache.tomcat.websocket.server.WsFilter.doFilter(WsFilter.java:51) ~[tomcat-embed-websocket-10.1.20.jar:10.1.20]
	at org.apache.catalina.core.ApplicationFilterChain.internalDoFilter(ApplicationFilterChain.java:175) ~[tomcat-embed-core-10.1.20.jar:10.1.20]
	at org.apache.catalina.core.ApplicationFilterChain.doFilter(ApplicationFilterChain.java:150) ~[tomcat-embed-core-10.1.20.jar:10.1.20]
	at org.springframework.web.filter.OncePerRequestFilter.doFilter(OncePerRequestFilter.java:110) ~[spring-web-6.1.6.jar:6.1.6]
	at org.apache.catalina.core.ApplicationFilterChain.internalDoFilter(ApplicationFilterChain.java:175) ~[tomcat-embed-core-10.1.20.jar:10.1.20]
	at org.apache.catalina.core.ApplicationFilterChain.doFilter(ApplicationFilterChain.java:150) ~[tomcat-embed-core-10.1.20.jar:10.1.20]
	at org.springframework.web.filter.CompositeFilter$VirtualFilterChain.doFilter(CompositeFilter.java:108) ~[spring-web-6.1.6.jar:6.1.6]
	at org.springframework.security.web.FilterChainProxy.lambda$doFilterInternal$3(FilterChainProxy.java:231) ~[spring-security-web-6.2.4.jar:6.2.4]
	at org.springframework.security.web.FilterChainProxy$VirtualFilterChain.doFilter(FilterChainProxy.java:365) ~[spring-security-web-6.2.4.jar:6.2.4]
	at org.springframework.security.web.access.intercept.AuthorizationFilter.doFilter(AuthorizationFilter.java:100) ~[spring-security-web-6.2.4.jar:6.2.4]
	at org.springframework.security.web.FilterChainProxy$VirtualFilterChain.doFilter(FilterChainProxy.java:374) ~[spring-security-web-6.2.4.jar:6.2.4]
	at org.springframework.security.web.access.ExceptionTranslationFilter.doFilter(ExceptionTranslationFilter.java:126) ~[spring-security-web-6.2.4.jar:6.2.4]
	at org.springframework.security.web.access.ExceptionTranslationFilter.doFilter(ExceptionTranslationFilter.java:120) ~[spring-security-web-6.2.4.jar:6.2.4]
	at org.springframework.security.web.FilterChainProxy$VirtualFilterChain.doFilter(FilterChainProxy.java:374) ~[spring-security-web-6.2.4.jar:6.2.4]
	at org.springframework.security.web.session.SessionManagementFilter.doFilter(SessionManagementFilter.java:131) ~[spring-security-web-6.2.4.jar:6.2.4]
	at org.springframework.security.web.session.SessionManagementFilter.doFilter(SessionManagementFilter.java:85) ~[spring-security-web-6.2.4.jar:6.2.4]
	at org.springframework.security.web.FilterChainProxy$VirtualFilterChain.doFilter(FilterChainProxy.java:374) ~[spring-security-web-6.2.4.jar:6.2.4]
	at org.springframework.security.web.authentication.AnonymousAuthenticationFilter.doFilter(AnonymousAuthenticationFilter.java:100) ~[spring-security-web-6.2.4.jar:6.2.4]
	at org.springframework.security.web.FilterChainProxy$VirtualFilterChain.doFilter(FilterChainProxy.java:374) ~[spring-security-web-6.2.4.jar:6.2.4]
	at org.springframework.security.web.servletapi.SecurityContextHolderAwareRequestFilter.doFilter(SecurityContextHolderAwareRequestFilter.java:179) ~[spring-security-web-6.2.4.jar:6.2.4]
	at org.springframework.security.web.FilterChainProxy$VirtualFilterChain.doFilter(FilterChainProxy.java:374) ~[spring-security-web-6.2.4.jar:6.2.4]
	at org.springframework.security.web.savedrequest.RequestCacheAwareFilter.doFilter(RequestCacheAwareFilter.java:63) ~[spring-security-web-6.2.4.jar:6.2.4]
	at org.springframework.security.web.FilterChainProxy$VirtualFilterChain.doFilter(FilterChainProxy.java:374) ~[spring-security-web-6.2.4.jar:6.2.4]
	at com.transparencychain.backend.security.AuthTokenFilter.doFilterInternal(AuthTokenFilter.java:47) ~[classes/:na]
	at org.springframework.web.filter.OncePerRequestFilter.doFilter(OncePerRequestFilter.java:116) ~[spring-web-6.1.6.jar:6.1.6]
	at org.springframework.security.web.FilterChainProxy$VirtualFilterChain.doFilter(FilterChainProxy.java:374) ~[spring-security-web-6.2.4.jar:6.2.4]
	at org.springframework.security.web.authentication.logout.LogoutFilter.doFilter(LogoutFilter.java:107) ~[spring-security-web-6.2.4.jar:6.2.4]
	at org.springframework.security.web.authentication.logout.LogoutFilter.doFilter(LogoutFilter.java:93) ~[spring-security-web-6.2.4.jar:6.2.4]
	at org.springframework.security.web.FilterChainProxy$VirtualFilterChain.doFilter(FilterChainProxy.java:374) ~[spring-security-web-6.2.4.jar:6.2.4]
	at org.springframework.web.filter.CorsFilter.doFilterInternal(CorsFilter.java:91) ~[spring-web-6.1.6.jar:6.1.6]
	at org.springframework.web.filter.OncePerRequestFilter.doFilter(OncePerRequestFilter.java:116) ~[spring-web-6.1.6.jar:6.1.6]
	at org.springframework.security.web.FilterChainProxy$VirtualFilterChain.doFilter(FilterChainProxy.java:374) ~[spring-security-web-6.2.4.jar:6.2.4]
	at org.springframework.security.web.header.HeaderWriterFilter.doHeadersAfter(HeaderWriterFilter.java:90) ~[spring-security-web-6.2.4.jar:6.2.4]
	at org.springframework.security.web.header.HeaderWriterFilter.doFilterInternal(HeaderWriterFilter.java:75) ~[spring-security-web-6.2.4.jar:6.2.4]
	at org.springframework.web.filter.OncePerRequestFilter.doFilter(OncePerRequestFilter.java:116) ~[spring-web-6.1.6.jar:6.1.6]
	at org.springframework.security.web.FilterChainProxy$VirtualFilterChain.doFilter(FilterChainProxy.java:374) ~[spring-security-web-6.2.4.jar:6.2.4]
	at org.springframework.security.web.context.SecurityContextHolderFilter.doFilter(SecurityContextHolderFilter.java:82) ~[spring-security-web-6.2.4.jar:6.2.4]
	at org.springframework.security.web.context.SecurityContextHolderFilter.doFilter(SecurityContextHolderFilter.java:69) ~[spring-security-web-6.2.4.jar:6.2.4]
	at org.springframework.security.web.FilterChainProxy$VirtualFilterChain.doFilter(FilterChainProxy.java:374) ~[spring-security-web-6.2.4.jar:6.2.4]
	at org.springframework.security.web.context.request.async.WebAsyncManagerIntegrationFilter.doFilterInternal(WebAsyncManagerIntegrationFilter.java:62) ~[spring-security-web-6.2.4.jar:6.2.4]
	at org.springframework.web.filter.OncePerRequestFilter.doFilter(OncePerRequestFilter.java:116) ~[spring-web-6.1.6.jar:6.1.6]
	at org.springframework.security.web.FilterChainProxy$VirtualFilterChain.doFilter(FilterChainProxy.java:374) ~[spring-security-web-6.2.4.jar:6.2.4]
	at org.springframework.security.web.session.DisableEncodeUrlFilter.doFilterInternal(DisableEncodeUrlFilter.java:42) ~[spring-security-web-6.2.4.jar:6.2.4]
	at org.springframework.web.filter.OncePerRequestFilter.doFilter(OncePerRequestFilter.java:116) ~[spring-web-6.1.6.jar:6.1.6]
	at org.springframework.security.web.FilterChainProxy$VirtualFilterChain.doFilter(FilterChainProxy.java:374) ~[spring-security-web-6.2.4.jar:6.2.4]
	at org.springframework.security.web.FilterChainProxy.doFilterInternal(FilterChainProxy.java:233) ~[spring-security-web-6.2.4.jar:6.2.4]
	at org.springframework.security.web.FilterChainProxy.doFilter(FilterChainProxy.java:191) ~[spring-security-web-6.2.4.jar:6.2.4]
	at org.springframework.web.filter.CompositeFilter$VirtualFilterChain.doFilter(CompositeFilter.java:113) ~[spring-web-6.1.6.jar:6.1.6]
	at org.springframework.web.servlet.handler.HandlerMappingIntrospector.lambda$createCacheFilter$3(HandlerMappingIntrospector.java:195) ~[spring-webmvc-6.1.6.jar:6.1.6]
	at org.springframework.web.filter.CompositeFilter$VirtualFilterChain.doFilter(CompositeFilter.java:113) ~[spring-web-6.1.6.jar:6.1.6]
	at org.springframework.web.filter.CompositeFilter.doFilter(CompositeFilter.java:74) ~[spring-web-6.1.6.jar:6.1.6]
	at org.springframework.security.config.annotation.web.configuration.WebMvcSecurityConfiguration$CompositeFilterChainProxy.doFilter(WebMvcSecurityConfiguration.java:230) ~[spring-security-config-6.2.4.jar:6.2.4]
	at org.springframework.web.filter.DelegatingFilterProxy.invokeDelegate(DelegatingFilterProxy.java:352) ~[spring-web-6.1.6.jar:6.1.6]
	at org.springframework.web.filter.DelegatingFilterProxy.doFilter(DelegatingFilterProxy.java:268) ~[spring-web-6.1.6.jar:6.1.6]
	at org.apache.catalina.core.ApplicationFilterChain.internalDoFilter(ApplicationFilterChain.java:175) ~[tomcat-embed-core-10.1.20.jar:10.1.20]
	at org.apache.catalina.core.ApplicationFilterChain.doFilter(ApplicationFilterChain.java:150) ~[tomcat-embed-core-10.1.20.jar:10.1.20]
	at org.springframework.web.filter.RequestContextFilter.doFilterInternal(RequestContextFilter.java:100) ~[spring-web-6.1.6.jar:6.1.6]
	at org.springframework.web.filter.OncePerRequestFilter.doFilter(OncePerRequestFilter.java:116) ~[spring-web-6.1.6.jar:6.1.6]
	at org.apache.catalina.core.ApplicationFilterChain.internalDoFilter(ApplicationFilterChain.java:175) ~[tomcat-embed-core-10.1.20.jar:10.1.20]
	at org.apache.catalina.core.ApplicationFilterChain.doFilter(ApplicationFilterChain.java:150) ~[tomcat-embed-core-10.1.20.jar:10.1.20]
	at org.springframework.web.filter.FormContentFilter.doFilterInternal(FormContentFilter.java:93) ~[spring-web-6.1.6.jar:6.1.6]
	at org.springframework.web.filter.OncePerRequestFilter.doFilter(OncePerRequestFilter.java:116) ~[spring-web-6.1.6.jar:6.1.6]
	at org.apache.catalina.core.ApplicationFilterChain.internalDoFilter(ApplicationFilterChain.java:175) ~[tomcat-embed-core-10.1.20.jar:10.1.20]
	at org.apache.catalina.core.ApplicationFilterChain.doFilter(ApplicationFilterChain.java:150) ~[tomcat-embed-core-10.1.20.jar:10.1.20]
	at org.springframework.web.filter.CharacterEncodingFilter.doFilterInternal(CharacterEncodingFilter.java:201) ~[spring-web-6.1.6.jar:6.1.6]
	at org.springframework.web.filter.OncePerRequestFilter.doFilter(OncePerRequestFilter.java:116) ~[spring-web-6.1.6.jar:6.1.6]
	at org.apache.catalina.core.ApplicationFilterChain.internalDoFilter(ApplicationFilterChain.java:175) ~[tomcat-embed-core-10.1.20.jar:10.1.20]
	at org.apache.catalina.core.ApplicationFilterChain.doFilter(ApplicationFilterChain.java:150) ~[tomcat-embed-core-10.1.20.jar:10.1.20]
	at org.apache.catalina.core.StandardWrapperValve.invoke(StandardWrapperValve.java:167) ~[tomcat-embed-core-10.1.20.jar:10.1.20]
	at org.apache.catalina.core.StandardContextValve.invoke(StandardContextValve.java:90) ~[tomcat-embed-core-10.1.20.jar:10.1.20]
	at org.apache.catalina.authenticator.AuthenticatorBase.invoke(AuthenticatorBase.java:482) ~[tomcat-embed-core-10.1.20.jar:10.1.20]
	at org.apache.catalina.core.StandardHostValve.invoke(StandardHostValve.java:115) ~[tomcat-embed-core-10.1.20.jar:10.1.20]
	at org.apache.catalina.valves.ErrorReportValve.invoke(ErrorReportValve.java:93) ~[tomcat-embed-core-10.1.20.jar:10.1.20]
	at org.apache.catalina.core.StandardEngineValve.invoke(StandardEngineValve.java:74) ~[tomcat-embed-core-10.1.20.jar:10.1.20]
	at org.apache.catalina.connector.CoyoteAdapter.service(CoyoteAdapter.java:344) ~[tomcat-embed-core-10.1.20.jar:10.1.20]
	at org.apache.coyote.http11.Http11Processor.service(Http11Processor.java:391) ~[tomcat-embed-core-10.1.20.jar:10.1.20]
	at org.apache.coyote.AbstractProcessorLight.process(AbstractProcessorLight.java:63) ~[tomcat-embed-core-10.1.20.jar:10.1.20]
	at org.apache.coyote.AbstractProtocol$ConnectionHandler.process(AbstractProtocol.java:896) ~[tomcat-embed-core-10.1.20.jar:10.1.20]
	at org.apache.tomcat.util.net.NioEndpoint$SocketProcessor.doRun(NioEndpoint.java:1736) ~[tomcat-embed-core-10.1.20.jar:10.1.20]
	at org.apache.tomcat.util.net.SocketProcessorBase.run(SocketProcessorBase.java:52) ~[tomcat-embed-core-10.1.20.jar:10.1.20]
	at org.apache.tomcat.util.threads.ThreadPoolExecutor.runWorker(ThreadPoolExecutor.java:1191) ~[tomcat-embed-core-10.1.20.jar:10.1.20]
	at org.apache.tomcat.util.threads.ThreadPoolExecutor$Worker.run(ThreadPoolExecutor.java:659) ~[tomcat-embed-core-10.1.20.jar:10.1.20]
	at org.apache.tomcat.util.threads.TaskThread$WrappingRunnable.run(TaskThread.java:63) ~[tomcat-embed-core-10.1.20.jar:10.1.20]
	at java.base/java.lang.Thread.run(Thread.java:1474) ~[na:na]

2026-08-13T09:37:27.221+05:30 DEBUG 492470 --- [demo] [nio-8081-exec-8] o.s.security.web.FilterChainProxy        : Securing GET /error
2026-08-13T09:37:27.223+05:30 DEBUG 492470 --- [demo] [nio-8081-exec-8] o.s.s.w.a.AnonymousAuthenticationFilter  : Set SecurityContextHolder to anonymous SecurityContext
2026-08-13T09:37:27.223+05:30 ERROR 492470 --- [demo] [nio-8081-exec-8] c.t.backend.security.AuthEntryPointJwt   : Unauthorized error: Full authentication is required to access this resource
2026-08-13T09:37:30.628+05:30 DEBUG 492470 --- [demo] [nio-8081-exec-2] o.s.security.web.FilterChainProxy        : Securing OPTIONS /api/v1/auth/login
2026-08-13T09:37:30.633+05:30 DEBUG 492470 --- [demo] [io-8081-exec-10] o.s.security.web.FilterChainProxy        : Securing POST /api/v1/auth/login
2026-08-13T09:37:30.634+05:30 DEBUG 492470 --- [demo] [io-8081-exec-10] o.s.s.w.a.AnonymousAuthenticationFilter  : Set SecurityContextHolder to anonymous SecurityContext
2026-08-13T09:37:30.634+05:30 DEBUG 492470 --- [demo] [io-8081-exec-10] o.s.security.web.FilterChainProxy        : Secured POST /api/v1/auth/login
Hibernate: 
    select
        u1_0.id,
        u1_0.created_at,
        u1_0.email,
        u1_0.full_name,
        u1_0.is_verified,
        u1_0.password_hash,
        u1_0.phone,
        u1_0.role,
        u1_0.updated_at 
    from
        users u1_0 
    where
        u1_0.email=?
2026-08-13T09:37:30.721+05:30 DEBUG 492470 --- [demo] [io-8081-exec-10] o.s.s.a.dao.DaoAuthenticationProvider    : Authenticated user
2026-08-13T09:37:30.757+05:30 DEBUG 492470 --- [demo] [nio-8081-exec-1] o.s.security.web.FilterChainProxy        : Securing OPTIONS /api/v1/projects?funderId=eb820bcf-10f7-4fa4-ac1d-18babf0ee47f
2026-08-13T09:37:30.757+05:30 DEBUG 492470 --- [demo] [nio-8081-exec-4] o.s.security.web.FilterChainProxy        : Securing OPTIONS /api/v1/projects?funderId=eb820bcf-10f7-4fa4-ac1d-18babf0ee47f
2026-08-13T09:37:30.761+05:30 DEBUG 492470 --- [demo] [nio-8081-exec-3] o.s.security.web.FilterChainProxy        : Securing GET /api/v1/projects?funderId=eb820bcf-10f7-4fa4-ac1d-18babf0ee47f
Hibernate: 
    select
        u1_0.id,
        u1_0.created_at,
        u1_0.email,
        u1_0.full_name,
        u1_0.is_verified,
        u1_0.password_hash,
        u1_0.phone,
        u1_0.role,
        u1_0.updated_at 
    from
        users u1_0 
    where
        u1_0.email=?
2026-08-13T09:37:30.767+05:30 DEBUG 492470 --- [demo] [nio-8081-exec-3] o.s.security.web.FilterChainProxy        : Secured GET /api/v1/projects?funderId=eb820bcf-10f7-4fa4-ac1d-18babf0ee47f
Hibernate: 
    select
        p1_0.id,
        p1_0.created_at,
        p1_0.description,
        p1_0.expected_beneficiaries,
        p1_0.funder_id,
        p1_0.geography,
        p1_0.impact_kpi,
        p1_0.latitude,
        p1_0.longitude,
        p1_0.ngo_id,
        p1_0.project_duration,
        p1_0.sdg_goal,
        p1_0.sdg_target,
        p1_0.status,
        p1_0.title,
        p1_0.total_budget 
    from
        projects p1_0 
    left join
        funder_profiles f1_0 
            on f1_0.id=p1_0.funder_id 
    where
        f1_0.id=?
2026-08-13T09:37:30.772+05:30 DEBUG 492470 --- [demo] [nio-8081-exec-6] o.s.security.web.FilterChainProxy        : Securing GET /api/v1/projects?funderId=eb820bcf-10f7-4fa4-ac1d-18babf0ee47f
Hibernate: 
    select
        u1_0.id,
        u1_0.created_at,
        u1_0.email,
        u1_0.full_name,
        u1_0.is_verified,
        u1_0.password_hash,
        u1_0.phone,
        u1_0.role,
        u1_0.updated_at 
    from
        users u1_0 
    where
        u1_0.email=?
2026-08-13T09:37:30.776+05:30 DEBUG 492470 --- [demo] [nio-8081-exec-6] o.s.security.web.FilterChainProxy        : Secured GET /api/v1/projects?funderId=eb820bcf-10f7-4fa4-ac1d-18babf0ee47f
Hibernate: 
    select
        p1_0.id,
        p1_0.created_at,
        p1_0.description,
        p1_0.expected_beneficiaries,
        p1_0.funder_id,
        p1_0.geography,
        p1_0.impact_kpi,
        p1_0.latitude,
        p1_0.longitude,
        p1_0.ngo_id,
        p1_0.project_duration,
        p1_0.sdg_goal,
        p1_0.sdg_target,
        p1_0.status,
        p1_0.title,
        p1_0.total_budget 
    from
        projects p1_0 
    left join
        funder_profiles f1_0 
            on f1_0.id=p1_0.funder_id 
    where
        f1_0.id=?
2026-08-13T09:37:33.649+05:30 DEBUG 492470 --- [demo] [nio-8081-exec-7] o.s.security.web.FilterChainProxy        : Securing GET /api/v1/projects?funderId=eb820bcf-10f7-4fa4-ac1d-18babf0ee47f
Hibernate: 
    select
        u1_0.id,
        u1_0.created_at,
        u1_0.email,
        u1_0.full_name,
        u1_0.is_verified,
        u1_0.password_hash,
        u1_0.phone,
        u1_0.role,
        u1_0.updated_at 
    from
        users u1_0 
    where
        u1_0.email=?
2026-08-13T09:37:33.678+05:30 DEBUG 492470 --- [demo] [nio-8081-exec-7] o.s.security.web.FilterChainProxy        : Secured GET /api/v1/projects?funderId=eb820bcf-10f7-4fa4-ac1d-18babf0ee47f
Hibernate: 
    select
        p1_0.id,
        p1_0.created_at,
        p1_0.description,
        p1_0.expected_beneficiaries,
        p1_0.funder_id,
        p1_0.geography,
        p1_0.impact_kpi,
        p1_0.latitude,
        p1_0.longitude,
        p1_0.ngo_id,
        p1_0.project_duration,
        p1_0.sdg_goal,
        p1_0.sdg_target,
        p1_0.status,
        p1_0.title,
        p1_0.total_budget 
    from
        projects p1_0 
    left join
        funder_profiles f1_0 
            on f1_0.id=p1_0.funder_id 
    where
        f1_0.id=?
2026-08-13T09:37:33.687+05:30 DEBUG 492470 --- [demo] [nio-8081-exec-5] o.s.security.web.FilterChainProxy        : Securing GET /api/v1/projects?funderId=eb820bcf-10f7-4fa4-ac1d-18babf0ee47f
Hibernate: 
    select
        u1_0.id,
        u1_0.created_at,
        u1_0.email,
        u1_0.full_name,
        u1_0.is_verified,
        u1_0.password_hash,
        u1_0.phone,
        u1_0.role,
        u1_0.updated_at 
    from
        users u1_0 
    where
        u1_0.email=?
2026-08-13T09:37:33.695+05:30 DEBUG 492470 --- [demo] [nio-8081-exec-5] o.s.security.web.FilterChainProxy        : Secured GET /api/v1/projects?funderId=eb820bcf-10f7-4fa4-ac1d-18babf0ee47f
Hibernate: 
    select
        p1_0.id,
        p1_0.created_at,
        p1_0.description,
        p1_0.expected_beneficiaries,
        p1_0.funder_id,
        p1_0.geography,
        p1_0.impact_kpi,
        p1_0.latitude,
        p1_0.longitude,
        p1_0.ngo_id,
        p1_0.project_duration,
        p1_0.sdg_goal,
        p1_0.sdg_target,
        p1_0.status,
        p1_0.title,
        p1_0.total_budget 
    from
        projects p1_0 
    left join
        funder_profiles f1_0 
            on f1_0.id=p1_0.funder_id 
    where
        f1_0.id=?
2026-08-13T09:37:38.720+05:30 DEBUG 492470 --- [demo] [nio-8081-exec-8] o.s.security.web.FilterChainProxy        : Securing OPTIONS /api/v1/projects?funderId=eb820bcf-10f7-4fa4-ac1d-18babf0ee47f
2026-08-13T09:37:38.720+05:30 DEBUG 492470 --- [demo] [nio-8081-exec-9] o.s.security.web.FilterChainProxy        : Securing OPTIONS /api/v1/projects?funderId=eb820bcf-10f7-4fa4-ac1d-18babf0ee47f
2026-08-13T09:37:38.723+05:30 DEBUG 492470 --- [demo] [nio-8081-exec-2] o.s.security.web.FilterChainProxy        : Securing GET /api/v1/projects?funderId=eb820bcf-10f7-4fa4-ac1d-18babf0ee47f
Hibernate: 
    select
        u1_0.id,
        u1_0.created_at,
        u1_0.email,
        u1_0.full_name,
        u1_0.is_verified,
        u1_0.password_hash,
        u1_0.phone,
        u1_0.role,
        u1_0.updated_at 
    from
        users u1_0 
    where
        u1_0.email=?
2026-08-13T09:37:38.729+05:30 DEBUG 492470 --- [demo] [nio-8081-exec-2] o.s.security.web.FilterChainProxy        : Secured GET /api/v1/projects?funderId=eb820bcf-10f7-4fa4-ac1d-18babf0ee47f
Hibernate: 
    select
        p1_0.id,
        p1_0.created_at,
        p1_0.description,
        p1_0.expected_beneficiaries,
        p1_0.funder_id,
        p1_0.geography,
        p1_0.impact_kpi,
        p1_0.latitude,
        p1_0.longitude,
        p1_0.ngo_id,
        p1_0.project_duration,
        p1_0.sdg_goal,
        p1_0.sdg_target,
        p1_0.status,
        p1_0.title,
        p1_0.total_budget 
    from
        projects p1_0 
    left join
        funder_profiles f1_0 
            on f1_0.id=p1_0.funder_id 
    where
        f1_0.id=?
2026-08-13T09:37:38.734+05:30 DEBUG 492470 --- [demo] [io-8081-exec-10] o.s.security.web.FilterChainProxy        : Securing GET /api/v1/projects?funderId=eb820bcf-10f7-4fa4-ac1d-18babf0ee47f
Hibernate: 
    select
        u1_0.id,
        u1_0.created_at,
        u1_0.email,
        u1_0.full_name,
        u1_0.is_verified,
        u1_0.password_hash,
        u1_0.phone,
        u1_0.role,
        u1_0.updated_at 
    from
        users u1_0 
    where
        u1_0.email=?
2026-08-13T09:37:38.741+05:30 DEBUG 492470 --- [demo] [io-8081-exec-10] o.s.security.web.FilterChainProxy        : Secured GET /api/v1/projects?funderId=eb820bcf-10f7-4fa4-ac1d-18babf0ee47f
Hibernate: 
    select
        p1_0.id,
        p1_0.created_at,
        p1_0.description,
        p1_0.expected_beneficiaries,
        p1_0.funder_id,
        p1_0.geography,
        p1_0.impact_kpi,
        p1_0.latitude,
        p1_0.longitude,
        p1_0.ngo_id,
        p1_0.project_duration,
        p1_0.sdg_goal,
        p1_0.sdg_target,
        p1_0.status,
        p1_0.title,
        p1_0.total_budget 
    from
        projects p1_0 
    left join
        funder_profiles f1_0 
            on f1_0.id=p1_0.funder_id 
    where
        f1_0.id=?
2026-08-13T09:38:29.966+05:30 DEBUG 492470 --- [demo] [nio-8081-exec-1] o.s.security.web.FilterChainProxy        : Securing POST /api/v1/auth/login
2026-08-13T09:38:29.967+05:30 DEBUG 492470 --- [demo] [nio-8081-exec-1] o.s.s.w.a.AnonymousAuthenticationFilter  : Set SecurityContextHolder to anonymous SecurityContext
2026-08-13T09:38:29.967+05:30 DEBUG 492470 --- [demo] [nio-8081-exec-1] o.s.security.web.FilterChainProxy        : Secured POST /api/v1/auth/login
Hibernate: 
    select
        u1_0.id,
        u1_0.created_at,
        u1_0.email,
        u1_0.full_name,
        u1_0.is_verified,
        u1_0.password_hash,
        u1_0.phone,
        u1_0.role,
        u1_0.updated_at 
    from
        users u1_0 
    where
        u1_0.email=?
2026-08-13T09:38:30.056+05:30 DEBUG 492470 --- [demo] [nio-8081-exec-1] o.s.s.a.dao.DaoAuthenticationProvider    : Authenticated user
2026-08-13T09:38:30.070+05:30 DEBUG 492470 --- [demo] [nio-8081-exec-4] o.s.security.web.FilterChainProxy        : Securing GET /api/org/projects
Hibernate: 
    select
        u1_0.id,
        u1_0.created_at,
        u1_0.email,
        u1_0.full_name,
        u1_0.is_verified,
        u1_0.password_hash,
        u1_0.phone,
        u1_0.role,
        u1_0.updated_at 
    from
        users u1_0 
    where
        u1_0.email=?
2026-08-13T09:38:30.074+05:30 DEBUG 492470 --- [demo] [nio-8081-exec-4] o.s.security.web.FilterChainProxy        : Secured GET /api/org/projects
2026-08-13T09:38:30.075+05:30 DEBUG 492470 --- [demo] [nio-8081-exec-4] horizationManagerBeforeMethodInterceptor : Authorizing method invocation ReflectiveMethodInvocation: public org.springframework.http.ResponseEntity com.transparencychain.backend.controller.OrgProjectController.browseProjects(com.transparencychain.backend.model.Project$SdgGoal,java.lang.String,java.math.BigDecimal,java.math.BigDecimal); target is of class [com.transparencychain.backend.controller.OrgProjectController]
2026-08-13T09:38:30.075+05:30 DEBUG 492470 --- [demo] [nio-8081-exec-4] horizationManagerBeforeMethodInterceptor : Authorized method invocation ReflectiveMethodInvocation: public org.springframework.http.ResponseEntity com.transparencychain.backend.controller.OrgProjectController.browseProjects(com.transparencychain.backend.model.Project$SdgGoal,java.lang.String,java.math.BigDecimal,java.math.BigDecimal); target is of class [com.transparencychain.backend.controller.OrgProjectController]
Hibernate: 
    select
        fp1_0.id,
        fp1_0.cin_number,
        fp1_0.org_name,
        fp1_0.org_type,
        fp1_0.total_donated,
        fp1_0.user_id 
    from
        funder_profiles fp1_0 
    left join
        users u1_0 
            on u1_0.id=fp1_0.user_id 
    where
        u1_0.id=?
Hibernate: 
    select
        p1_0.id,
        p1_0.created_at,
        p1_0.description,
        p1_0.expected_beneficiaries,
        p1_0.funder_id,
        p1_0.geography,
        p1_0.impact_kpi,
        p1_0.latitude,
        p1_0.longitude,
        p1_0.ngo_id,
        p1_0.project_duration,
        p1_0.sdg_goal,
        p1_0.sdg_target,
        p1_0.status,
        p1_0.title,
        p1_0.total_budget 
    from
        projects p1_0 
    where
        p1_0.status in ('PUBLISHED', 'SUBMITTED', 'DRAFT', 'UNDER_REVIEW', 'APPROVED', 'FUNDED', 'ESCROWED', 'ACTIVE', 'IN_PROGRESS') 
        and (
            ? is null 
            or p1_0.sdg_goal=?
        ) 
        and (
            ? is null 
            or lower(p1_0.geography) like replace(lower(concat('%', ?, '%')), '\\', '\\\\')
        ) 
        and (
            ? is null 
            or p1_0.total_budget>=?
        ) 
        and (
            ? is null 
            or p1_0.total_budget<=?
        ) 
    order by
        p1_0.created_at desc
Hibernate: 
    select
        ope1_0.id,
        ope1_0.committed_at,
        ope1_0.funder_id,
        ope1_0.project_id,
        ope1_0.status,
        ope1_0.viewed_at 
    from
        org_project_engagements ope1_0 
    left join
        funder_profiles f1_0 
            on f1_0.id=ope1_0.funder_id 
    where
        f1_0.id=?
Hibernate: 
    select
        np1_0.id,
        np1_0.auditor_membership_number,
        np1_0.auditor_name,
        np1_0.authorized_signatory_designation,
        np1_0.authorized_signatory_name,
        np1_0.authorized_signatory_pan,
        np1_0.bank_account_name,
        np1_0.bank_account_number_encrypted,
        np1_0.contact_email,
        np1_0.contact_phone,
        np1_0.csr1registration_number,
        np1_0.darpan_id,
        np1_0.date_of_establishment,
        np1_0.fcra_number,
        np1_0.focus_sdg_goals,
        np1_0.gstin,
        np1_0.ifsc_code,
        np1_0.latitude,
        np1_0.longitude,
        np1_0.operational_states,
        np1_0.org_name,
        np1_0.pan_number,
        np1_0.reg12a_number,
        np1_0.reg80g_number,
        np1_0.registered_address,
        np1_0.registration_number,
        np1_0.registration_type,
        np1_0.trust_score,
        np1_0.user_id,
        np1_0.verification_status,
        np1_0.verified_at,
        np1_0.website 
    from
        ngo_profiles np1_0 
    where
        np1_0.id=?
2026-08-13T09:38:30.094+05:30 DEBUG 492470 --- [demo] [nio-8081-exec-3] o.s.security.web.FilterChainProxy        : Securing POST /api/v1/auth/login
2026-08-13T09:38:30.094+05:30 DEBUG 492470 --- [demo] [nio-8081-exec-3] o.s.s.w.a.AnonymousAuthenticationFilter  : Set SecurityContextHolder to anonymous SecurityContext
2026-08-13T09:38:30.094+05:30 DEBUG 492470 --- [demo] [nio-8081-exec-3] o.s.security.web.FilterChainProxy        : Secured POST /api/v1/auth/login
Hibernate: 
    select
        u1_0.id,
        u1_0.created_at,
        u1_0.email,
        u1_0.full_name,
        u1_0.is_verified,
        u1_0.password_hash,
        u1_0.phone,
        u1_0.role,
        u1_0.updated_at 
    from
        users u1_0 
    where
        u1_0.email=?
2026-08-13T09:38:30.174+05:30 DEBUG 492470 --- [demo] [nio-8081-exec-3] o.s.s.a.dao.DaoAuthenticationProvider    : Failed to find user 'ngo@demo.com'
2026-08-13T09:38:30.174+05:30 ERROR 492470 --- [demo] [nio-8081-exec-3] c.t.backend.security.AuthEntryPointJwt   : Unauthorized error: Bad credentials
2026-08-13T09:38:30.175+05:30 DEBUG 492470 --- [demo] [nio-8081-exec-3] o.s.security.web.FilterChainProxy        : Securing POST /error
2026-08-13T09:38:30.175+05:30 DEBUG 492470 --- [demo] [nio-8081-exec-3] o.s.s.w.a.AnonymousAuthenticationFilter  : Set SecurityContextHolder to anonymous SecurityContext
2026-08-13T09:38:30.175+05:30 ERROR 492470 --- [demo] [nio-8081-exec-3] c.t.backend.security.AuthEntryPointJwt   : Unauthorized error: Full authentication is required to access this resource
2026-08-13T09:38:30.192+05:30 DEBUG 492470 --- [demo] [nio-8081-exec-7] o.s.security.web.FilterChainProxy        : Securing GET /api/v1/projects
2026-08-13T09:38:30.192+05:30 DEBUG 492470 --- [demo] [nio-8081-exec-7] o.s.s.w.a.AnonymousAuthenticationFilter  : Set SecurityContextHolder to anonymous SecurityContext
2026-08-13T09:38:30.192+05:30 ERROR 492470 --- [demo] [nio-8081-exec-7] c.t.backend.security.AuthEntryPointJwt   : Unauthorized error: Full authentication is required to access this resource
2026-08-13T09:38:30.192+05:30 DEBUG 492470 --- [demo] [nio-8081-exec-7] o.s.security.web.FilterChainProxy        : Securing GET /error
2026-08-13T09:38:30.193+05:30 DEBUG 492470 --- [demo] [nio-8081-exec-7] o.s.s.w.a.AnonymousAuthenticationFilter  : Set SecurityContextHolder to anonymous SecurityContext
2026-08-13T09:38:30.193+05:30 ERROR 492470 --- [demo] [nio-8081-exec-7] c.t.backend.security.AuthEntryPointJwt   : Unauthorized error: Full authentication is required to access this resource
2026-08-13T09:41:11.702+05:30 DEBUG 492470 --- [demo] [io-8081-exec-10] o.s.security.web.FilterChainProxy        : Securing OPTIONS /api/v1/projects
2026-08-13T09:41:11.702+05:30 DEBUG 492470 --- [demo] [nio-8081-exec-1] o.s.security.web.FilterChainProxy        : Securing OPTIONS /api/v1/public/blockchain-ledger
2026-08-13T09:41:11.702+05:30 DEBUG 492470 --- [demo] [nio-8081-exec-2] o.s.security.web.FilterChainProxy        : Securing OPTIONS /api/v1/public/dashboard/stats
2026-08-13T09:41:11.713+05:30 DEBUG 492470 --- [demo] [nio-8081-exec-4] o.s.security.web.FilterChainProxy        : Securing GET /api/v1/projects
2026-08-13T09:41:11.713+05:30 DEBUG 492470 --- [demo] [nio-8081-exec-3] o.s.security.web.FilterChainProxy        : Securing GET /api/v1/public/blockchain-ledger
2026-08-13T09:41:11.713+05:30 DEBUG 492470 --- [demo] [nio-8081-exec-6] o.s.security.web.FilterChainProxy        : Securing GET /api/v1/public/dashboard/stats
Hibernate: 
    select
        u1_0.id,
        u1_0.created_at,
        u1_0.email,
        u1_0.full_name,
        u1_0.is_verified,
        u1_0.password_hash,
        u1_0.phone,
        u1_0.role,
        u1_0.updated_at 
    from
        users u1_0 
    where
        u1_0.email=?
Hibernate: 
    select
        u1_0.id,
        u1_0.created_at,
        u1_0.email,
        u1_0.full_name,
        u1_0.is_verified,
        u1_0.password_hash,
        u1_0.phone,
        u1_0.role,
        u1_0.updated_at 
    from
        users u1_0 
    where
        u1_0.email=?
Hibernate: 
    select
        u1_0.id,
        u1_0.created_at,
        u1_0.email,
        u1_0.full_name,
        u1_0.is_verified,
        u1_0.password_hash,
        u1_0.phone,
        u1_0.role,
        u1_0.updated_at 
    from
        users u1_0 
    where
        u1_0.email=?
2026-08-13T09:41:11.726+05:30 DEBUG 492470 --- [demo] [nio-8081-exec-3] o.s.security.web.FilterChainProxy        : Secured GET /api/v1/public/blockchain-ledger
2026-08-13T09:41:11.727+05:30 DEBUG 492470 --- [demo] [nio-8081-exec-6] o.s.security.web.FilterChainProxy        : Secured GET /api/v1/public/dashboard/stats
2026-08-13T09:41:11.729+05:30 DEBUG 492470 --- [demo] [nio-8081-exec-4] o.s.security.web.FilterChainProxy        : Secured GET /api/v1/projects
Hibernate: 
    select
        al1_0.id,
        al1_0.current_hash,
        al1_0.entity_id,
        al1_0.entity_type,
        al1_0.payload,
        al1_0.previous_hash,
        al1_0.timestamp 
    from
        audit_logs al1_0
Hibernate: 
    select
        p1_0.id,
        p1_0.created_at,
        p1_0.description,
        p1_0.expected_beneficiaries,
        p1_0.funder_id,
        p1_0.geography,
        p1_0.impact_kpi,
        p1_0.latitude,
        p1_0.longitude,
        p1_0.ngo_id,
        p1_0.project_duration,
        p1_0.sdg_goal,
        p1_0.sdg_target,
        p1_0.status,
        p1_0.title,
        p1_0.total_budget 
    from
        projects p1_0
Hibernate: 
    select
        p1_0.id,
        p1_0.created_at,
        p1_0.description,
        p1_0.expected_beneficiaries,
        p1_0.funder_id,
        p1_0.geography,
        p1_0.impact_kpi,
        p1_0.latitude,
        p1_0.longitude,
        p1_0.ngo_id,
        p1_0.project_duration,
        p1_0.sdg_goal,
        p1_0.sdg_target,
        p1_0.status,
        p1_0.title,
        p1_0.total_budget 
    from
        projects p1_0
Hibernate: 
    select
        m1_0.id,
        m1_0.additional_allocated_amount,
        m1_0.amount_allocated,
        m1_0.current_version_id,
        m1_0.description,
        m1_0.due_date,
        m1_0.project_id,
        m1_0.released_amount,
        m1_0.required_evidence,
        m1_0.sequence_number,
        m1_0.status,
        m1_0.title,
        m1_0.verification_requirements 
    from
        milestones m1_0
Hibernate: 
    select
        ps1_0.id,
        ps1_0.file_type,
        ps1_0.file_url,
        ps1_0.metadata,
        ps1_0.milestone_id,
        ps1_0.milestone_task_id,
        ps1_0.status,
        ps1_0.submitted_at 
    from
        proof_submissions ps1_0
Hibernate: 
    select
        ea1_0.id,
        ea1_0.analysis_details,
        ea1_0.created_at,
        ea1_0.document_quality_score,
        ea1_0.duplicate_score,
        ea1_0.fraud_score,
        ea1_0.gstin,
        ea1_0.invoice_amount,
        ea1_0.invoice_date,
        ea1_0.invoice_number,
        ea1_0.ocr_confidence,
        ea1_0.price_anomaly_score,
        ea1_0.evidence_id,
        ea1_0.raw_ocr_text,
        ea1_0.result,
        ea1_0.tax_amount,
        ea1_0.updated_at,
        ea1_0.vendor_name,
        ea1_0.vendor_risk_score 
    from
        evidence_analysis ea1_0 
    where
        ea1_0.evidence_id=?
Hibernate: 
    select
        ea1_0.id,
        ea1_0.analysis_details,
        ea1_0.created_at,
        ea1_0.document_quality_score,
        ea1_0.duplicate_score,
        ea1_0.fraud_score,
        ea1_0.gstin,
        ea1_0.invoice_amount,
        ea1_0.invoice_date,
        ea1_0.invoice_number,
        ea1_0.ocr_confidence,
        ea1_0.price_anomaly_score,
        ea1_0.evidence_id,
        ea1_0.raw_ocr_text,
        ea1_0.result,
        ea1_0.tax_amount,
        ea1_0.updated_at,
        ea1_0.vendor_name,
        ea1_0.vendor_risk_score 
    from
        evidence_analysis ea1_0 
    where
        ea1_0.evidence_id=?
Hibernate: 
    select
        ea1_0.id,
        ea1_0.analysis_details,
        ea1_0.created_at,
        ea1_0.document_quality_score,
        ea1_0.duplicate_score,
        ea1_0.fraud_score,
        ea1_0.gstin,
        ea1_0.invoice_amount,
        ea1_0.invoice_date,
        ea1_0.invoice_number,
        ea1_0.ocr_confidence,
        ea1_0.price_anomaly_score,
        ea1_0.evidence_id,
        ea1_0.raw_ocr_text,
        ea1_0.result,
        ea1_0.tax_amount,
        ea1_0.updated_at,
        ea1_0.vendor_name,
        ea1_0.vendor_risk_score 
    from
        evidence_analysis ea1_0 
    where
        ea1_0.evidence_id=?
Hibernate: 
    select
        bfr1_0.id,
        bfr1_0.feedback,
        bfr1_0.form_id,
        bfr1_0.overall_response,
        bfr1_0.rating,
        bfr1_0.response_token,
        bfr1_0.status,
        bfr1_0.submitted_at 
    from
        beneficiary_form_responses bfr1_0
2026-08-13T09:41:32.039+05:30 DEBUG 492470 --- [demo] [nio-8081-exec-7] o.s.security.web.FilterChainProxy        : Securing POST /api/v1/auth/login
2026-08-13T09:41:32.040+05:30 DEBUG 492470 --- [demo] [nio-8081-exec-7] o.s.s.w.a.AnonymousAuthenticationFilter  : Set SecurityContextHolder to anonymous SecurityContext
2026-08-13T09:41:32.040+05:30 DEBUG 492470 --- [demo] [nio-8081-exec-7] o.s.security.web.FilterChainProxy        : Secured POST /api/v1/auth/login
Hibernate: 
    select
        u1_0.id,
        u1_0.created_at,
        u1_0.email,
        u1_0.full_name,
        u1_0.is_verified,
        u1_0.password_hash,
        u1_0.phone,
        u1_0.role,
        u1_0.updated_at 
    from
        users u1_0 
    where
        u1_0.email=?
2026-08-13T09:41:32.130+05:30 DEBUG 492470 --- [demo] [nio-8081-exec-7] o.s.s.a.dao.DaoAuthenticationProvider    : Failed to authenticate since password does not match stored value
2026-08-13T09:41:32.130+05:30 ERROR 492470 --- [demo] [nio-8081-exec-7] c.t.backend.security.AuthEntryPointJwt   : Unauthorized error: Bad credentials
2026-08-13T09:41:32.131+05:30 DEBUG 492470 --- [demo] [nio-8081-exec-7] o.s.security.web.FilterChainProxy        : Securing POST /error
2026-08-13T09:41:32.131+05:30 DEBUG 492470 --- [demo] [nio-8081-exec-7] o.s.s.w.a.AnonymousAuthenticationFilter  : Set SecurityContextHolder to anonymous SecurityContext
2026-08-13T09:41:32.131+05:30 ERROR 492470 --- [demo] [nio-8081-exec-7] c.t.backend.security.AuthEntryPointJwt   : Unauthorized error: Full authentication is required to access this resource
2026-08-13T09:41:32.149+05:30 DEBUG 492470 --- [demo] [nio-8081-exec-9] o.s.security.web.FilterChainProxy        : Securing GET /api/v1/projects
2026-08-13T09:41:32.150+05:30 DEBUG 492470 --- [demo] [nio-8081-exec-9] o.s.s.w.a.AnonymousAuthenticationFilter  : Set SecurityContextHolder to anonymous SecurityContext
2026-08-13T09:41:32.150+05:30 ERROR 492470 --- [demo] [nio-8081-exec-9] c.t.backend.security.AuthEntryPointJwt   : Unauthorized error: Full authentication is required to access this resource
2026-08-13T09:41:32.150+05:30 DEBUG 492470 --- [demo] [nio-8081-exec-9] o.s.security.web.FilterChainProxy        : Securing GET /error
2026-08-13T09:41:32.151+05:30 DEBUG 492470 --- [demo] [nio-8081-exec-9] o.s.s.w.a.AnonymousAuthenticationFilter  : Set SecurityContextHolder to anonymous SecurityContext
2026-08-13T09:41:32.151+05:30 ERROR 492470 --- [demo] [nio-8081-exec-9] c.t.backend.security.AuthEntryPointJwt   : Unauthorized error: Full authentication is required to access this resource
2026-08-13T09:41:32.159+05:30 DEBUG 492470 --- [demo] [nio-8081-exec-1] o.s.security.web.FilterChainProxy        : Securing POST /api/v1/auth/login
2026-08-13T09:41:32.159+05:30 DEBUG 492470 --- [demo] [nio-8081-exec-1] o.s.s.w.a.AnonymousAuthenticationFilter  : Set SecurityContextHolder to anonymous SecurityContext
2026-08-13T09:41:32.159+05:30 DEBUG 492470 --- [demo] [nio-8081-exec-1] o.s.security.web.FilterChainProxy        : Secured POST /api/v1/auth/login
Hibernate: 
    select
        u1_0.id,
        u1_0.created_at,
        u1_0.email,
        u1_0.full_name,
        u1_0.is_verified,
        u1_0.password_hash,
        u1_0.phone,
        u1_0.role,
        u1_0.updated_at 
    from
        users u1_0 
    where
        u1_0.email=?
2026-08-13T09:41:32.235+05:30 DEBUG 492470 --- [demo] [nio-8081-exec-1] o.s.s.a.dao.DaoAuthenticationProvider    : Authenticated user
2026-08-13T09:41:32.247+05:30 DEBUG 492470 --- [demo] [io-8081-exec-10] o.s.security.web.FilterChainProxy        : Securing GET /api/org/projects
2026-08-13T09:41:32.247+05:30 DEBUG 492470 --- [demo] [io-8081-exec-10] o.s.s.w.a.AnonymousAuthenticationFilter  : Set SecurityContextHolder to anonymous SecurityContext
2026-08-13T09:41:32.248+05:30 ERROR 492470 --- [demo] [io-8081-exec-10] c.t.backend.security.AuthEntryPointJwt   : Unauthorized error: Full authentication is required to access this resource
2026-08-13T09:41:32.248+05:30 DEBUG 492470 --- [demo] [io-8081-exec-10] o.s.security.web.FilterChainProxy        : Securing GET /error
2026-08-13T09:41:32.249+05:30 DEBUG 492470 --- [demo] [io-8081-exec-10] o.s.s.w.a.AnonymousAuthenticationFilter  : Set SecurityContextHolder to anonymous SecurityContext
2026-08-13T09:41:32.249+05:30 ERROR 492470 --- [demo] [io-8081-exec-10] c.t.backend.security.AuthEntryPointJwt   : Unauthorized error: Full authentication is required to access this resource
2026-08-13T09:42:30.771+05:30 DEBUG 492470 --- [demo] [nio-8081-exec-9] o.s.security.web.FilterChainProxy        : Securing OPTIONS /api/v1/ngo/expenses
2026-08-13T09:42:30.771+05:30 DEBUG 492470 --- [demo] [nio-8081-exec-7] o.s.security.web.FilterChainProxy        : Securing OPTIONS /api/v1/ngo/expenses
2026-08-13T09:42:30.771+05:30 DEBUG 492470 --- [demo] [nio-8081-exec-5] o.s.security.web.FilterChainProxy        : Securing OPTIONS /api/v1/ngo/expenses/summary
2026-08-13T09:42:30.773+05:30 DEBUG 492470 --- [demo] [nio-8081-exec-8] o.s.security.web.FilterChainProxy        : Securing OPTIONS /api/v1/ngo/expenses/summary
2026-08-13T09:42:30.779+05:30 DEBUG 492470 --- [demo] [nio-8081-exec-1] o.s.security.web.FilterChainProxy        : Securing GET /api/v1/ngo/expenses
2026-08-13T09:42:30.780+05:30 DEBUG 492470 --- [demo] [io-8081-exec-10] o.s.security.web.FilterChainProxy        : Securing GET /api/v1/ngo/expenses/summary
Hibernate: 
    select
        u1_0.id,
        u1_0.created_at,
        u1_0.email,
        u1_0.full_name,
        u1_0.is_verified,
        u1_0.password_hash,
        u1_0.phone,
        u1_0.role,
        u1_0.updated_at 
    from
        users u1_0 
    where
        u1_0.email=?
Hibernate: 
    select
        u1_0.id,
        u1_0.created_at,
        u1_0.email,
        u1_0.full_name,
        u1_0.is_verified,
        u1_0.password_hash,
        u1_0.phone,
        u1_0.role,
        u1_0.updated_at 
    from
        users u1_0 
    where
        u1_0.email=?
2026-08-13T09:42:30.783+05:30 DEBUG 492470 --- [demo] [nio-8081-exec-1] o.s.security.web.FilterChainProxy        : Secured GET /api/v1/ngo/expenses
2026-08-13T09:42:30.783+05:30 DEBUG 492470 --- [demo] [io-8081-exec-10] o.s.security.web.FilterChainProxy        : Secured GET /api/v1/ngo/expenses/summary
2026-08-13T09:42:30.784+05:30 DEBUG 492470 --- [demo] [nio-8081-exec-1] horizationManagerBeforeMethodInterceptor : Authorizing method invocation ReflectiveMethodInvocation: public org.springframework.http.ResponseEntity com.transparencychain.backend.controller.ExpenseController.getAllExpenses(); target is of class [com.transparencychain.backend.controller.ExpenseController]
2026-08-13T09:42:30.784+05:30 DEBUG 492470 --- [demo] [io-8081-exec-10] horizationManagerBeforeMethodInterceptor : Authorizing method invocation ReflectiveMethodInvocation: public org.springframework.http.ResponseEntity com.transparencychain.backend.controller.ExpenseController.getSummary(); target is of class [com.transparencychain.backend.controller.ExpenseController]
2026-08-13T09:42:30.784+05:30 DEBUG 492470 --- [demo] [nio-8081-exec-1] horizationManagerBeforeMethodInterceptor : Authorized method invocation ReflectiveMethodInvocation: public org.springframework.http.ResponseEntity com.transparencychain.backend.controller.ExpenseController.getAllExpenses(); target is of class [com.transparencychain.backend.controller.ExpenseController]
2026-08-13T09:42:30.784+05:30 DEBUG 492470 --- [demo] [io-8081-exec-10] horizationManagerBeforeMethodInterceptor : Authorized method invocation ReflectiveMethodInvocation: public org.springframework.http.ResponseEntity com.transparencychain.backend.controller.ExpenseController.getSummary(); target is of class [com.transparencychain.backend.controller.ExpenseController]
Hibernate: 
    select
        np1_0.id,
        np1_0.auditor_membership_number,
        np1_0.auditor_name,
        np1_0.authorized_signatory_designation,
        np1_0.authorized_signatory_name,
        np1_0.authorized_signatory_pan,
        np1_0.bank_account_name,
        np1_0.bank_account_number_encrypted,
        np1_0.contact_email,
        np1_0.contact_phone,
        np1_0.csr1registration_number,
        np1_0.darpan_id,
        np1_0.date_of_establishment,
        np1_0.fcra_number,
        np1_0.focus_sdg_goals,
        np1_0.gstin,
        np1_0.ifsc_code,
        np1_0.latitude,
        np1_0.longitude,
        np1_0.operational_states,
        np1_0.org_name,
        np1_0.pan_number,
        np1_0.reg12a_number,
        np1_0.reg80g_number,
        np1_0.registered_address,
        np1_0.registration_number,
        np1_0.registration_type,
        np1_0.trust_score,
        np1_0.user_id,
        np1_0.verification_status,
        np1_0.verified_at,
        np1_0.website 
    from
        ngo_profiles np1_0 
    left join
        users u1_0 
            on u1_0.id=np1_0.user_id 
    where
        u1_0.id=?
Hibernate: 
    select
        np1_0.id,
        np1_0.auditor_membership_number,
        np1_0.auditor_name,
        np1_0.authorized_signatory_designation,
        np1_0.authorized_signatory_name,
        np1_0.authorized_signatory_pan,
        np1_0.bank_account_name,
        np1_0.bank_account_number_encrypted,
        np1_0.contact_email,
        np1_0.contact_phone,
        np1_0.csr1registration_number,
        np1_0.darpan_id,
        np1_0.date_of_establishment,
        np1_0.fcra_number,
        np1_0.focus_sdg_goals,
        np1_0.gstin,
        np1_0.ifsc_code,
        np1_0.latitude,
        np1_0.longitude,
        np1_0.operational_states,
        np1_0.org_name,
        np1_0.pan_number,
        np1_0.reg12a_number,
        np1_0.reg80g_number,
        np1_0.registered_address,
        np1_0.registration_number,
        np1_0.registration_type,
        np1_0.trust_score,
        np1_0.user_id,
        np1_0.verification_status,
        np1_0.verified_at,
        np1_0.website 
    from
        ngo_profiles np1_0 
    left join
        users u1_0 
            on u1_0.id=np1_0.user_id 
    where
        u1_0.id=?
Hibernate: 
    select
        p1_0.id,
        p1_0.created_at,
        p1_0.description,
        p1_0.expected_beneficiaries,
        p1_0.funder_id,
        p1_0.geography,
        p1_0.impact_kpi,
        p1_0.latitude,
        p1_0.longitude,
        p1_0.ngo_id,
        p1_0.project_duration,
        p1_0.sdg_goal,
        p1_0.sdg_target,
        p1_0.status,
        p1_0.title,
        p1_0.total_budget 
    from
        projects p1_0 
    left join
        ngo_profiles n1_0 
            on n1_0.id=p1_0.ngo_id 
    where
        n1_0.id=?
Hibernate: 
    select
        e1_0.id,
        e1_0.ai_risk_level,
        e1_0.ai_risk_score,
        e1_0.amount,
        e1_0.category,
        e1_0.created_at,
        e1_0.currency,
        e1_0.description,
        e1_0.evidence_id,
        e1_0.expense_date,
        e1_0.invoice_number,
        e1_0.milestone_id,
        e1_0.ngo_id,
        e1_0.ocr_processed,
        e1_0.project_id,
        e1_0.status,
        e1_0.submitted_at,
        e1_0.updated_at,
        e1_0.vendor_name,
        e1_0.verified_at 
    from
        expenses e1_0 
    left join
        ngo_profiles n1_0 
            on n1_0.id=e1_0.ngo_id 
    where
        n1_0.id=? 
    order by
        e1_0.created_at desc
Hibernate: 
    select
        m1_0.id,
        m1_0.additional_allocated_amount,
        m1_0.amount_allocated,
        m1_0.current_version_id,
        m1_0.description,
        m1_0.due_date,
        m1_0.project_id,
        m1_0.released_amount,
        m1_0.required_evidence,
        m1_0.sequence_number,
        m1_0.status,
        m1_0.title,
        m1_0.verification_requirements 
    from
        milestones m1_0 
    left join
        projects p1_0 
            on p1_0.id=m1_0.project_id 
    where
        p1_0.id=?
2026-08-13T09:42:30.789+05:30 DEBUG 492470 --- [demo] [nio-8081-exec-2] o.s.security.web.FilterChainProxy        : Securing GET /api/v1/ngo/expenses
Hibernate: 
    select
        m1_0.id,
        m1_0.additional_allocated_amount,
        m1_0.amount_allocated,
        m1_0.current_version_id,
        m1_0.description,
        m1_0.due_date,
        m1_0.project_id,
        m1_0.released_amount,
        m1_0.required_evidence,
        m1_0.sequence_number,
        m1_0.status,
        m1_0.title,
        m1_0.verification_requirements 
    from
        milestones m1_0 
    left join
        projects p1_0 
            on p1_0.id=m1_0.project_id 
    where
        p1_0.id=?
Hibernate: 
    select
        m1_0.id,
        m1_0.additional_allocated_amount,
        m1_0.amount_allocated,
        m1_0.current_version_id,
        m1_0.description,
        m1_0.due_date,
        m1_0.project_id,
        m1_0.released_amount,
        m1_0.required_evidence,
        m1_0.sequence_number,
        m1_0.status,
        m1_0.title,
        m1_0.verification_requirements 
    from
        milestones m1_0 
    left join
        projects p1_0 
            on p1_0.id=m1_0.project_id 
    where
        p1_0.id=?
Hibernate: 
    select
        m1_0.id,
        m1_0.additional_allocated_amount,
        m1_0.amount_allocated,
        m1_0.current_version_id,
        m1_0.description,
        m1_0.due_date,
        m1_0.project_id,
        m1_0.released_amount,
        m1_0.required_evidence,
        m1_0.sequence_number,
        m1_0.status,
        m1_0.title,
        m1_0.verification_requirements 
    from
        milestones m1_0 
    left join
        projects p1_0 
            on p1_0.id=m1_0.project_id 
    where
        p1_0.id=?
Hibernate: 
    select
        u1_0.id,
        u1_0.created_at,
        u1_0.email,
        u1_0.full_name,
        u1_0.is_verified,
        u1_0.password_hash,
        u1_0.phone,
        u1_0.role,
        u1_0.updated_at 
    from
        users u1_0 
    where
        u1_0.email=?
2026-08-13T09:42:30.794+05:30 DEBUG 492470 --- [demo] [nio-8081-exec-2] o.s.security.web.FilterChainProxy        : Secured GET /api/v1/ngo/expenses
2026-08-13T09:42:30.795+05:30 DEBUG 492470 --- [demo] [nio-8081-exec-2] horizationManagerBeforeMethodInterceptor : Authorizing method invocation ReflectiveMethodInvocation: public org.springframework.http.ResponseEntity com.transparencychain.backend.controller.ExpenseController.getAllExpenses(); target is of class [com.transparencychain.backend.controller.ExpenseController]
2026-08-13T09:42:30.795+05:30 DEBUG 492470 --- [demo] [nio-8081-exec-2] horizationManagerBeforeMethodInterceptor : Authorized method invocation ReflectiveMethodInvocation: public org.springframework.http.ResponseEntity com.transparencychain.backend.controller.ExpenseController.getAllExpenses(); target is of class [com.transparencychain.backend.controller.ExpenseController]
Hibernate: 
    select
        np1_0.id,
        np1_0.auditor_membership_number,
        np1_0.auditor_name,
        np1_0.authorized_signatory_designation,
        np1_0.authorized_signatory_name,
        np1_0.authorized_signatory_pan,
        np1_0.bank_account_name,
        np1_0.bank_account_number_encrypted,
        np1_0.contact_email,
        np1_0.contact_phone,
        np1_0.csr1registration_number,
        np1_0.darpan_id,
        np1_0.date_of_establishment,
        np1_0.fcra_number,
        np1_0.focus_sdg_goals,
        np1_0.gstin,
        np1_0.ifsc_code,
        np1_0.latitude,
        np1_0.longitude,
        np1_0.operational_states,
        np1_0.org_name,
        np1_0.pan_number,
        np1_0.reg12a_number,
        np1_0.reg80g_number,
        np1_0.registered_address,
        np1_0.registration_number,
        np1_0.registration_type,
        np1_0.trust_score,
        np1_0.user_id,
        np1_0.verification_status,
        np1_0.verified_at,
        np1_0.website 
    from
        ngo_profiles np1_0 
    left join
        users u1_0 
            on u1_0.id=np1_0.user_id 
    where
        u1_0.id=?
Hibernate: 
    select
        coalesce(sum(e1_0.amount), 0) 
    from
        expenses e1_0 
    where
        e1_0.ngo_id=? 
        and e1_0.status<>'REJECTED' 
        and e1_0.status<>'CANCELLED'
Hibernate: 
    select
        e1_0.id,
        e1_0.ai_risk_level,
        e1_0.ai_risk_score,
        e1_0.amount,
        e1_0.category,
        e1_0.created_at,
        e1_0.currency,
        e1_0.description,
        e1_0.evidence_id,
        e1_0.expense_date,
        e1_0.invoice_number,
        e1_0.milestone_id,
        e1_0.ngo_id,
        e1_0.ocr_processed,
        e1_0.project_id,
        e1_0.status,
        e1_0.submitted_at,
        e1_0.updated_at,
        e1_0.vendor_name,
        e1_0.verified_at 
    from
        expenses e1_0 
    left join
        ngo_profiles n1_0 
            on n1_0.id=e1_0.ngo_id 
    where
        n1_0.id=? 
    order by
        e1_0.created_at desc
Hibernate: 
    select
        count(e1_0.id) 
    from
        expenses e1_0 
    left join
        ngo_profiles n1_0 
            on n1_0.id=e1_0.ngo_id 
    where
        n1_0.id=? 
        and e1_0.status=?
Hibernate: 
    select
        count(e1_0.id) 
    from
        expenses e1_0 
    left join
        ngo_profiles n1_0 
            on n1_0.id=e1_0.ngo_id 
    where
        n1_0.id=? 
        and e1_0.status=?
Hibernate: 
    select
        count(e1_0.id) 
    from
        expenses e1_0 
    left join
        ngo_profiles n1_0 
            on n1_0.id=e1_0.ngo_id 
    where
        n1_0.id=? 
        and e1_0.status=?
2026-08-13T09:42:30.805+05:30 DEBUG 492470 --- [demo] [nio-8081-exec-4] o.s.security.web.FilterChainProxy        : Securing GET /api/v1/ngo/expenses/summary
Hibernate: 
    select
        u1_0.id,
        u1_0.created_at,
        u1_0.email,
        u1_0.full_name,
        u1_0.is_verified,
        u1_0.password_hash,
        u1_0.phone,
        u1_0.role,
        u1_0.updated_at 
    from
        users u1_0 
    where
        u1_0.email=?
2026-08-13T09:42:30.809+05:30 DEBUG 492470 --- [demo] [nio-8081-exec-4] o.s.security.web.FilterChainProxy        : Secured GET /api/v1/ngo/expenses/summary
2026-08-13T09:42:30.810+05:30 DEBUG 492470 --- [demo] [nio-8081-exec-4] horizationManagerBeforeMethodInterceptor : Authorizing method invocation ReflectiveMethodInvocation: public org.springframework.http.ResponseEntity com.transparencychain.backend.controller.ExpenseController.getSummary(); target is of class [com.transparencychain.backend.controller.ExpenseController]
2026-08-13T09:42:30.810+05:30 DEBUG 492470 --- [demo] [nio-8081-exec-4] horizationManagerBeforeMethodInterceptor : Authorized method invocation ReflectiveMethodInvocation: public org.springframework.http.ResponseEntity com.transparencychain.backend.controller.ExpenseController.getSummary(); target is of class [com.transparencychain.backend.controller.ExpenseController]
Hibernate: 
    select
        np1_0.id,
        np1_0.auditor_membership_number,
        np1_0.auditor_name,
        np1_0.authorized_signatory_designation,
        np1_0.authorized_signatory_name,
        np1_0.authorized_signatory_pan,
        np1_0.bank_account_name,
        np1_0.bank_account_number_encrypted,
        np1_0.contact_email,
        np1_0.contact_phone,
        np1_0.csr1registration_number,
        np1_0.darpan_id,
        np1_0.date_of_establishment,
        np1_0.fcra_number,
        np1_0.focus_sdg_goals,
        np1_0.gstin,
        np1_0.ifsc_code,
        np1_0.latitude,
        np1_0.longitude,
        np1_0.operational_states,
        np1_0.org_name,
        np1_0.pan_number,
        np1_0.reg12a_number,
        np1_0.reg80g_number,
        np1_0.registered_address,
        np1_0.registration_number,
        np1_0.registration_type,
        np1_0.trust_score,
        np1_0.user_id,
        np1_0.verification_status,
        np1_0.verified_at,
        np1_0.website 
    from
        ngo_profiles np1_0 
    left join
        users u1_0 
            on u1_0.id=np1_0.user_id 
    where
        u1_0.id=?
Hibernate: 
    select
        p1_0.id,
        p1_0.created_at,
        p1_0.description,
        p1_0.expected_beneficiaries,
        p1_0.funder_id,
        p1_0.geography,
        p1_0.impact_kpi,
        p1_0.latitude,
        p1_0.longitude,
        p1_0.ngo_id,
        p1_0.project_duration,
        p1_0.sdg_goal,
        p1_0.sdg_target,
        p1_0.status,
        p1_0.title,
        p1_0.total_budget 
    from
        projects p1_0 
    left join
        ngo_profiles n1_0 
            on n1_0.id=p1_0.ngo_id 
    where
        n1_0.id=?
Hibernate: 
    select
        m1_0.id,
        m1_0.additional_allocated_amount,
        m1_0.amount_allocated,
        m1_0.current_version_id,
        m1_0.description,
        m1_0.due_date,
        m1_0.project_id,
        m1_0.released_amount,
        m1_0.required_evidence,
        m1_0.sequence_number,
        m1_0.status,
        m1_0.title,
        m1_0.verification_requirements 
    from
        milestones m1_0 
    left join
        projects p1_0 
            on p1_0.id=m1_0.project_id 
    where
        p1_0.id=?
Hibernate: 
    select
        m1_0.id,
        m1_0.additional_allocated_amount,
        m1_0.amount_allocated,
        m1_0.current_version_id,
        m1_0.description,
        m1_0.due_date,
        m1_0.project_id,
        m1_0.released_amount,
        m1_0.required_evidence,
        m1_0.sequence_number,
        m1_0.status,
        m1_0.title,
        m1_0.verification_requirements 
    from
        milestones m1_0 
    left join
        projects p1_0 
            on p1_0.id=m1_0.project_id 
    where
        p1_0.id=?
Hibernate: 
    select
        m1_0.id,
        m1_0.additional_allocated_amount,
        m1_0.amount_allocated,
        m1_0.current_version_id,
        m1_0.description,
        m1_0.due_date,
        m1_0.project_id,
        m1_0.released_amount,
        m1_0.required_evidence,
        m1_0.sequence_number,
        m1_0.status,
        m1_0.title,
        m1_0.verification_requirements 
    from
        milestones m1_0 
    left join
        projects p1_0 
            on p1_0.id=m1_0.project_id 
    where
        p1_0.id=?
Hibernate: 
    select
        m1_0.id,
        m1_0.additional_allocated_amount,
        m1_0.amount_allocated,
        m1_0.current_version_id,
        m1_0.description,
        m1_0.due_date,
        m1_0.project_id,
        m1_0.released_amount,
        m1_0.required_evidence,
        m1_0.sequence_number,
        m1_0.status,
        m1_0.title,
        m1_0.verification_requirements 
    from
        milestones m1_0 
    left join
        projects p1_0 
            on p1_0.id=m1_0.project_id 
    where
        p1_0.id=?
Hibernate: 
    select
        coalesce(sum(e1_0.amount), 0) 
    from
        expenses e1_0 
    where
        e1_0.ngo_id=? 
        and e1_0.status<>'REJECTED' 
        and e1_0.status<>'CANCELLED'
Hibernate: 
    select
        count(e1_0.id) 
    from
        expenses e1_0 
    left join
        ngo_profiles n1_0 
            on n1_0.id=e1_0.ngo_id 
    where
        n1_0.id=? 
        and e1_0.status=?
Hibernate: 
    select
        count(e1_0.id) 
    from
        expenses e1_0 
    left join
        ngo_profiles n1_0 
            on n1_0.id=e1_0.ngo_id 
    where
        n1_0.id=? 
        and e1_0.status=?
Hibernate: 
    select
        count(e1_0.id) 
    from
        expenses e1_0 
    left join
        ngo_profiles n1_0 
            on n1_0.id=e1_0.ngo_id 
    where
        n1_0.id=? 
        and e1_0.status=?
2026-08-13T09:42:32.045+05:30 DEBUG 492470 --- [demo] [nio-8081-exec-6] o.s.security.web.FilterChainProxy        : Securing OPTIONS /api/v1/ngo/dashboard/summary
2026-08-13T09:42:32.054+05:30 DEBUG 492470 --- [demo] [nio-8081-exec-3] o.s.security.web.FilterChainProxy        : Securing OPTIONS /api/v1/ngo/dashboard/summary
2026-08-13T09:42:32.057+05:30 DEBUG 492470 --- [demo] [nio-8081-exec-9] o.s.security.web.FilterChainProxy        : Securing GET /api/v1/ngo/dashboard/summary
Hibernate: 
    select
        u1_0.id,
        u1_0.created_at,
        u1_0.email,
        u1_0.full_name,
        u1_0.is_verified,
        u1_0.password_hash,
        u1_0.phone,
        u1_0.role,
        u1_0.updated_at 
    from
        users u1_0 
    where
        u1_0.email=?
2026-08-13T09:42:32.069+05:30 DEBUG 492470 --- [demo] [nio-8081-exec-9] o.s.security.web.FilterChainProxy        : Secured GET /api/v1/ngo/dashboard/summary
2026-08-13T09:42:32.070+05:30 DEBUG 492470 --- [demo] [nio-8081-exec-9] horizationManagerBeforeMethodInterceptor : Authorizing method invocation ReflectiveMethodInvocation: public org.springframework.http.ResponseEntity com.transparencychain.backend.controller.NgoDashboardController.getDashboardSummary(); target is of class [com.transparencychain.backend.controller.NgoDashboardController]
2026-08-13T09:42:32.070+05:30 DEBUG 492470 --- [demo] [nio-8081-exec-9] horizationManagerBeforeMethodInterceptor : Authorized method invocation ReflectiveMethodInvocation: public org.springframework.http.ResponseEntity com.transparencychain.backend.controller.NgoDashboardController.getDashboardSummary(); target is of class [com.transparencychain.backend.controller.NgoDashboardController]
Hibernate: 
    select
        np1_0.id,
        np1_0.auditor_membership_number,
        np1_0.auditor_name,
        np1_0.authorized_signatory_designation,
        np1_0.authorized_signatory_name,
        np1_0.authorized_signatory_pan,
        np1_0.bank_account_name,
        np1_0.bank_account_number_encrypted,
        np1_0.contact_email,
        np1_0.contact_phone,
        np1_0.csr1registration_number,
        np1_0.darpan_id,
        np1_0.date_of_establishment,
        np1_0.fcra_number,
        np1_0.focus_sdg_goals,
        np1_0.gstin,
        np1_0.ifsc_code,
        np1_0.latitude,
        np1_0.longitude,
        np1_0.operational_states,
        np1_0.org_name,
        np1_0.pan_number,
        np1_0.reg12a_number,
        np1_0.reg80g_number,
        np1_0.registered_address,
        np1_0.registration_number,
        np1_0.registration_type,
        np1_0.trust_score,
        np1_0.user_id,
        np1_0.verification_status,
        np1_0.verified_at,
        np1_0.website 
    from
        ngo_profiles np1_0 
    left join
        users u1_0 
            on u1_0.id=np1_0.user_id 
    where
        u1_0.id=?
Hibernate: 
    select
        p1_0.id,
        p1_0.created_at,
        p1_0.description,
        p1_0.expected_beneficiaries,
        p1_0.funder_id,
        p1_0.geography,
        p1_0.impact_kpi,
        p1_0.latitude,
        p1_0.longitude,
        p1_0.ngo_id,
        p1_0.project_duration,
        p1_0.sdg_goal,
        p1_0.sdg_target,
        p1_0.status,
        p1_0.title,
        p1_0.total_budget 
    from
        projects p1_0 
    left join
        ngo_profiles n1_0 
            on n1_0.id=p1_0.ngo_id 
    where
        n1_0.id=?
2026-08-13T09:42:32.077+05:30 DEBUG 492470 --- [demo] [nio-8081-exec-5] o.s.security.web.FilterChainProxy        : Securing GET /api/v1/ngo/dashboard/summary
Hibernate: 
    select
        u1_0.id,
        u1_0.created_at,
        u1_0.email,
        u1_0.full_name,
        u1_0.is_verified,
        u1_0.password_hash,
        u1_0.phone,
        u1_0.role,
        u1_0.updated_at 
    from
        users u1_0 
    where
        u1_0.email=?
2026-08-13T09:42:32.081+05:30 DEBUG 492470 --- [demo] [nio-8081-exec-5] o.s.security.web.FilterChainProxy        : Secured GET /api/v1/ngo/dashboard/summary
2026-08-13T09:42:32.082+05:30 DEBUG 492470 --- [demo] [nio-8081-exec-5] horizationManagerBeforeMethodInterceptor : Authorizing method invocation ReflectiveMethodInvocation: public org.springframework.http.ResponseEntity com.transparencychain.backend.controller.NgoDashboardController.getDashboardSummary(); target is of class [com.transparencychain.backend.controller.NgoDashboardController]
2026-08-13T09:42:32.082+05:30 DEBUG 492470 --- [demo] [nio-8081-exec-5] horizationManagerBeforeMethodInterceptor : Authorized method invocation ReflectiveMethodInvocation: public org.springframework.http.ResponseEntity com.transparencychain.backend.controller.NgoDashboardController.getDashboardSummary(); target is of class [com.transparencychain.backend.controller.NgoDashboardController]
Hibernate: 
    select
        np1_0.id,
        np1_0.auditor_membership_number,
        np1_0.auditor_name,
        np1_0.authorized_signatory_designation,
        np1_0.authorized_signatory_name,
        np1_0.authorized_signatory_pan,
        np1_0.bank_account_name,
        np1_0.bank_account_number_encrypted,
        np1_0.contact_email,
        np1_0.contact_phone,
        np1_0.csr1registration_number,
        np1_0.darpan_id,
        np1_0.date_of_establishment,
        np1_0.fcra_number,
        np1_0.focus_sdg_goals,
        np1_0.gstin,
        np1_0.ifsc_code,
        np1_0.latitude,
        np1_0.longitude,
        np1_0.operational_states,
        np1_0.org_name,
        np1_0.pan_number,
        np1_0.reg12a_number,
        np1_0.reg80g_number,
        np1_0.registered_address,
        np1_0.registration_number,
        np1_0.registration_type,
        np1_0.trust_score,
        np1_0.user_id,
        np1_0.verification_status,
        np1_0.verified_at,
        np1_0.website 
    from
        ngo_profiles np1_0 
    left join
        users u1_0 
            on u1_0.id=np1_0.user_id 
    where
        u1_0.id=?
Hibernate: 
    select
        p1_0.id,
        p1_0.created_at,
        p1_0.description,
        p1_0.expected_beneficiaries,
        p1_0.funder_id,
        p1_0.geography,
        p1_0.impact_kpi,
        p1_0.latitude,
        p1_0.longitude,
        p1_0.ngo_id,
        p1_0.project_duration,
        p1_0.sdg_goal,
        p1_0.sdg_target,
        p1_0.status,
        p1_0.title,
        p1_0.total_budget 
    from
        projects p1_0 
    left join
        ngo_profiles n1_0 
            on n1_0.id=p1_0.ngo_id 
    where
        n1_0.id=?
2026-08-13T09:42:35.033+05:30 DEBUG 492470 --- [demo] [nio-8081-exec-7] o.s.security.web.FilterChainProxy        : Securing OPTIONS /api/v1/projects?ngoUserId=016f23f7-a0c6-4217-894f-58954353e686
2026-08-13T09:42:35.033+05:30 DEBUG 492470 --- [demo] [nio-8081-exec-8] o.s.security.web.FilterChainProxy        : Securing OPTIONS /api/v1/projects?ngoUserId=016f23f7-a0c6-4217-894f-58954353e686
2026-08-13T09:42:35.040+05:30 DEBUG 492470 --- [demo] [nio-8081-exec-1] o.s.security.web.FilterChainProxy        : Securing GET /api/v1/projects?ngoUserId=016f23f7-a0c6-4217-894f-58954353e686
Hibernate: 
    select
        u1_0.id,
        u1_0.created_at,
        u1_0.email,
        u1_0.full_name,
        u1_0.is_verified,
        u1_0.password_hash,
        u1_0.phone,
        u1_0.role,
        u1_0.updated_at 
    from
        users u1_0 
    where
        u1_0.email=?
2026-08-13T09:42:35.049+05:30 DEBUG 492470 --- [demo] [nio-8081-exec-1] o.s.security.web.FilterChainProxy        : Secured GET /api/v1/projects?ngoUserId=016f23f7-a0c6-4217-894f-58954353e686
Hibernate: 
    select
        np1_0.id,
        np1_0.auditor_membership_number,
        np1_0.auditor_name,
        np1_0.authorized_signatory_designation,
        np1_0.authorized_signatory_name,
        np1_0.authorized_signatory_pan,
        np1_0.bank_account_name,
        np1_0.bank_account_number_encrypted,
        np1_0.contact_email,
        np1_0.contact_phone,
        np1_0.csr1registration_number,
        np1_0.darpan_id,
        np1_0.date_of_establishment,
        np1_0.fcra_number,
        np1_0.focus_sdg_goals,
        np1_0.gstin,
        np1_0.ifsc_code,
        np1_0.latitude,
        np1_0.longitude,
        np1_0.operational_states,
        np1_0.org_name,
        np1_0.pan_number,
        np1_0.reg12a_number,
        np1_0.reg80g_number,
        np1_0.registered_address,
        np1_0.registration_number,
        np1_0.registration_type,
        np1_0.trust_score,
        np1_0.user_id,
        np1_0.verification_status,
        np1_0.verified_at,
        np1_0.website 
    from
        ngo_profiles np1_0 
    left join
        users u1_0 
            on u1_0.id=np1_0.user_id 
    where
        u1_0.id=?
Hibernate: 
    select
        p1_0.id,
        p1_0.created_at,
        p1_0.description,
        p1_0.expected_beneficiaries,
        p1_0.funder_id,
        p1_0.geography,
        p1_0.impact_kpi,
        p1_0.latitude,
        p1_0.longitude,
        p1_0.ngo_id,
        p1_0.project_duration,
        p1_0.sdg_goal,
        p1_0.sdg_target,
        p1_0.status,
        p1_0.title,
        p1_0.total_budget 
    from
        projects p1_0 
    left join
        ngo_profiles n1_0 
            on n1_0.id=p1_0.ngo_id 
    where
        n1_0.id=?
2026-08-13T09:42:35.065+05:30 DEBUG 492470 --- [demo] [nio-8081-exec-2] o.s.security.web.FilterChainProxy        : Securing GET /api/v1/projects?ngoUserId=016f23f7-a0c6-4217-894f-58954353e686
Hibernate: 
    select
        u1_0.id,
        u1_0.created_at,
        u1_0.email,
        u1_0.full_name,
        u1_0.is_verified,
        u1_0.password_hash,
        u1_0.phone,
        u1_0.role,
        u1_0.updated_at 
    from
        users u1_0 
    where
        u1_0.email=?
2026-08-13T09:42:35.074+05:30 DEBUG 492470 --- [demo] [nio-8081-exec-2] o.s.security.web.FilterChainProxy        : Secured GET /api/v1/projects?ngoUserId=016f23f7-a0c6-4217-894f-58954353e686
Hibernate: 
    select
        np1_0.id,
        np1_0.auditor_membership_number,
        np1_0.auditor_name,
        np1_0.authorized_signatory_designation,
        np1_0.authorized_signatory_name,
        np1_0.authorized_signatory_pan,
        np1_0.bank_account_name,
        np1_0.bank_account_number_encrypted,
        np1_0.contact_email,
        np1_0.contact_phone,
        np1_0.csr1registration_number,
        np1_0.darpan_id,
        np1_0.date_of_establishment,
        np1_0.fcra_number,
        np1_0.focus_sdg_goals,
        np1_0.gstin,
        np1_0.ifsc_code,
        np1_0.latitude,
        np1_0.longitude,
        np1_0.operational_states,
        np1_0.org_name,
        np1_0.pan_number,
        np1_0.reg12a_number,
        np1_0.reg80g_number,
        np1_0.registered_address,
        np1_0.registration_number,
        np1_0.registration_type,
        np1_0.trust_score,
        np1_0.user_id,
        np1_0.verification_status,
        np1_0.verified_at,
        np1_0.website 
    from
        ngo_profiles np1_0 
    left join
        users u1_0 
            on u1_0.id=np1_0.user_id 
    where
        u1_0.id=?
Hibernate: 
    select
        p1_0.id,
        p1_0.created_at,
        p1_0.description,
        p1_0.expected_beneficiaries,
        p1_0.funder_id,
        p1_0.geography,
        p1_0.impact_kpi,
        p1_0.latitude,
        p1_0.longitude,
        p1_0.ngo_id,
        p1_0.project_duration,
        p1_0.sdg_goal,
        p1_0.sdg_target,
        p1_0.status,
        p1_0.title,
        p1_0.total_budget 
    from
        projects p1_0 
    left join
        ngo_profiles n1_0 
            on n1_0.id=p1_0.ngo_id 
    where
        n1_0.id=?
2026-08-13T09:42:36.785+05:30 DEBUG 492470 --- [demo] [nio-8081-exec-4] o.s.security.web.FilterChainProxy        : Securing OPTIONS /api/v1/projects/828c7eb0-cfb9-4b7b-8ae6-5a40302c917e/milestones
2026-08-13T09:42:36.786+05:30 DEBUG 492470 --- [demo] [nio-8081-exec-3] o.s.security.web.FilterChainProxy        : Securing OPTIONS /api/v1/projects/828c7eb0-cfb9-4b7b-8ae6-5a40302c917e/milestones
2026-08-13T09:42:36.786+05:30 DEBUG 492470 --- [demo] [io-8081-exec-10] o.s.security.web.FilterChainProxy        : Securing OPTIONS /api/v1/projects/828c7eb0-cfb9-4b7b-8ae6-5a40302c917e
2026-08-13T09:42:36.786+05:30 DEBUG 492470 --- [demo] [nio-8081-exec-6] o.s.security.web.FilterChainProxy        : Securing OPTIONS /api/v1/projects/828c7eb0-cfb9-4b7b-8ae6-5a40302c917e
2026-08-13T09:42:36.793+05:30 DEBUG 492470 --- [demo] [nio-8081-exec-9] o.s.security.web.FilterChainProxy        : Securing GET /api/v1/projects/828c7eb0-cfb9-4b7b-8ae6-5a40302c917e/milestones
2026-08-13T09:42:36.794+05:30 DEBUG 492470 --- [demo] [nio-8081-exec-5] o.s.security.web.FilterChainProxy        : Securing GET /api/v1/projects/828c7eb0-cfb9-4b7b-8ae6-5a40302c917e
Hibernate: 
    select
        u1_0.id,
        u1_0.created_at,
        u1_0.email,
        u1_0.full_name,
        u1_0.is_verified,
        u1_0.password_hash,
        u1_0.phone,
        u1_0.role,
        u1_0.updated_at 
    from
        users u1_0 
    where
        u1_0.email=?
Hibernate: 
    select
        u1_0.id,
        u1_0.created_at,
        u1_0.email,
        u1_0.full_name,
        u1_0.is_verified,
        u1_0.password_hash,
        u1_0.phone,
        u1_0.role,
        u1_0.updated_at 
    from
        users u1_0 
    where
        u1_0.email=?
2026-08-13T09:42:36.798+05:30 DEBUG 492470 --- [demo] [nio-8081-exec-5] o.s.security.web.FilterChainProxy        : Secured GET /api/v1/projects/828c7eb0-cfb9-4b7b-8ae6-5a40302c917e
2026-08-13T09:42:36.798+05:30 DEBUG 492470 --- [demo] [nio-8081-exec-9] o.s.security.web.FilterChainProxy        : Secured GET /api/v1/projects/828c7eb0-cfb9-4b7b-8ae6-5a40302c917e/milestones
Hibernate: 
    select
        p1_0.id,
        p1_0.created_at,
        p1_0.description,
        p1_0.expected_beneficiaries,
        p1_0.funder_id,
        p1_0.geography,
        p1_0.impact_kpi,
        p1_0.latitude,
        p1_0.longitude,
        p1_0.ngo_id,
        p1_0.project_duration,
        p1_0.sdg_goal,
        p1_0.sdg_target,
        p1_0.status,
        p1_0.title,
        p1_0.total_budget 
    from
        projects p1_0 
    where
        p1_0.id=?
Hibernate: 
    select
        m1_0.id,
        m1_0.additional_allocated_amount,
        m1_0.amount_allocated,
        m1_0.current_version_id,
        m1_0.description,
        m1_0.due_date,
        m1_0.project_id,
        m1_0.released_amount,
        m1_0.required_evidence,
        m1_0.sequence_number,
        m1_0.status,
        m1_0.title,
        m1_0.verification_requirements 
    from
        milestones m1_0 
    left join
        projects p1_0 
            on p1_0.id=m1_0.project_id 
    where
        p1_0.id=?
2026-08-13T09:42:36.807+05:30 DEBUG 492470 --- [demo] [nio-8081-exec-8] o.s.security.web.FilterChainProxy        : Securing GET /api/v1/projects/828c7eb0-cfb9-4b7b-8ae6-5a40302c917e
2026-08-13T09:42:36.807+05:30 DEBUG 492470 --- [demo] [nio-8081-exec-7] o.s.security.web.FilterChainProxy        : Securing GET /api/v1/projects/828c7eb0-cfb9-4b7b-8ae6-5a40302c917e/milestones
Hibernate: 
    select
        u1_0.id,
        u1_0.created_at,
        u1_0.email,
        u1_0.full_name,
        u1_0.is_verified,
        u1_0.password_hash,
        u1_0.phone,
        u1_0.role,
        u1_0.updated_at 
    from
        users u1_0 
    where
        u1_0.email=?
Hibernate: 
    select
        u1_0.id,
        u1_0.created_at,
        u1_0.email,
        u1_0.full_name,
        u1_0.is_verified,
        u1_0.password_hash,
        u1_0.phone,
        u1_0.role,
        u1_0.updated_at 
    from
        users u1_0 
    where
        u1_0.email=?
2026-08-13T09:42:36.814+05:30 DEBUG 492470 --- [demo] [nio-8081-exec-8] o.s.security.web.FilterChainProxy        : Secured GET /api/v1/projects/828c7eb0-cfb9-4b7b-8ae6-5a40302c917e
2026-08-13T09:42:36.816+05:30 DEBUG 492470 --- [demo] [nio-8081-exec-7] o.s.security.web.FilterChainProxy        : Secured GET /api/v1/projects/828c7eb0-cfb9-4b7b-8ae6-5a40302c917e/milestones
Hibernate: 
    select
        p1_0.id,
        p1_0.created_at,
        p1_0.description,
        p1_0.expected_beneficiaries,
        p1_0.funder_id,
        p1_0.geography,
        p1_0.impact_kpi,
        p1_0.latitude,
        p1_0.longitude,
        p1_0.ngo_id,
        p1_0.project_duration,
        p1_0.sdg_goal,
        p1_0.sdg_target,
        p1_0.status,
        p1_0.title,
        p1_0.total_budget 
    from
        projects p1_0 
    where
        p1_0.id=?
Hibernate: 
    select
        m1_0.id,
        m1_0.additional_allocated_amount,
        m1_0.amount_allocated,
        m1_0.current_version_id,
        m1_0.description,
        m1_0.due_date,
        m1_0.project_id,
        m1_0.released_amount,
        m1_0.required_evidence,
        m1_0.sequence_number,
        m1_0.status,
        m1_0.title,
        m1_0.verification_requirements 
    from
        milestones m1_0 
    left join
        projects p1_0 
            on p1_0.id=m1_0.project_id 
    where
        p1_0.id=?
2026-08-13T09:42:44.650+05:30 DEBUG 492470 --- [demo] [nio-8081-exec-2] o.s.security.web.FilterChainProxy        : Securing OPTIONS /api/v1/projects?ngoUserId=016f23f7-a0c6-4217-894f-58954353e686
2026-08-13T09:42:44.651+05:30 DEBUG 492470 --- [demo] [nio-8081-exec-1] o.s.security.web.FilterChainProxy        : Securing OPTIONS /api/v1/projects?ngoUserId=016f23f7-a0c6-4217-894f-58954353e686
2026-08-13T09:42:44.657+05:30 DEBUG 492470 --- [demo] [nio-8081-exec-4] o.s.security.web.FilterChainProxy        : Securing GET /api/v1/projects?ngoUserId=016f23f7-a0c6-4217-894f-58954353e686
Hibernate: 
    select
        u1_0.id,
        u1_0.created_at,
        u1_0.email,
        u1_0.full_name,
        u1_0.is_verified,
        u1_0.password_hash,
        u1_0.phone,
        u1_0.role,
        u1_0.updated_at 
    from
        users u1_0 
    where
        u1_0.email=?
2026-08-13T09:42:44.663+05:30 DEBUG 492470 --- [demo] [nio-8081-exec-4] o.s.security.web.FilterChainProxy        : Secured GET /api/v1/projects?ngoUserId=016f23f7-a0c6-4217-894f-58954353e686
Hibernate: 
    select
        np1_0.id,
        np1_0.auditor_membership_number,
        np1_0.auditor_name,
        np1_0.authorized_signatory_designation,
        np1_0.authorized_signatory_name,
        np1_0.authorized_signatory_pan,
        np1_0.bank_account_name,
        np1_0.bank_account_number_encrypted,
        np1_0.contact_email,
        np1_0.contact_phone,
        np1_0.csr1registration_number,
        np1_0.darpan_id,
        np1_0.date_of_establishment,
        np1_0.fcra_number,
        np1_0.focus_sdg_goals,
        np1_0.gstin,
        np1_0.ifsc_code,
        np1_0.latitude,
        np1_0.longitude,
        np1_0.operational_states,
        np1_0.org_name,
        np1_0.pan_number,
        np1_0.reg12a_number,
        np1_0.reg80g_number,
        np1_0.registered_address,
        np1_0.registration_number,
        np1_0.registration_type,
        np1_0.trust_score,
        np1_0.user_id,
        np1_0.verification_status,
        np1_0.verified_at,
        np1_0.website 
    from
        ngo_profiles np1_0 
    left join
        users u1_0 
            on u1_0.id=np1_0.user_id 
    where
        u1_0.id=?
Hibernate: 
    select
        p1_0.id,
        p1_0.created_at,
        p1_0.description,
        p1_0.expected_beneficiaries,
        p1_0.funder_id,
        p1_0.geography,
        p1_0.impact_kpi,
        p1_0.latitude,
        p1_0.longitude,
        p1_0.ngo_id,
        p1_0.project_duration,
        p1_0.sdg_goal,
        p1_0.sdg_target,
        p1_0.status,
        p1_0.title,
        p1_0.total_budget 
    from
        projects p1_0 
    left join
        ngo_profiles n1_0 
            on n1_0.id=p1_0.ngo_id 
    where
        n1_0.id=?
2026-08-13T09:42:44.673+05:30 DEBUG 492470 --- [demo] [nio-8081-exec-3] o.s.security.web.FilterChainProxy        : Securing GET /api/v1/projects?ngoUserId=016f23f7-a0c6-4217-894f-58954353e686
Hibernate: 
    select
        u1_0.id,
        u1_0.created_at,
        u1_0.email,
        u1_0.full_name,
        u1_0.is_verified,
        u1_0.password_hash,
        u1_0.phone,
        u1_0.role,
        u1_0.updated_at 
    from
        users u1_0 
    where
        u1_0.email=?
2026-08-13T09:42:44.683+05:30 DEBUG 492470 --- [demo] [nio-8081-exec-3] o.s.security.web.FilterChainProxy        : Secured GET /api/v1/projects?ngoUserId=016f23f7-a0c6-4217-894f-58954353e686
Hibernate: 
    select
        np1_0.id,
        np1_0.auditor_membership_number,
        np1_0.auditor_name,
        np1_0.authorized_signatory_designation,
        np1_0.authorized_signatory_name,
        np1_0.authorized_signatory_pan,
        np1_0.bank_account_name,
        np1_0.bank_account_number_encrypted,
        np1_0.contact_email,
        np1_0.contact_phone,
        np1_0.csr1registration_number,
        np1_0.darpan_id,
        np1_0.date_of_establishment,
        np1_0.fcra_number,
        np1_0.focus_sdg_goals,
        np1_0.gstin,
        np1_0.ifsc_code,
        np1_0.latitude,
        np1_0.longitude,
        np1_0.operational_states,
        np1_0.org_name,
        np1_0.pan_number,
        np1_0.reg12a_number,
        np1_0.reg80g_number,
        np1_0.registered_address,
        np1_0.registration_number,
        np1_0.registration_type,
        np1_0.trust_score,
        np1_0.user_id,
        np1_0.verification_status,
        np1_0.verified_at,
        np1_0.website 
    from
        ngo_profiles np1_0 
    left join
        users u1_0 
            on u1_0.id=np1_0.user_id 
    where
        u1_0.id=?
Hibernate: 
    select
        p1_0.id,
        p1_0.created_at,
        p1_0.description,
        p1_0.expected_beneficiaries,
        p1_0.funder_id,
        p1_0.geography,
        p1_0.impact_kpi,
        p1_0.latitude,
        p1_0.longitude,
        p1_0.ngo_id,
        p1_0.project_duration,
        p1_0.sdg_goal,
        p1_0.sdg_target,
        p1_0.status,
        p1_0.title,
        p1_0.total_budget 
    from
        projects p1_0 
    left join
        ngo_profiles n1_0 
            on n1_0.id=p1_0.ngo_id 
    where
        n1_0.id=?
2026-08-13T09:42:50.650+05:30 DEBUG 492470 --- [demo] [io-8081-exec-10] o.s.security.web.FilterChainProxy        : Securing OPTIONS /api/org/projects
2026-08-13T09:42:50.650+05:30 DEBUG 492470 --- [demo] [nio-8081-exec-6] o.s.security.web.FilterChainProxy        : Securing OPTIONS /api/org/projects
2026-08-13T09:42:50.655+05:30 DEBUG 492470 --- [demo] [nio-8081-exec-9] o.s.security.web.FilterChainProxy        : Securing GET /api/org/projects
Hibernate: 
    select
        u1_0.id,
        u1_0.created_at,
        u1_0.email,
        u1_0.full_name,
        u1_0.is_verified,
        u1_0.password_hash,
        u1_0.phone,
        u1_0.role,
        u1_0.updated_at 
    from
        users u1_0 
    where
        u1_0.email=?
2026-08-13T09:42:50.660+05:30 DEBUG 492470 --- [demo] [nio-8081-exec-9] o.s.security.web.FilterChainProxy        : Secured GET /api/org/projects
2026-08-13T09:42:50.660+05:30 DEBUG 492470 --- [demo] [nio-8081-exec-9] horizationManagerBeforeMethodInterceptor : Authorizing method invocation ReflectiveMethodInvocation: public org.springframework.http.ResponseEntity com.transparencychain.backend.controller.OrgProjectController.browseProjects(com.transparencychain.backend.model.Project$SdgGoal,java.lang.String,java.math.BigDecimal,java.math.BigDecimal); target is of class [com.transparencychain.backend.controller.OrgProjectController]
2026-08-13T09:42:50.661+05:30 DEBUG 492470 --- [demo] [nio-8081-exec-9] horizationManagerBeforeMethodInterceptor : Authorized method invocation ReflectiveMethodInvocation: public org.springframework.http.ResponseEntity com.transparencychain.backend.controller.OrgProjectController.browseProjects(com.transparencychain.backend.model.Project$SdgGoal,java.lang.String,java.math.BigDecimal,java.math.BigDecimal); target is of class [com.transparencychain.backend.controller.OrgProjectController]
Hibernate: 
    select
        fp1_0.id,
        fp1_0.cin_number,
        fp1_0.org_name,
        fp1_0.org_type,
        fp1_0.total_donated,
        fp1_0.user_id 
    from
        funder_profiles fp1_0 
    left join
        users u1_0 
            on u1_0.id=fp1_0.user_id 
    where
        u1_0.id=?
Hibernate: 
    select
        p1_0.id,
        p1_0.created_at,
        p1_0.description,
        p1_0.expected_beneficiaries,
        p1_0.funder_id,
        p1_0.geography,
        p1_0.impact_kpi,
        p1_0.latitude,
        p1_0.longitude,
        p1_0.ngo_id,
        p1_0.project_duration,
        p1_0.sdg_goal,
        p1_0.sdg_target,
        p1_0.status,
        p1_0.title,
        p1_0.total_budget 
    from
        projects p1_0 
    where
        p1_0.status in ('PUBLISHED', 'SUBMITTED', 'DRAFT', 'UNDER_REVIEW', 'APPROVED', 'FUNDED', 'ESCROWED', 'ACTIVE', 'IN_PROGRESS') 
        and (
            ? is null 
            or p1_0.sdg_goal=?
        ) 
        and (
            ? is null 
            or lower(p1_0.geography) like replace(lower(concat('%', ?, '%')), '\\', '\\\\')
        ) 
        and (
            ? is null 
            or p1_0.total_budget>=?
        ) 
        and (
            ? is null 
            or p1_0.total_budget<=?
        ) 
    order by
        p1_0.created_at desc
Hibernate: 
    select
        ope1_0.id,
        ope1_0.committed_at,
        ope1_0.funder_id,
        ope1_0.project_id,
        ope1_0.status,
        ope1_0.viewed_at 
    from
        org_project_engagements ope1_0 
    left join
        funder_profiles f1_0 
            on f1_0.id=ope1_0.funder_id 
    where
        f1_0.id=?
Hibernate: 
    select
        np1_0.id,
        np1_0.auditor_membership_number,
        np1_0.auditor_name,
        np1_0.authorized_signatory_designation,
        np1_0.authorized_signatory_name,
        np1_0.authorized_signatory_pan,
        np1_0.bank_account_name,
        np1_0.bank_account_number_encrypted,
        np1_0.contact_email,
        np1_0.contact_phone,
        np1_0.csr1registration_number,
        np1_0.darpan_id,
        np1_0.date_of_establishment,
        np1_0.fcra_number,
        np1_0.focus_sdg_goals,
        np1_0.gstin,
        np1_0.ifsc_code,
        np1_0.latitude,
        np1_0.longitude,
        np1_0.operational_states,
        np1_0.org_name,
        np1_0.pan_number,
        np1_0.reg12a_number,
        np1_0.reg80g_number,
        np1_0.registered_address,
        np1_0.registration_number,
        np1_0.registration_type,
        np1_0.trust_score,
        np1_0.user_id,
        np1_0.verification_status,
        np1_0.verified_at,
        np1_0.website 
    from
        ngo_profiles np1_0 
    where
        np1_0.id=?
2026-08-13T09:42:50.669+05:30 DEBUG 492470 --- [demo] [nio-8081-exec-5] o.s.security.web.FilterChainProxy        : Securing GET /api/org/projects
Hibernate: 
    select
        u1_0.id,
        u1_0.created_at,
        u1_0.email,
        u1_0.full_name,
        u1_0.is_verified,
        u1_0.password_hash,
        u1_0.phone,
        u1_0.role,
        u1_0.updated_at 
    from
        users u1_0 
    where
        u1_0.email=?
2026-08-13T09:42:50.675+05:30 DEBUG 492470 --- [demo] [nio-8081-exec-5] o.s.security.web.FilterChainProxy        : Secured GET /api/org/projects
2026-08-13T09:42:50.675+05:30 DEBUG 492470 --- [demo] [nio-8081-exec-5] horizationManagerBeforeMethodInterceptor : Authorizing method invocation ReflectiveMethodInvocation: public org.springframework.http.ResponseEntity com.transparencychain.backend.controller.OrgProjectController.browseProjects(com.transparencychain.backend.model.Project$SdgGoal,java.lang.String,java.math.BigDecimal,java.math.BigDecimal); target is of class [com.transparencychain.backend.controller.OrgProjectController]
2026-08-13T09:42:50.676+05:30 DEBUG 492470 --- [demo] [nio-8081-exec-5] horizationManagerBeforeMethodInterceptor : Authorized method invocation ReflectiveMethodInvocation: public org.springframework.http.ResponseEntity com.transparencychain.backend.controller.OrgProjectController.browseProjects(com.transparencychain.backend.model.Project$SdgGoal,java.lang.String,java.math.BigDecimal,java.math.BigDecimal); target is of class [com.transparencychain.backend.controller.OrgProjectController]
Hibernate: 
    select
        fp1_0.id,
        fp1_0.cin_number,
        fp1_0.org_name,
        fp1_0.org_type,
        fp1_0.total_donated,
        fp1_0.user_id 
    from
        funder_profiles fp1_0 
    left join
        users u1_0 
            on u1_0.id=fp1_0.user_id 
    where
        u1_0.id=?
Hibernate: 
    select
        p1_0.id,
        p1_0.created_at,
        p1_0.description,
        p1_0.expected_beneficiaries,
        p1_0.funder_id,
        p1_0.geography,
        p1_0.impact_kpi,
        p1_0.latitude,
        p1_0.longitude,
        p1_0.ngo_id,
        p1_0.project_duration,
        p1_0.sdg_goal,
        p1_0.sdg_target,
        p1_0.status,
        p1_0.title,
        p1_0.total_budget 
    from
        projects p1_0 
    where
        p1_0.status in ('PUBLISHED', 'SUBMITTED', 'DRAFT', 'UNDER_REVIEW', 'APPROVED', 'FUNDED', 'ESCROWED', 'ACTIVE', 'IN_PROGRESS') 
        and (
            ? is null 
            or p1_0.sdg_goal=?
        ) 
        and (
            ? is null 
            or lower(p1_0.geography) like replace(lower(concat('%', ?, '%')), '\\', '\\\\')
        ) 
        and (
            ? is null 
            or p1_0.total_budget>=?
        ) 
        and (
            ? is null 
            or p1_0.total_budget<=?
        ) 
    order by
        p1_0.created_at desc
Hibernate: 
    select
        ope1_0.id,
        ope1_0.committed_at,
        ope1_0.funder_id,
        ope1_0.project_id,
        ope1_0.status,
        ope1_0.viewed_at 
    from
        org_project_engagements ope1_0 
    left join
        funder_profiles f1_0 
            on f1_0.id=ope1_0.funder_id 
    where
        f1_0.id=?
Hibernate: 
    select
        np1_0.id,
        np1_0.auditor_membership_number,
        np1_0.auditor_name,
        np1_0.authorized_signatory_designation,
        np1_0.authorized_signatory_name,
        np1_0.authorized_signatory_pan,
        np1_0.bank_account_name,
        np1_0.bank_account_number_encrypted,
        np1_0.contact_email,
        np1_0.contact_phone,
        np1_0.csr1registration_number,
        np1_0.darpan_id,
        np1_0.date_of_establishment,
        np1_0.fcra_number,
        np1_0.focus_sdg_goals,
        np1_0.gstin,
        np1_0.ifsc_code,
        np1_0.latitude,
        np1_0.longitude,
        np1_0.operational_states,
        np1_0.org_name,
        np1_0.pan_number,
        np1_0.reg12a_number,
        np1_0.reg80g_number,
        np1_0.registered_address,
        np1_0.registration_number,
        np1_0.registration_type,
        np1_0.trust_score,
        np1_0.user_id,
        np1_0.verification_status,
        np1_0.verified_at,
        np1_0.website 
    from
        ngo_profiles np1_0 
    where
        np1_0.id=?
2026-08-13T09:42:52.711+05:30 DEBUG 492470 --- [demo] [nio-8081-exec-8] o.s.security.web.FilterChainProxy        : Securing OPTIONS /api/org/projects/828c7eb0-cfb9-4b7b-8ae6-5a40302c917e
2026-08-13T09:42:52.715+05:30 DEBUG 492470 --- [demo] [nio-8081-exec-7] o.s.security.web.FilterChainProxy        : Securing OPTIONS /api/org/projects/828c7eb0-cfb9-4b7b-8ae6-5a40302c917e
2026-08-13T09:42:52.717+05:30 DEBUG 492470 --- [demo] [nio-8081-exec-2] o.s.security.web.FilterChainProxy        : Securing GET /api/org/projects/828c7eb0-cfb9-4b7b-8ae6-5a40302c917e
Hibernate: 
    select
        u1_0.id,
        u1_0.created_at,
        u1_0.email,
        u1_0.full_name,
        u1_0.is_verified,
        u1_0.password_hash,
        u1_0.phone,
        u1_0.role,
        u1_0.updated_at 
    from
        users u1_0 
    where
        u1_0.email=?
2026-08-13T09:42:52.723+05:30 DEBUG 492470 --- [demo] [nio-8081-exec-2] o.s.security.web.FilterChainProxy        : Secured GET /api/org/projects/828c7eb0-cfb9-4b7b-8ae6-5a40302c917e
2026-08-13T09:42:52.724+05:30 DEBUG 492470 --- [demo] [nio-8081-exec-2] horizationManagerBeforeMethodInterceptor : Authorizing method invocation ReflectiveMethodInvocation: public org.springframework.http.ResponseEntity com.transparencychain.backend.controller.OrgProjectController.getProjectDetail(java.util.UUID); target is of class [com.transparencychain.backend.controller.OrgProjectController]
2026-08-13T09:42:52.724+05:30 DEBUG 492470 --- [demo] [nio-8081-exec-2] horizationManagerBeforeMethodInterceptor : Authorized method invocation ReflectiveMethodInvocation: public org.springframework.http.ResponseEntity com.transparencychain.backend.controller.OrgProjectController.getProjectDetail(java.util.UUID); target is of class [com.transparencychain.backend.controller.OrgProjectController]
Hibernate: 
    select
        fp1_0.id,
        fp1_0.cin_number,
        fp1_0.org_name,
        fp1_0.org_type,
        fp1_0.total_donated,
        fp1_0.user_id 
    from
        funder_profiles fp1_0 
    left join
        users u1_0 
            on u1_0.id=fp1_0.user_id 
    where
        u1_0.id=?
Hibernate: 
    select
        p1_0.id,
        p1_0.created_at,
        p1_0.description,
        p1_0.expected_beneficiaries,
        p1_0.funder_id,
        p1_0.geography,
        p1_0.impact_kpi,
        p1_0.latitude,
        p1_0.longitude,
        p1_0.ngo_id,
        p1_0.project_duration,
        p1_0.sdg_goal,
        p1_0.sdg_target,
        p1_0.status,
        p1_0.title,
        p1_0.total_budget 
    from
        projects p1_0 
    where
        p1_0.id=?
Hibernate: 
    select
        ope1_0.id,
        ope1_0.committed_at,
        ope1_0.funder_id,
        ope1_0.project_id,
        ope1_0.status,
        ope1_0.viewed_at 
    from
        org_project_engagements ope1_0 
    left join
        funder_profiles f1_0 
            on f1_0.id=ope1_0.funder_id 
    left join
        projects p1_0 
            on p1_0.id=ope1_0.project_id 
    where
        f1_0.id=? 
        and p1_0.id=?
Hibernate: 
    select
        m1_0.id,
        m1_0.additional_allocated_amount,
        m1_0.amount_allocated,
        m1_0.current_version_id,
        m1_0.description,
        m1_0.due_date,
        m1_0.project_id,
        m1_0.released_amount,
        m1_0.required_evidence,
        m1_0.sequence_number,
        m1_0.status,
        m1_0.title,
        m1_0.verification_requirements 
    from
        milestones m1_0 
    left join
        projects p1_0 
            on p1_0.id=m1_0.project_id 
    where
        p1_0.id=?
Hibernate: 
    select
        np1_0.id,
        np1_0.auditor_membership_number,
        np1_0.auditor_name,
        np1_0.authorized_signatory_designation,
        np1_0.authorized_signatory_name,
        np1_0.authorized_signatory_pan,
        np1_0.bank_account_name,
        np1_0.bank_account_number_encrypted,
        np1_0.contact_email,
        np1_0.contact_phone,
        np1_0.csr1registration_number,
        np1_0.darpan_id,
        np1_0.date_of_establishment,
        np1_0.fcra_number,
        np1_0.focus_sdg_goals,
        np1_0.gstin,
        np1_0.ifsc_code,
        np1_0.latitude,
        np1_0.longitude,
        np1_0.operational_states,
        np1_0.org_name,
        np1_0.pan_number,
        np1_0.reg12a_number,
        np1_0.reg80g_number,
        np1_0.registered_address,
        np1_0.registration_number,
        np1_0.registration_type,
        np1_0.trust_score,
        np1_0.user_id,
        np1_0.verification_status,
        np1_0.verified_at,
        np1_0.website 
    from
        ngo_profiles np1_0 
    where
        np1_0.id=?
2026-08-13T09:42:52.738+05:30 DEBUG 492470 --- [demo] [nio-8081-exec-1] o.s.security.web.FilterChainProxy        : Securing GET /api/org/projects/828c7eb0-cfb9-4b7b-8ae6-5a40302c917e
2026-08-13T09:42:52.743+05:30 DEBUG 492470 --- [demo] [nio-8081-exec-4] o.s.security.web.FilterChainProxy        : Securing OPTIONS /api/org/projects/828c7eb0-cfb9-4b7b-8ae6-5a40302c917e/commitment
Hibernate: 
    select
        u1_0.id,
        u1_0.created_at,
        u1_0.email,
        u1_0.full_name,
        u1_0.is_verified,
        u1_0.password_hash,
        u1_0.phone,
        u1_0.role,
        u1_0.updated_at 
    from
        users u1_0 
    where
        u1_0.email=?
2026-08-13T09:42:52.745+05:30 DEBUG 492470 --- [demo] [nio-8081-exec-1] o.s.security.web.FilterChainProxy        : Secured GET /api/org/projects/828c7eb0-cfb9-4b7b-8ae6-5a40302c917e
2026-08-13T09:42:52.746+05:30 DEBUG 492470 --- [demo] [nio-8081-exec-3] o.s.security.web.FilterChainProxy        : Securing GET /api/org/projects/828c7eb0-cfb9-4b7b-8ae6-5a40302c917e/commitment
2026-08-13T09:42:52.746+05:30 DEBUG 492470 --- [demo] [nio-8081-exec-1] horizationManagerBeforeMethodInterceptor : Authorizing method invocation ReflectiveMethodInvocation: public org.springframework.http.ResponseEntity com.transparencychain.backend.controller.OrgProjectController.getProjectDetail(java.util.UUID); target is of class [com.transparencychain.backend.controller.OrgProjectController]
2026-08-13T09:42:52.747+05:30 DEBUG 492470 --- [demo] [nio-8081-exec-1] horizationManagerBeforeMethodInterceptor : Authorized method invocation ReflectiveMethodInvocation: public org.springframework.http.ResponseEntity com.transparencychain.backend.controller.OrgProjectController.getProjectDetail(java.util.UUID); target is of class [com.transparencychain.backend.controller.OrgProjectController]
Hibernate: 
    select
        fp1_0.id,
        fp1_0.cin_number,
        fp1_0.org_name,
        fp1_0.org_type,
        fp1_0.total_donated,
        fp1_0.user_id 
    from
        funder_profiles fp1_0 
    left join
        users u1_0 
            on u1_0.id=fp1_0.user_id 
    where
        u1_0.id=?
Hibernate: 
    select
        p1_0.id,
        p1_0.created_at,
        p1_0.description,
        p1_0.expected_beneficiaries,
        p1_0.funder_id,
        p1_0.geography,
        p1_0.impact_kpi,
        p1_0.latitude,
        p1_0.longitude,
        p1_0.ngo_id,
        p1_0.project_duration,
        p1_0.sdg_goal,
        p1_0.sdg_target,
        p1_0.status,
        p1_0.title,
        p1_0.total_budget 
    from
        projects p1_0 
    where
        p1_0.id=?
Hibernate: 
    select
        u1_0.id,
        u1_0.created_at,
        u1_0.email,
        u1_0.full_name,
        u1_0.is_verified,
        u1_0.password_hash,
        u1_0.phone,
        u1_0.role,
        u1_0.updated_at 
    from
        users u1_0 
    where
        u1_0.email=?
Hibernate: 
    select
        ope1_0.id,
        ope1_0.committed_at,
        ope1_0.funder_id,
        ope1_0.project_id,
        ope1_0.status,
        ope1_0.viewed_at 
    from
        org_project_engagements ope1_0 
    left join
        funder_profiles f1_0 
            on f1_0.id=ope1_0.funder_id 
    left join
        projects p1_0 
            on p1_0.id=ope1_0.project_id 
    where
        f1_0.id=? 
        and p1_0.id=?
2026-08-13T09:42:52.752+05:30 DEBUG 492470 --- [demo] [nio-8081-exec-3] o.s.security.web.FilterChainProxy        : Secured GET /api/org/projects/828c7eb0-cfb9-4b7b-8ae6-5a40302c917e/commitment
2026-08-13T09:42:52.753+05:30 DEBUG 492470 --- [demo] [nio-8081-exec-3] horizationManagerBeforeMethodInterceptor : Authorizing method invocation ReflectiveMethodInvocation: public org.springframework.http.ResponseEntity com.transparencychain.backend.controller.OrgCommitmentController.getCommitmentByProject(java.util.UUID); target is of class [com.transparencychain.backend.controller.OrgCommitmentController]
2026-08-13T09:42:52.754+05:30 DEBUG 492470 --- [demo] [nio-8081-exec-3] horizationManagerBeforeMethodInterceptor : Authorized method invocation ReflectiveMethodInvocation: public org.springframework.http.ResponseEntity com.transparencychain.backend.controller.OrgCommitmentController.getCommitmentByProject(java.util.UUID); target is of class [com.transparencychain.backend.controller.OrgCommitmentController]
Hibernate: 
    select
        m1_0.id,
        m1_0.additional_allocated_amount,
        m1_0.amount_allocated,
        m1_0.current_version_id,
        m1_0.description,
        m1_0.due_date,
        m1_0.project_id,
        m1_0.released_amount,
        m1_0.required_evidence,
        m1_0.sequence_number,
        m1_0.status,
        m1_0.title,
        m1_0.verification_requirements 
    from
        milestones m1_0 
    left join
        projects p1_0 
            on p1_0.id=m1_0.project_id 
    where
        p1_0.id=?
Hibernate: 
    select
        fp1_0.id,
        fp1_0.cin_number,
        fp1_0.org_name,
        fp1_0.org_type,
        fp1_0.total_donated,
        fp1_0.user_id 
    from
        funder_profiles fp1_0 
    left join
        users u1_0 
            on u1_0.id=fp1_0.user_id 
    where
        u1_0.id=?
Hibernate: 
    select
        np1_0.id,
        np1_0.auditor_membership_number,
        np1_0.auditor_name,
        np1_0.authorized_signatory_designation,
        np1_0.authorized_signatory_name,
        np1_0.authorized_signatory_pan,
        np1_0.bank_account_name,
        np1_0.bank_account_number_encrypted,
        np1_0.contact_email,
        np1_0.contact_phone,
        np1_0.csr1registration_number,
        np1_0.darpan_id,
        np1_0.date_of_establishment,
        np1_0.fcra_number,
        np1_0.focus_sdg_goals,
        np1_0.gstin,
        np1_0.ifsc_code,
        np1_0.latitude,
        np1_0.longitude,
        np1_0.operational_states,
        np1_0.org_name,
        np1_0.pan_number,
        np1_0.reg12a_number,
        np1_0.reg80g_number,
        np1_0.registered_address,
        np1_0.registration_number,
        np1_0.registration_type,
        np1_0.trust_score,
        np1_0.user_id,
        np1_0.verification_status,
        np1_0.verified_at,
        np1_0.website 
    from
        ngo_profiles np1_0 
    where
        np1_0.id=?
Hibernate: 
    select
        fc1_0.id,
        fc1_0.budget_exceeded_warning,
        fc1_0.created_at,
        fc1_0.funder_id,
        fc1_0.project_id,
        fc1_0.status,
        fc1_0.total_committed_amount 
    from
        funding_commitments fc1_0 
    left join
        projects p1_0 
            on p1_0.id=fc1_0.project_id 
    where
        p1_0.id=?
2026-08-13T09:42:52.768+05:30 DEBUG 492470 --- [demo] [nio-8081-exec-6] o.s.security.web.FilterChainProxy        : Securing GET /api/org/projects/828c7eb0-cfb9-4b7b-8ae6-5a40302c917e/commitment
Hibernate: 
    select
        u1_0.id,
        u1_0.created_at,
        u1_0.email,
        u1_0.full_name,
        u1_0.is_verified,
        u1_0.password_hash,
        u1_0.phone,
        u1_0.role,
        u1_0.updated_at 
    from
        users u1_0 
    where
        u1_0.email=?
2026-08-13T09:42:52.774+05:30 DEBUG 492470 --- [demo] [nio-8081-exec-6] o.s.security.web.FilterChainProxy        : Secured GET /api/org/projects/828c7eb0-cfb9-4b7b-8ae6-5a40302c917e/commitment
2026-08-13T09:42:52.775+05:30 DEBUG 492470 --- [demo] [nio-8081-exec-6] horizationManagerBeforeMethodInterceptor : Authorizing method invocation ReflectiveMethodInvocation: public org.springframework.http.ResponseEntity com.transparencychain.backend.controller.OrgCommitmentController.getCommitmentByProject(java.util.UUID); target is of class [com.transparencychain.backend.controller.OrgCommitmentController]
2026-08-13T09:42:52.776+05:30 DEBUG 492470 --- [demo] [nio-8081-exec-6] horizationManagerBeforeMethodInterceptor : Authorized method invocation ReflectiveMethodInvocation: public org.springframework.http.ResponseEntity com.transparencychain.backend.controller.OrgCommitmentController.getCommitmentByProject(java.util.UUID); target is of class [com.transparencychain.backend.controller.OrgCommitmentController]
Hibernate: 
    select
        fp1_0.id,
        fp1_0.cin_number,
        fp1_0.org_name,
        fp1_0.org_type,
        fp1_0.total_donated,
        fp1_0.user_id 
    from
        funder_profiles fp1_0 
    left join
        users u1_0 
            on u1_0.id=fp1_0.user_id 
    where
        u1_0.id=?
Hibernate: 
    select
        fc1_0.id,
        fc1_0.budget_exceeded_warning,
        fc1_0.created_at,
        fc1_0.funder_id,
        fc1_0.project_id,
        fc1_0.status,
        fc1_0.total_committed_amount 
    from
        funding_commitments fc1_0 
    left join
        projects p1_0 
            on p1_0.id=fc1_0.project_id 
    where
        p1_0.id=?
2026-08-13T09:43:06.341+05:30 DEBUG 492470 --- [demo] [io-8081-exec-10] o.s.security.web.FilterChainProxy        : Securing OPTIONS /api/org/projects/828c7eb0-cfb9-4b7b-8ae6-5a40302c917e/negotiate
2026-08-13T09:43:06.350+05:30 DEBUG 492470 --- [demo] [nio-8081-exec-9] o.s.security.web.FilterChainProxy        : Securing POST /api/org/projects/828c7eb0-cfb9-4b7b-8ae6-5a40302c917e/negotiate
Hibernate: 
    select
        u1_0.id,
        u1_0.created_at,
        u1_0.email,
        u1_0.full_name,
        u1_0.is_verified,
        u1_0.password_hash,
        u1_0.phone,
        u1_0.role,
        u1_0.updated_at 
    from
        users u1_0 
    where
        u1_0.email=?
2026-08-13T09:43:06.361+05:30 DEBUG 492470 --- [demo] [nio-8081-exec-9] o.s.security.web.FilterChainProxy        : Secured POST /api/org/projects/828c7eb0-cfb9-4b7b-8ae6-5a40302c917e/negotiate
2026-08-13T09:43:06.367+05:30 DEBUG 492470 --- [demo] [nio-8081-exec-9] o.s.security.web.FilterChainProxy        : Securing POST /error
2026-08-13T09:43:06.367+05:30 DEBUG 492470 --- [demo] [nio-8081-exec-9] o.s.s.w.a.AnonymousAuthenticationFilter  : Set SecurityContextHolder to anonymous SecurityContext
2026-08-13T09:43:06.367+05:30 ERROR 492470 --- [demo] [nio-8081-exec-9] c.t.backend.security.AuthEntryPointJwt   : Unauthorized error: Full authentication is required to access this resource
2026-08-13T09:43:09.609+05:30 DEBUG 492470 --- [demo] [nio-8081-exec-5] o.s.security.web.FilterChainProxy        : Securing OPTIONS /api/v1/auth/login
2026-08-13T09:43:09.615+05:30 DEBUG 492470 --- [demo] [nio-8081-exec-8] o.s.security.web.FilterChainProxy        : Securing POST /api/v1/auth/login
2026-08-13T09:43:09.615+05:30 DEBUG 492470 --- [demo] [nio-8081-exec-8] o.s.s.w.a.AnonymousAuthenticationFilter  : Set SecurityContextHolder to anonymous SecurityContext
2026-08-13T09:43:09.616+05:30 DEBUG 492470 --- [demo] [nio-8081-exec-8] o.s.security.web.FilterChainProxy        : Secured POST /api/v1/auth/login
Hibernate: 
    select
        u1_0.id,
        u1_0.created_at,
        u1_0.email,
        u1_0.full_name,
        u1_0.is_verified,
        u1_0.password_hash,
        u1_0.phone,
        u1_0.role,
        u1_0.updated_at 
    from
        users u1_0 
    where
        u1_0.email=?
2026-08-13T09:43:09.703+05:30 DEBUG 492470 --- [demo] [nio-8081-exec-8] o.s.s.a.dao.DaoAuthenticationProvider    : Authenticated user
2026-08-13T09:43:09.744+05:30 DEBUG 492470 --- [demo] [nio-8081-exec-2] o.s.security.web.FilterChainProxy        : Securing OPTIONS /api/v1/projects?funderId=eb820bcf-10f7-4fa4-ac1d-18babf0ee47f
2026-08-13T09:43:09.743+05:30 DEBUG 492470 --- [demo] [nio-8081-exec-7] o.s.security.web.FilterChainProxy        : Securing OPTIONS /api/v1/projects?funderId=eb820bcf-10f7-4fa4-ac1d-18babf0ee47f
2026-08-13T09:43:09.750+05:30 DEBUG 492470 --- [demo] [nio-8081-exec-4] o.s.security.web.FilterChainProxy        : Securing GET /api/v1/projects?funderId=eb820bcf-10f7-4fa4-ac1d-18babf0ee47f
Hibernate: 
    select
        u1_0.id,
        u1_0.created_at,
        u1_0.email,
        u1_0.full_name,
        u1_0.is_verified,
        u1_0.password_hash,
        u1_0.phone,
        u1_0.role,
        u1_0.updated_at 
    from
        users u1_0 
    where
        u1_0.email=?
2026-08-13T09:43:09.757+05:30 DEBUG 492470 --- [demo] [nio-8081-exec-4] o.s.security.web.FilterChainProxy        : Secured GET /api/v1/projects?funderId=eb820bcf-10f7-4fa4-ac1d-18babf0ee47f
Hibernate: 
    select
        p1_0.id,
        p1_0.created_at,
        p1_0.description,
        p1_0.expected_beneficiaries,
        p1_0.funder_id,
        p1_0.geography,
        p1_0.impact_kpi,
        p1_0.latitude,
        p1_0.longitude,
        p1_0.ngo_id,
        p1_0.project_duration,
        p1_0.sdg_goal,
        p1_0.sdg_target,
        p1_0.status,
        p1_0.title,
        p1_0.total_budget 
    from
        projects p1_0 
    left join
        funder_profiles f1_0 
            on f1_0.id=p1_0.funder_id 
    where
        f1_0.id=?
2026-08-13T09:43:09.762+05:30 DEBUG 492470 --- [demo] [nio-8081-exec-3] o.s.security.web.FilterChainProxy        : Securing GET /api/v1/projects?funderId=eb820bcf-10f7-4fa4-ac1d-18babf0ee47f
Hibernate: 
    select
        u1_0.id,
        u1_0.created_at,
        u1_0.email,
        u1_0.full_name,
        u1_0.is_verified,
        u1_0.password_hash,
        u1_0.phone,
        u1_0.role,
        u1_0.updated_at 
    from
        users u1_0 
    where
        u1_0.email=?
2026-08-13T09:43:09.766+05:30 DEBUG 492470 --- [demo] [nio-8081-exec-3] o.s.security.web.FilterChainProxy        : Secured GET /api/v1/projects?funderId=eb820bcf-10f7-4fa4-ac1d-18babf0ee47f
Hibernate: 
    select
        p1_0.id,
        p1_0.created_at,
        p1_0.description,
        p1_0.expected_beneficiaries,
        p1_0.funder_id,
        p1_0.geography,
        p1_0.impact_kpi,
        p1_0.latitude,
        p1_0.longitude,
        p1_0.ngo_id,
        p1_0.project_duration,
        p1_0.sdg_goal,
        p1_0.sdg_target,
        p1_0.status,
        p1_0.title,
        p1_0.total_budget 
    from
        projects p1_0 
    left join
        funder_profiles f1_0 
            on f1_0.id=p1_0.funder_id 
    where
        f1_0.id=?
2026-08-13T09:44:17.532+05:30 DEBUG 492470 --- [demo] [nio-8081-exec-5] o.s.security.web.FilterChainProxy        : Securing POST /api/v1/auth/login
2026-08-13T09:44:17.532+05:30 DEBUG 492470 --- [demo] [nio-8081-exec-5] o.s.s.w.a.AnonymousAuthenticationFilter  : Set SecurityContextHolder to anonymous SecurityContext
2026-08-13T09:44:17.532+05:30 DEBUG 492470 --- [demo] [nio-8081-exec-5] o.s.security.web.FilterChainProxy        : Secured POST /api/v1/auth/login
Hibernate: 
    select
        u1_0.id,
        u1_0.created_at,
        u1_0.email,
        u1_0.full_name,
        u1_0.is_verified,
        u1_0.password_hash,
        u1_0.phone,
        u1_0.role,
        u1_0.updated_at 
    from
        users u1_0 
    where
        u1_0.email=?
2026-08-13T09:44:17.609+05:30 DEBUG 492470 --- [demo] [nio-8081-exec-5] o.s.s.a.dao.DaoAuthenticationProvider    : Failed to authenticate since password does not match stored value
2026-08-13T09:44:17.610+05:30 ERROR 492470 --- [demo] [nio-8081-exec-5] c.t.backend.security.AuthEntryPointJwt   : Unauthorized error: Bad credentials
2026-08-13T09:44:17.610+05:30 DEBUG 492470 --- [demo] [nio-8081-exec-5] o.s.security.web.FilterChainProxy        : Securing POST /error
2026-08-13T09:44:17.610+05:30 DEBUG 492470 --- [demo] [nio-8081-exec-5] o.s.s.w.a.AnonymousAuthenticationFilter  : Set SecurityContextHolder to anonymous SecurityContext
2026-08-13T09:44:17.610+05:30 ERROR 492470 --- [demo] [nio-8081-exec-5] c.t.backend.security.AuthEntryPointJwt   : Unauthorized error: Full authentication is required to access this resource
2026-08-13T09:44:17.632+05:30 DEBUG 492470 --- [demo] [nio-8081-exec-2] o.s.security.web.FilterChainProxy        : Securing POST /api/v1/auth/login
2026-08-13T09:44:17.632+05:30 DEBUG 492470 --- [demo] [nio-8081-exec-2] o.s.s.w.a.AnonymousAuthenticationFilter  : Set SecurityContextHolder to anonymous SecurityContext
2026-08-13T09:44:17.632+05:30 DEBUG 492470 --- [demo] [nio-8081-exec-2] o.s.security.web.FilterChainProxy        : Secured POST /api/v1/auth/login
Hibernate: 
    select
        u1_0.id,
        u1_0.created_at,
        u1_0.email,
        u1_0.full_name,
        u1_0.is_verified,
        u1_0.password_hash,
        u1_0.phone,
        u1_0.role,
        u1_0.updated_at 
    from
        users u1_0 
    where
        u1_0.email=?
2026-08-13T09:44:17.713+05:30 DEBUG 492470 --- [demo] [nio-8081-exec-2] o.s.s.a.dao.DaoAuthenticationProvider    : Authenticated user
2026-08-13T09:44:17.729+05:30 DEBUG 492470 --- [demo] [nio-8081-exec-7] o.s.security.web.FilterChainProxy        : Securing POST /api/v1/auth/login
2026-08-13T09:44:17.729+05:30 DEBUG 492470 --- [demo] [nio-8081-exec-7] o.s.s.w.a.AnonymousAuthenticationFilter  : Set SecurityContextHolder to anonymous SecurityContext
2026-08-13T09:44:17.729+05:30 DEBUG 492470 --- [demo] [nio-8081-exec-7] o.s.security.web.FilterChainProxy        : Secured POST /api/v1/auth/login
Hibernate: 
    select
        u1_0.id,
        u1_0.created_at,
        u1_0.email,
        u1_0.full_name,
        u1_0.is_verified,
        u1_0.password_hash,
        u1_0.phone,
        u1_0.role,
        u1_0.updated_at 
    from
        users u1_0 
    where
        u1_0.email=?
2026-08-13T09:44:17.812+05:30 DEBUG 492470 --- [demo] [nio-8081-exec-7] o.s.s.a.dao.DaoAuthenticationProvider    : Failed to authenticate since password does not match stored value
2026-08-13T09:44:17.813+05:30 ERROR 492470 --- [demo] [nio-8081-exec-7] c.t.backend.security.AuthEntryPointJwt   : Unauthorized error: Bad credentials
2026-08-13T09:44:17.813+05:30 DEBUG 492470 --- [demo] [nio-8081-exec-7] o.s.security.web.FilterChainProxy        : Securing POST /error
2026-08-13T09:44:17.813+05:30 DEBUG 492470 --- [demo] [nio-8081-exec-7] o.s.s.w.a.AnonymousAuthenticationFilter  : Set SecurityContextHolder to anonymous SecurityContext
2026-08-13T09:44:17.813+05:30 ERROR 492470 --- [demo] [nio-8081-exec-7] c.t.backend.security.AuthEntryPointJwt   : Unauthorized error: Full authentication is required to access this resource
2026-08-13T09:45:05.565+05:30 DEBUG 492470 --- [demo] [nio-8081-exec-3] o.s.security.web.FilterChainProxy        : Securing POST /api/v1/auth/login
2026-08-13T09:45:05.565+05:30 DEBUG 492470 --- [demo] [nio-8081-exec-3] o.s.s.w.a.AnonymousAuthenticationFilter  : Set SecurityContextHolder to anonymous SecurityContext
2026-08-13T09:45:05.565+05:30 DEBUG 492470 --- [demo] [nio-8081-exec-3] o.s.security.web.FilterChainProxy        : Secured POST /api/v1/auth/login
Hibernate: 
    select
        u1_0.id,
        u1_0.created_at,
        u1_0.email,
        u1_0.full_name,
        u1_0.is_verified,
        u1_0.password_hash,
        u1_0.phone,
        u1_0.role,
        u1_0.updated_at 
    from
        users u1_0 
    where
        u1_0.email=?
2026-08-13T09:45:05.649+05:30 DEBUG 492470 --- [demo] [nio-8081-exec-3] o.s.s.a.dao.DaoAuthenticationProvider    : Authenticated user
2026-08-13T09:45:05.660+05:30 DEBUG 492470 --- [demo] [nio-8081-exec-1] o.s.security.web.FilterChainProxy        : Securing GET /api/v1/projects
Hibernate: 
    select
        u1_0.id,
        u1_0.created_at,
        u1_0.email,
        u1_0.full_name,
        u1_0.is_verified,
        u1_0.password_hash,
        u1_0.phone,
        u1_0.role,
        u1_0.updated_at 
    from
        users u1_0 
    where
        u1_0.email=?
2026-08-13T09:45:05.665+05:30 DEBUG 492470 --- [demo] [nio-8081-exec-1] o.s.security.web.FilterChainProxy        : Secured GET /api/v1/projects
Hibernate: 
    select
        p1_0.id,
        p1_0.created_at,
        p1_0.description,
        p1_0.expected_beneficiaries,
        p1_0.funder_id,
        p1_0.geography,
        p1_0.impact_kpi,
        p1_0.latitude,
        p1_0.longitude,
        p1_0.ngo_id,
        p1_0.project_duration,
        p1_0.sdg_goal,
        p1_0.sdg_target,
        p1_0.status,
        p1_0.title,
        p1_0.total_budget 
    from
        projects p1_0
2026-08-13T09:45:05.680+05:30 DEBUG 492470 --- [demo] [nio-8081-exec-6] o.s.security.web.FilterChainProxy        : Securing GET /api/org/projects
Hibernate: 
    select
        u1_0.id,
        u1_0.created_at,
        u1_0.email,
        u1_0.full_name,
        u1_0.is_verified,
        u1_0.password_hash,
        u1_0.phone,
        u1_0.role,
        u1_0.updated_at 
    from
        users u1_0 
    where
        u1_0.email=?
2026-08-13T09:45:05.687+05:30 DEBUG 492470 --- [demo] [nio-8081-exec-6] o.s.security.web.FilterChainProxy        : Secured GET /api/org/projects
2026-08-13T09:45:05.688+05:30 DEBUG 492470 --- [demo] [nio-8081-exec-6] horizationManagerBeforeMethodInterceptor : Authorizing method invocation ReflectiveMethodInvocation: public org.springframework.http.ResponseEntity com.transparencychain.backend.controller.OrgProjectController.browseProjects(com.transparencychain.backend.model.Project$SdgGoal,java.lang.String,java.math.BigDecimal,java.math.BigDecimal); target is of class [com.transparencychain.backend.controller.OrgProjectController]
2026-08-13T09:45:05.690+05:30 DEBUG 492470 --- [demo] [nio-8081-exec-6] horizationManagerBeforeMethodInterceptor : Failed to authorize ReflectiveMethodInvocation: public org.springframework.http.ResponseEntity com.transparencychain.backend.controller.OrgProjectController.browseProjects(com.transparencychain.backend.model.Project$SdgGoal,java.lang.String,java.math.BigDecimal,java.math.BigDecimal); target is of class [com.transparencychain.backend.controller.OrgProjectController] with authorization manager org.springframework.security.config.annotation.method.configuration.DeferringObservationAuthorizationManager@72425652 and decision ExpressionAuthorizationDecision [granted=false, expressionAttribute=hasRole('FUNDER')]
2026-08-13T09:45:05.691+05:30 DEBUG 492470 --- [demo] [nio-8081-exec-6] o.s.s.w.access.AccessDeniedHandlerImpl   : Responding with 403 status code
2026-08-13T09:45:05.692+05:30 DEBUG 492470 --- [demo] [nio-8081-exec-6] o.s.security.web.FilterChainProxy        : Securing GET /error
2026-08-13T09:45:05.692+05:30 DEBUG 492470 --- [demo] [nio-8081-exec-6] o.s.s.w.a.AnonymousAuthenticationFilter  : Set SecurityContextHolder to anonymous SecurityContext
2026-08-13T09:45:05.692+05:30 ERROR 492470 --- [demo] [nio-8081-exec-6] c.t.backend.security.AuthEntryPointJwt   : Unauthorized error: Full authentication is required to access this resource
2026-08-13T09:45:05.714+05:30 DEBUG 492470 --- [demo] [io-8081-exec-10] o.s.security.web.FilterChainProxy        : Securing POST /api/v1/auth/login
2026-08-13T09:45:05.715+05:30 DEBUG 492470 --- [demo] [io-8081-exec-10] o.s.s.w.a.AnonymousAuthenticationFilter  : Set SecurityContextHolder to anonymous SecurityContext
2026-08-13T09:45:05.715+05:30 DEBUG 492470 --- [demo] [io-8081-exec-10] o.s.security.web.FilterChainProxy        : Secured POST /api/v1/auth/login
Hibernate: 
    select
        u1_0.id,
        u1_0.created_at,
        u1_0.email,
        u1_0.full_name,
        u1_0.is_verified,
        u1_0.password_hash,
        u1_0.phone,
        u1_0.role,
        u1_0.updated_at 
    from
        users u1_0 
    where
        u1_0.email=?
2026-08-13T09:45:05.793+05:30 DEBUG 492470 --- [demo] [io-8081-exec-10] o.s.s.a.dao.DaoAuthenticationProvider    : Authenticated user
2026-08-13T09:45:05.807+05:30 DEBUG 492470 --- [demo] [nio-8081-exec-5] o.s.security.web.FilterChainProxy        : Securing GET /api/org/projects
Hibernate: 
    select
        u1_0.id,
        u1_0.created_at,
        u1_0.email,
        u1_0.full_name,
        u1_0.is_verified,
        u1_0.password_hash,
        u1_0.phone,
        u1_0.role,
        u1_0.updated_at 
    from
        users u1_0 
    where
        u1_0.email=?
2026-08-13T09:45:05.810+05:30 DEBUG 492470 --- [demo] [nio-8081-exec-5] o.s.security.web.FilterChainProxy        : Secured GET /api/org/projects
2026-08-13T09:45:05.811+05:30 DEBUG 492470 --- [demo] [nio-8081-exec-5] horizationManagerBeforeMethodInterceptor : Authorizing method invocation ReflectiveMethodInvocation: public org.springframework.http.ResponseEntity com.transparencychain.backend.controller.OrgProjectController.browseProjects(com.transparencychain.backend.model.Project$SdgGoal,java.lang.String,java.math.BigDecimal,java.math.BigDecimal); target is of class [com.transparencychain.backend.controller.OrgProjectController]
2026-08-13T09:45:05.811+05:30 DEBUG 492470 --- [demo] [nio-8081-exec-5] horizationManagerBeforeMethodInterceptor : Authorized method invocation ReflectiveMethodInvocation: public org.springframework.http.ResponseEntity com.transparencychain.backend.controller.OrgProjectController.browseProjects(com.transparencychain.backend.model.Project$SdgGoal,java.lang.String,java.math.BigDecimal,java.math.BigDecimal); target is of class [com.transparencychain.backend.controller.OrgProjectController]
Hibernate: 
    select
        fp1_0.id,
        fp1_0.cin_number,
        fp1_0.org_name,
        fp1_0.org_type,
        fp1_0.total_donated,
        fp1_0.user_id 
    from
        funder_profiles fp1_0 
    left join
        users u1_0 
            on u1_0.id=fp1_0.user_id 
    where
        u1_0.id=?
Hibernate: 
    select
        p1_0.id,
        p1_0.created_at,
        p1_0.description,
        p1_0.expected_beneficiaries,
        p1_0.funder_id,
        p1_0.geography,
        p1_0.impact_kpi,
        p1_0.latitude,
        p1_0.longitude,
        p1_0.ngo_id,
        p1_0.project_duration,
        p1_0.sdg_goal,
        p1_0.sdg_target,
        p1_0.status,
        p1_0.title,
        p1_0.total_budget 
    from
        projects p1_0 
    where
        p1_0.status in ('PUBLISHED', 'SUBMITTED', 'DRAFT', 'UNDER_REVIEW', 'APPROVED', 'FUNDED', 'ESCROWED', 'ACTIVE', 'IN_PROGRESS') 
        and (
            ? is null 
            or p1_0.sdg_goal=?
        ) 
        and (
            ? is null 
            or lower(p1_0.geography) like replace(lower(concat('%', ?, '%')), '\\', '\\\\')
        ) 
        and (
            ? is null 
            or p1_0.total_budget>=?
        ) 
        and (
            ? is null 
            or p1_0.total_budget<=?
        ) 
    order by
        p1_0.created_at desc
Hibernate: 
    select
        ope1_0.id,
        ope1_0.committed_at,
        ope1_0.funder_id,
        ope1_0.project_id,
        ope1_0.status,
        ope1_0.viewed_at 
    from
        org_project_engagements ope1_0 
    left join
        funder_profiles f1_0 
            on f1_0.id=ope1_0.funder_id 
    where
        f1_0.id=?
Hibernate: 
    select
        np1_0.id,
        np1_0.auditor_membership_number,
        np1_0.auditor_name,
        np1_0.authorized_signatory_designation,
        np1_0.authorized_signatory_name,
        np1_0.authorized_signatory_pan,
        np1_0.bank_account_name,
        np1_0.bank_account_number_encrypted,
        np1_0.contact_email,
        np1_0.contact_phone,
        np1_0.csr1registration_number,
        np1_0.darpan_id,
        np1_0.date_of_establishment,
        np1_0.fcra_number,
        np1_0.focus_sdg_goals,
        np1_0.gstin,
        np1_0.ifsc_code,
        np1_0.latitude,
        np1_0.longitude,
        np1_0.operational_states,
        np1_0.org_name,
        np1_0.pan_number,
        np1_0.reg12a_number,
        np1_0.reg80g_number,
        np1_0.registered_address,
        np1_0.registration_number,
        np1_0.registration_type,
        np1_0.trust_score,
        np1_0.user_id,
        np1_0.verification_status,
        np1_0.verified_at,
        np1_0.website 
    from
        ngo_profiles np1_0 
    where
        np1_0.id=?
2026-08-13T09:46:57.405+05:30 DEBUG 492470 --- [demo] [nio-8081-exec-2] o.s.security.web.FilterChainProxy        : Securing OPTIONS /api/v1/ngos/verified
2026-08-13T09:46:57.405+05:30 DEBUG 492470 --- [demo] [nio-8081-exec-8] o.s.security.web.FilterChainProxy        : Securing OPTIONS /api/v1/ngos/verified
2026-08-13T09:46:57.409+05:30 DEBUG 492470 --- [demo] [nio-8081-exec-7] o.s.security.web.FilterChainProxy        : Securing GET /api/v1/ngos/verified
Hibernate: 
    select
        u1_0.id,
        u1_0.created_at,
        u1_0.email,
        u1_0.full_name,
        u1_0.is_verified,
        u1_0.password_hash,
        u1_0.phone,
        u1_0.role,
        u1_0.updated_at 
    from
        users u1_0 
    where
        u1_0.email=?
2026-08-13T09:46:57.413+05:30 DEBUG 492470 --- [demo] [nio-8081-exec-7] o.s.security.web.FilterChainProxy        : Secured GET /api/v1/ngos/verified
Hibernate: 
    select
        np1_0.id,
        np1_0.auditor_membership_number,
        np1_0.auditor_name,
        np1_0.authorized_signatory_designation,
        np1_0.authorized_signatory_name,
        np1_0.authorized_signatory_pan,
        np1_0.bank_account_name,
        np1_0.bank_account_number_encrypted,
        np1_0.contact_email,
        np1_0.contact_phone,
        np1_0.csr1registration_number,
        np1_0.darpan_id,
        np1_0.date_of_establishment,
        np1_0.fcra_number,
        np1_0.focus_sdg_goals,
        np1_0.gstin,
        np1_0.ifsc_code,
        np1_0.latitude,
        np1_0.longitude,
        np1_0.operational_states,
        np1_0.org_name,
        np1_0.pan_number,
        np1_0.reg12a_number,
        np1_0.reg80g_number,
        np1_0.registered_address,
        np1_0.registration_number,
        np1_0.registration_type,
        np1_0.trust_score,
        np1_0.user_id,
        np1_0.verification_status,
        np1_0.verified_at,
        np1_0.website 
    from
        ngo_profiles np1_0
Hibernate: 
    select
        u1_0.id,
        u1_0.created_at,
        u1_0.email,
        u1_0.full_name,
        u1_0.is_verified,
        u1_0.password_hash,
        u1_0.phone,
        u1_0.role,
        u1_0.updated_at 
    from
        users u1_0 
    where
        u1_0.id=?
2026-08-13T09:46:57.420+05:30 ERROR 492470 --- [demo] [nio-8081-exec-7] o.a.c.c.C.[.[.[/].[dispatcherServlet]    : Servlet.service() for servlet [dispatcherServlet] in context with path [] threw exception [Request processing failed: org.springframework.http.converter.HttpMessageConversionException: Type definition error: [simple type, class org.hibernate.proxy.pojo.bytebuddy.ByteBuddyInterceptor]] with root cause

com.fasterxml.jackson.databind.exc.InvalidDefinitionException: No serializer found for class org.hibernate.proxy.pojo.bytebuddy.ByteBuddyInterceptor and no properties discovered to create BeanSerializer (to avoid exception, disable SerializationFeature.FAIL_ON_EMPTY_BEANS) (through reference chain: java.util.ArrayList[0]->com.transparencychain.backend.model.NgoProfile["user"]->com.transparencychain.backend.model.User$HibernateProxy$kzJ01UV1["hibernateLazyInitializer"])
	at com.fasterxml.jackson.databind.exc.InvalidDefinitionException.from(InvalidDefinitionException.java:77) ~[jackson-databind-2.15.4.jar:2.15.4]
	at com.fasterxml.jackson.databind.SerializerProvider.reportBadDefinition(SerializerProvider.java:1308) ~[jackson-databind-2.15.4.jar:2.15.4]
	at com.fasterxml.jackson.databind.DatabindContext.reportBadDefinition(DatabindContext.java:414) ~[jackson-databind-2.15.4.jar:2.15.4]
	at com.fasterxml.jackson.databind.ser.impl.UnknownSerializer.failForEmpty(UnknownSerializer.java:53) ~[jackson-databind-2.15.4.jar:2.15.4]
	at com.fasterxml.jackson.databind.ser.impl.UnknownSerializer.serialize(UnknownSerializer.java:30) ~[jackson-databind-2.15.4.jar:2.15.4]
	at com.fasterxml.jackson.databind.ser.BeanPropertyWriter.serializeAsField(BeanPropertyWriter.java:732) ~[jackson-databind-2.15.4.jar:2.15.4]
	at com.fasterxml.jackson.databind.ser.std.BeanSerializerBase.serializeFields(BeanSerializerBase.java:772) ~[jackson-databind-2.15.4.jar:2.15.4]
	at com.fasterxml.jackson.databind.ser.BeanSerializer.serialize(BeanSerializer.java:178) ~[jackson-databind-2.15.4.jar:2.15.4]
	at com.fasterxml.jackson.databind.ser.BeanPropertyWriter.serializeAsField(BeanPropertyWriter.java:732) ~[jackson-databind-2.15.4.jar:2.15.4]
	at com.fasterxml.jackson.databind.ser.std.BeanSerializerBase.serializeFields(BeanSerializerBase.java:772) ~[jackson-databind-2.15.4.jar:2.15.4]
	at com.fasterxml.jackson.databind.ser.BeanSerializer.serialize(BeanSerializer.java:178) ~[jackson-databind-2.15.4.jar:2.15.4]
	at com.fasterxml.jackson.databind.ser.std.CollectionSerializer.serializeContents(CollectionSerializer.java:145) ~[jackson-databind-2.15.4.jar:2.15.4]
	at com.fasterxml.jackson.databind.ser.std.CollectionSerializer.serialize(CollectionSerializer.java:107) ~[jackson-databind-2.15.4.jar:2.15.4]
	at com.fasterxml.jackson.databind.ser.std.CollectionSerializer.serialize(CollectionSerializer.java:25) ~[jackson-databind-2.15.4.jar:2.15.4]
	at com.fasterxml.jackson.databind.ser.DefaultSerializerProvider._serialize(DefaultSerializerProvider.java:479) ~[jackson-databind-2.15.4.jar:2.15.4]
	at com.fasterxml.jackson.databind.ser.DefaultSerializerProvider.serializeValue(DefaultSerializerProvider.java:399) ~[jackson-databind-2.15.4.jar:2.15.4]
	at com.fasterxml.jackson.databind.ObjectWriter$Prefetch.serialize(ObjectWriter.java:1568) ~[jackson-databind-2.15.4.jar:2.15.4]
	at com.fasterxml.jackson.databind.ObjectWriter.writeValue(ObjectWriter.java:1061) ~[jackson-databind-2.15.4.jar:2.15.4]
	at org.springframework.http.converter.json.AbstractJackson2HttpMessageConverter.writeInternal(AbstractJackson2HttpMessageConverter.java:483) ~[spring-web-6.1.6.jar:6.1.6]
	at org.springframework.http.converter.AbstractGenericHttpMessageConverter.write(AbstractGenericHttpMessageConverter.java:114) ~[spring-web-6.1.6.jar:6.1.6]
	at org.springframework.web.servlet.mvc.method.annotation.AbstractMessageConverterMethodProcessor.writeWithMessageConverters(AbstractMessageConverterMethodProcessor.java:297) ~[spring-webmvc-6.1.6.jar:6.1.6]
	at org.springframework.web.servlet.mvc.method.annotation.HttpEntityMethodProcessor.handleReturnValue(HttpEntityMethodProcessor.java:245) ~[spring-webmvc-6.1.6.jar:6.1.6]
	at org.springframework.web.method.support.HandlerMethodReturnValueHandlerComposite.handleReturnValue(HandlerMethodReturnValueHandlerComposite.java:78) ~[spring-web-6.1.6.jar:6.1.6]
	at org.springframework.web.servlet.mvc.method.annotation.ServletInvocableHandlerMethod.invokeAndHandle(ServletInvocableHandlerMethod.java:136) ~[spring-webmvc-6.1.6.jar:6.1.6]
	at org.springframework.web.servlet.mvc.method.annotation.RequestMappingHandlerAdapter.invokeHandlerMethod(RequestMappingHandlerAdapter.java:926) ~[spring-webmvc-6.1.6.jar:6.1.6]
	at org.springframework.web.servlet.mvc.method.annotation.RequestMappingHandlerAdapter.handleInternal(RequestMappingHandlerAdapter.java:831) ~[spring-webmvc-6.1.6.jar:6.1.6]
	at org.springframework.web.servlet.mvc.method.AbstractHandlerMethodAdapter.handle(AbstractHandlerMethodAdapter.java:87) ~[spring-webmvc-6.1.6.jar:6.1.6]
	at org.springframework.web.servlet.DispatcherServlet.doDispatch(DispatcherServlet.java:1089) ~[spring-webmvc-6.1.6.jar:6.1.6]
	at org.springframework.web.servlet.DispatcherServlet.doService(DispatcherServlet.java:979) ~[spring-webmvc-6.1.6.jar:6.1.6]
	at org.springframework.web.servlet.FrameworkServlet.processRequest(FrameworkServlet.java:1014) ~[spring-webmvc-6.1.6.jar:6.1.6]
	at org.springframework.web.servlet.FrameworkServlet.doGet(FrameworkServlet.java:903) ~[spring-webmvc-6.1.6.jar:6.1.6]
	at jakarta.servlet.http.HttpServlet.service(HttpServlet.java:564) ~[tomcat-embed-core-10.1.20.jar:6.0]
	at org.springframework.web.servlet.FrameworkServlet.service(FrameworkServlet.java:885) ~[spring-webmvc-6.1.6.jar:6.1.6]
	at jakarta.servlet.http.HttpServlet.service(HttpServlet.java:658) ~[tomcat-embed-core-10.1.20.jar:6.0]
	at org.apache.catalina.core.ApplicationFilterChain.internalDoFilter(ApplicationFilterChain.java:206) ~[tomcat-embed-core-10.1.20.jar:10.1.20]
	at org.apache.catalina.core.ApplicationFilterChain.doFilter(ApplicationFilterChain.java:150) ~[tomcat-embed-core-10.1.20.jar:10.1.20]
	at org.apache.tomcat.websocket.server.WsFilter.doFilter(WsFilter.java:51) ~[tomcat-embed-websocket-10.1.20.jar:10.1.20]
	at org.apache.catalina.core.ApplicationFilterChain.internalDoFilter(ApplicationFilterChain.java:175) ~[tomcat-embed-core-10.1.20.jar:10.1.20]
	at org.apache.catalina.core.ApplicationFilterChain.doFilter(ApplicationFilterChain.java:150) ~[tomcat-embed-core-10.1.20.jar:10.1.20]
	at org.springframework.web.filter.OncePerRequestFilter.doFilter(OncePerRequestFilter.java:110) ~[spring-web-6.1.6.jar:6.1.6]
	at org.apache.catalina.core.ApplicationFilterChain.internalDoFilter(ApplicationFilterChain.java:175) ~[tomcat-embed-core-10.1.20.jar:10.1.20]
	at org.apache.catalina.core.ApplicationFilterChain.doFilter(ApplicationFilterChain.java:150) ~[tomcat-embed-core-10.1.20.jar:10.1.20]
	at org.springframework.web.filter.CompositeFilter$VirtualFilterChain.doFilter(CompositeFilter.java:108) ~[spring-web-6.1.6.jar:6.1.6]
	at org.springframework.security.web.FilterChainProxy.lambda$doFilterInternal$3(FilterChainProxy.java:231) ~[spring-security-web-6.2.4.jar:6.2.4]
	at org.springframework.security.web.FilterChainProxy$VirtualFilterChain.doFilter(FilterChainProxy.java:365) ~[spring-security-web-6.2.4.jar:6.2.4]
	at org.springframework.security.web.access.intercept.AuthorizationFilter.doFilter(AuthorizationFilter.java:100) ~[spring-security-web-6.2.4.jar:6.2.4]
	at org.springframework.security.web.FilterChainProxy$VirtualFilterChain.doFilter(FilterChainProxy.java:374) ~[spring-security-web-6.2.4.jar:6.2.4]
	at org.springframework.security.web.access.ExceptionTranslationFilter.doFilter(ExceptionTranslationFilter.java:126) ~[spring-security-web-6.2.4.jar:6.2.4]
	at org.springframework.security.web.access.ExceptionTranslationFilter.doFilter(ExceptionTranslationFilter.java:120) ~[spring-security-web-6.2.4.jar:6.2.4]
	at org.springframework.security.web.FilterChainProxy$VirtualFilterChain.doFilter(FilterChainProxy.java:374) ~[spring-security-web-6.2.4.jar:6.2.4]
	at org.springframework.security.web.session.SessionManagementFilter.doFilter(SessionManagementFilter.java:131) ~[spring-security-web-6.2.4.jar:6.2.4]
	at org.springframework.security.web.session.SessionManagementFilter.doFilter(SessionManagementFilter.java:85) ~[spring-security-web-6.2.4.jar:6.2.4]
	at org.springframework.security.web.FilterChainProxy$VirtualFilterChain.doFilter(FilterChainProxy.java:374) ~[spring-security-web-6.2.4.jar:6.2.4]
	at org.springframework.security.web.authentication.AnonymousAuthenticationFilter.doFilter(AnonymousAuthenticationFilter.java:100) ~[spring-security-web-6.2.4.jar:6.2.4]
	at org.springframework.security.web.FilterChainProxy$VirtualFilterChain.doFilter(FilterChainProxy.java:374) ~[spring-security-web-6.2.4.jar:6.2.4]
	at org.springframework.security.web.servletapi.SecurityContextHolderAwareRequestFilter.doFilter(SecurityContextHolderAwareRequestFilter.java:179) ~[spring-security-web-6.2.4.jar:6.2.4]
	at org.springframework.security.web.FilterChainProxy$VirtualFilterChain.doFilter(FilterChainProxy.java:374) ~[spring-security-web-6.2.4.jar:6.2.4]
	at org.springframework.security.web.savedrequest.RequestCacheAwareFilter.doFilter(RequestCacheAwareFilter.java:63) ~[spring-security-web-6.2.4.jar:6.2.4]
	at org.springframework.security.web.FilterChainProxy$VirtualFilterChain.doFilter(FilterChainProxy.java:374) ~[spring-security-web-6.2.4.jar:6.2.4]
	at com.transparencychain.backend.security.AuthTokenFilter.doFilterInternal(AuthTokenFilter.java:47) ~[classes/:na]
	at org.springframework.web.filter.OncePerRequestFilter.doFilter(OncePerRequestFilter.java:116) ~[spring-web-6.1.6.jar:6.1.6]
	at org.springframework.security.web.FilterChainProxy$VirtualFilterChain.doFilter(FilterChainProxy.java:374) ~[spring-security-web-6.2.4.jar:6.2.4]
	at org.springframework.security.web.authentication.logout.LogoutFilter.doFilter(LogoutFilter.java:107) ~[spring-security-web-6.2.4.jar:6.2.4]
	at org.springframework.security.web.authentication.logout.LogoutFilter.doFilter(LogoutFilter.java:93) ~[spring-security-web-6.2.4.jar:6.2.4]
	at org.springframework.security.web.FilterChainProxy$VirtualFilterChain.doFilter(FilterChainProxy.java:374) ~[spring-security-web-6.2.4.jar:6.2.4]
	at org.springframework.web.filter.CorsFilter.doFilterInternal(CorsFilter.java:91) ~[spring-web-6.1.6.jar:6.1.6]
	at org.springframework.web.filter.OncePerRequestFilter.doFilter(OncePerRequestFilter.java:116) ~[spring-web-6.1.6.jar:6.1.6]
	at org.springframework.security.web.FilterChainProxy$VirtualFilterChain.doFilter(FilterChainProxy.java:374) ~[spring-security-web-6.2.4.jar:6.2.4]
	at org.springframework.security.web.header.HeaderWriterFilter.doHeadersAfter(HeaderWriterFilter.java:90) ~[spring-security-web-6.2.4.jar:6.2.4]
	at org.springframework.security.web.header.HeaderWriterFilter.doFilterInternal(HeaderWriterFilter.java:75) ~[spring-security-web-6.2.4.jar:6.2.4]
	at org.springframework.web.filter.OncePerRequestFilter.doFilter(OncePerRequestFilter.java:116) ~[spring-web-6.1.6.jar:6.1.6]
	at org.springframework.security.web.FilterChainProxy$VirtualFilterChain.doFilter(FilterChainProxy.java:374) ~[spring-security-web-6.2.4.jar:6.2.4]
	at org.springframework.security.web.context.SecurityContextHolderFilter.doFilter(SecurityContextHolderFilter.java:82) ~[spring-security-web-6.2.4.jar:6.2.4]
	at org.springframework.security.web.context.SecurityContextHolderFilter.doFilter(SecurityContextHolderFilter.java:69) ~[spring-security-web-6.2.4.jar:6.2.4]
	at org.springframework.security.web.FilterChainProxy$VirtualFilterChain.doFilter(FilterChainProxy.java:374) ~[spring-security-web-6.2.4.jar:6.2.4]
	at org.springframework.security.web.context.request.async.WebAsyncManagerIntegrationFilter.doFilterInternal(WebAsyncManagerIntegrationFilter.java:62) ~[spring-security-web-6.2.4.jar:6.2.4]
	at org.springframework.web.filter.OncePerRequestFilter.doFilter(OncePerRequestFilter.java:116) ~[spring-web-6.1.6.jar:6.1.6]
	at org.springframework.security.web.FilterChainProxy$VirtualFilterChain.doFilter(FilterChainProxy.java:374) ~[spring-security-web-6.2.4.jar:6.2.4]
	at org.springframework.security.web.session.DisableEncodeUrlFilter.doFilterInternal(DisableEncodeUrlFilter.java:42) ~[spring-security-web-6.2.4.jar:6.2.4]
	at org.springframework.web.filter.OncePerRequestFilter.doFilter(OncePerRequestFilter.java:116) ~[spring-web-6.1.6.jar:6.1.6]
	at org.springframework.security.web.FilterChainProxy$VirtualFilterChain.doFilter(FilterChainProxy.java:374) ~[spring-security-web-6.2.4.jar:6.2.4]
	at org.springframework.security.web.FilterChainProxy.doFilterInternal(FilterChainProxy.java:233) ~[spring-security-web-6.2.4.jar:6.2.4]
	at org.springframework.security.web.FilterChainProxy.doFilter(FilterChainProxy.java:191) ~[spring-security-web-6.2.4.jar:6.2.4]
	at org.springframework.web.filter.CompositeFilter$VirtualFilterChain.doFilter(CompositeFilter.java:113) ~[spring-web-6.1.6.jar:6.1.6]
	at org.springframework.web.servlet.handler.HandlerMappingIntrospector.lambda$createCacheFilter$3(HandlerMappingIntrospector.java:195) ~[spring-webmvc-6.1.6.jar:6.1.6]
	at org.springframework.web.filter.CompositeFilter$VirtualFilterChain.doFilter(CompositeFilter.java:113) ~[spring-web-6.1.6.jar:6.1.6]
	at org.springframework.web.filter.CompositeFilter.doFilter(CompositeFilter.java:74) ~[spring-web-6.1.6.jar:6.1.6]
	at org.springframework.security.config.annotation.web.configuration.WebMvcSecurityConfiguration$CompositeFilterChainProxy.doFilter(WebMvcSecurityConfiguration.java:230) ~[spring-security-config-6.2.4.jar:6.2.4]
	at org.springframework.web.filter.DelegatingFilterProxy.invokeDelegate(DelegatingFilterProxy.java:352) ~[spring-web-6.1.6.jar:6.1.6]
	at org.springframework.web.filter.DelegatingFilterProxy.doFilter(DelegatingFilterProxy.java:268) ~[spring-web-6.1.6.jar:6.1.6]
	at org.apache.catalina.core.ApplicationFilterChain.internalDoFilter(ApplicationFilterChain.java:175) ~[tomcat-embed-core-10.1.20.jar:10.1.20]
	at org.apache.catalina.core.ApplicationFilterChain.doFilter(ApplicationFilterChain.java:150) ~[tomcat-embed-core-10.1.20.jar:10.1.20]
	at org.springframework.web.filter.RequestContextFilter.doFilterInternal(RequestContextFilter.java:100) ~[spring-web-6.1.6.jar:6.1.6]
	at org.springframework.web.filter.OncePerRequestFilter.doFilter(OncePerRequestFilter.java:116) ~[spring-web-6.1.6.jar:6.1.6]
	at org.apache.catalina.core.ApplicationFilterChain.internalDoFilter(ApplicationFilterChain.java:175) ~[tomcat-embed-core-10.1.20.jar:10.1.20]
	at org.apache.catalina.core.ApplicationFilterChain.doFilter(ApplicationFilterChain.java:150) ~[tomcat-embed-core-10.1.20.jar:10.1.20]
	at org.springframework.web.filter.FormContentFilter.doFilterInternal(FormContentFilter.java:93) ~[spring-web-6.1.6.jar:6.1.6]
	at org.springframework.web.filter.OncePerRequestFilter.doFilter(OncePerRequestFilter.java:116) ~[spring-web-6.1.6.jar:6.1.6]
	at org.apache.catalina.core.ApplicationFilterChain.internalDoFilter(ApplicationFilterChain.java:175) ~[tomcat-embed-core-10.1.20.jar:10.1.20]
	at org.apache.catalina.core.ApplicationFilterChain.doFilter(ApplicationFilterChain.java:150) ~[tomcat-embed-core-10.1.20.jar:10.1.20]
	at org.springframework.web.filter.CharacterEncodingFilter.doFilterInternal(CharacterEncodingFilter.java:201) ~[spring-web-6.1.6.jar:6.1.6]
	at org.springframework.web.filter.OncePerRequestFilter.doFilter(OncePerRequestFilter.java:116) ~[spring-web-6.1.6.jar:6.1.6]
	at org.apache.catalina.core.ApplicationFilterChain.internalDoFilter(ApplicationFilterChain.java:175) ~[tomcat-embed-core-10.1.20.jar:10.1.20]
	at org.apache.catalina.core.ApplicationFilterChain.doFilter(ApplicationFilterChain.java:150) ~[tomcat-embed-core-10.1.20.jar:10.1.20]
	at org.apache.catalina.core.StandardWrapperValve.invoke(StandardWrapperValve.java:167) ~[tomcat-embed-core-10.1.20.jar:10.1.20]
	at org.apache.catalina.core.StandardContextValve.invoke(StandardContextValve.java:90) ~[tomcat-embed-core-10.1.20.jar:10.1.20]
	at org.apache.catalina.authenticator.AuthenticatorBase.invoke(AuthenticatorBase.java:482) ~[tomcat-embed-core-10.1.20.jar:10.1.20]
	at org.apache.catalina.core.StandardHostValve.invoke(StandardHostValve.java:115) ~[tomcat-embed-core-10.1.20.jar:10.1.20]
	at org.apache.catalina.valves.ErrorReportValve.invoke(ErrorReportValve.java:93) ~[tomcat-embed-core-10.1.20.jar:10.1.20]
	at org.apache.catalina.core.StandardEngineValve.invoke(StandardEngineValve.java:74) ~[tomcat-embed-core-10.1.20.jar:10.1.20]
	at org.apache.catalina.connector.CoyoteAdapter.service(CoyoteAdapter.java:344) ~[tomcat-embed-core-10.1.20.jar:10.1.20]
	at org.apache.coyote.http11.Http11Processor.service(Http11Processor.java:391) ~[tomcat-embed-core-10.1.20.jar:10.1.20]
	at org.apache.coyote.AbstractProcessorLight.process(AbstractProcessorLight.java:63) ~[tomcat-embed-core-10.1.20.jar:10.1.20]
	at org.apache.coyote.AbstractProtocol$ConnectionHandler.process(AbstractProtocol.java:896) ~[tomcat-embed-core-10.1.20.jar:10.1.20]
	at org.apache.tomcat.util.net.NioEndpoint$SocketProcessor.doRun(NioEndpoint.java:1736) ~[tomcat-embed-core-10.1.20.jar:10.1.20]
	at org.apache.tomcat.util.net.SocketProcessorBase.run(SocketProcessorBase.java:52) ~[tomcat-embed-core-10.1.20.jar:10.1.20]
	at org.apache.tomcat.util.threads.ThreadPoolExecutor.runWorker(ThreadPoolExecutor.java:1191) ~[tomcat-embed-core-10.1.20.jar:10.1.20]
	at org.apache.tomcat.util.threads.ThreadPoolExecutor$Worker.run(ThreadPoolExecutor.java:659) ~[tomcat-embed-core-10.1.20.jar:10.1.20]
	at org.apache.tomcat.util.threads.TaskThread$WrappingRunnable.run(TaskThread.java:63) ~[tomcat-embed-core-10.1.20.jar:10.1.20]
	at java.base/java.lang.Thread.run(Thread.java:1474) ~[na:na]

2026-08-13T09:46:57.422+05:30 DEBUG 492470 --- [demo] [nio-8081-exec-7] o.s.security.web.FilterChainProxy        : Securing GET /error
2026-08-13T09:46:57.423+05:30 DEBUG 492470 --- [demo] [nio-8081-exec-7] o.s.s.w.a.AnonymousAuthenticationFilter  : Set SecurityContextHolder to anonymous SecurityContext
2026-08-13T09:46:57.423+05:30 ERROR 492470 --- [demo] [nio-8081-exec-7] c.t.backend.security.AuthEntryPointJwt   : Unauthorized error: Full authentication is required to access this resource
2026-08-13T09:46:57.427+05:30 DEBUG 492470 --- [demo] [nio-8081-exec-4] o.s.security.web.FilterChainProxy        : Securing GET /api/v1/ngos/verified
Hibernate: 
    select
        u1_0.id,
        u1_0.created_at,
        u1_0.email,
        u1_0.full_name,
        u1_0.is_verified,
        u1_0.password_hash,
        u1_0.phone,
        u1_0.role,
        u1_0.updated_at 
    from
        users u1_0 
    where
        u1_0.email=?
2026-08-13T09:46:57.433+05:30 DEBUG 492470 --- [demo] [nio-8081-exec-4] o.s.security.web.FilterChainProxy        : Secured GET /api/v1/ngos/verified
Hibernate: 
    select
        np1_0.id,
        np1_0.auditor_membership_number,
        np1_0.auditor_name,
        np1_0.authorized_signatory_designation,
        np1_0.authorized_signatory_name,
        np1_0.authorized_signatory_pan,
        np1_0.bank_account_name,
        np1_0.bank_account_number_encrypted,
        np1_0.contact_email,
        np1_0.contact_phone,
        np1_0.csr1registration_number,
        np1_0.darpan_id,
        np1_0.date_of_establishment,
        np1_0.fcra_number,
        np1_0.focus_sdg_goals,
        np1_0.gstin,
        np1_0.ifsc_code,
        np1_0.latitude,
        np1_0.longitude,
        np1_0.operational_states,
        np1_0.org_name,
        np1_0.pan_number,
        np1_0.reg12a_number,
        np1_0.reg80g_number,
        np1_0.registered_address,
        np1_0.registration_number,
        np1_0.registration_type,
        np1_0.trust_score,
        np1_0.user_id,
        np1_0.verification_status,
        np1_0.verified_at,
        np1_0.website 
    from
        ngo_profiles np1_0
Hibernate: 
    select
        u1_0.id,
        u1_0.created_at,
        u1_0.email,
        u1_0.full_name,
        u1_0.is_verified,
        u1_0.password_hash,
        u1_0.phone,
        u1_0.role,
        u1_0.updated_at 
    from
        users u1_0 
    where
        u1_0.id=?
2026-08-13T09:46:57.440+05:30 ERROR 492470 --- [demo] [nio-8081-exec-4] o.a.c.c.C.[.[.[/].[dispatcherServlet]    : Servlet.service() for servlet [dispatcherServlet] in context with path [] threw exception [Request processing failed: org.springframework.http.converter.HttpMessageConversionException: Type definition error: [simple type, class org.hibernate.proxy.pojo.bytebuddy.ByteBuddyInterceptor]] with root cause

com.fasterxml.jackson.databind.exc.InvalidDefinitionException: No serializer found for class org.hibernate.proxy.pojo.bytebuddy.ByteBuddyInterceptor and no properties discovered to create BeanSerializer (to avoid exception, disable SerializationFeature.FAIL_ON_EMPTY_BEANS) (through reference chain: java.util.ArrayList[0]->com.transparencychain.backend.model.NgoProfile["user"]->com.transparencychain.backend.model.User$HibernateProxy$kzJ01UV1["hibernateLazyInitializer"])
	at com.fasterxml.jackson.databind.exc.InvalidDefinitionException.from(InvalidDefinitionException.java:77) ~[jackson-databind-2.15.4.jar:2.15.4]
	at com.fasterxml.jackson.databind.SerializerProvider.reportBadDefinition(SerializerProvider.java:1308) ~[jackson-databind-2.15.4.jar:2.15.4]
	at com.fasterxml.jackson.databind.DatabindContext.reportBadDefinition(DatabindContext.java:414) ~[jackson-databind-2.15.4.jar:2.15.4]
	at com.fasterxml.jackson.databind.ser.impl.UnknownSerializer.failForEmpty(UnknownSerializer.java:53) ~[jackson-databind-2.15.4.jar:2.15.4]
	at com.fasterxml.jackson.databind.ser.impl.UnknownSerializer.serialize(UnknownSerializer.java:30) ~[jackson-databind-2.15.4.jar:2.15.4]
	at com.fasterxml.jackson.databind.ser.BeanPropertyWriter.serializeAsField(BeanPropertyWriter.java:732) ~[jackson-databind-2.15.4.jar:2.15.4]
	at com.fasterxml.jackson.databind.ser.std.BeanSerializerBase.serializeFields(BeanSerializerBase.java:772) ~[jackson-databind-2.15.4.jar:2.15.4]
	at com.fasterxml.jackson.databind.ser.BeanSerializer.serialize(BeanSerializer.java:178) ~[jackson-databind-2.15.4.jar:2.15.4]
	at com.fasterxml.jackson.databind.ser.BeanPropertyWriter.serializeAsField(BeanPropertyWriter.java:732) ~[jackson-databind-2.15.4.jar:2.15.4]
	at com.fasterxml.jackson.databind.ser.std.BeanSerializerBase.serializeFields(BeanSerializerBase.java:772) ~[jackson-databind-2.15.4.jar:2.15.4]
	at com.fasterxml.jackson.databind.ser.BeanSerializer.serialize(BeanSerializer.java:178) ~[jackson-databind-2.15.4.jar:2.15.4]
	at com.fasterxml.jackson.databind.ser.std.CollectionSerializer.serializeContents(CollectionSerializer.java:145) ~[jackson-databind-2.15.4.jar:2.15.4]
	at com.fasterxml.jackson.databind.ser.std.CollectionSerializer.serialize(CollectionSerializer.java:107) ~[jackson-databind-2.15.4.jar:2.15.4]
	at com.fasterxml.jackson.databind.ser.std.CollectionSerializer.serialize(CollectionSerializer.java:25) ~[jackson-databind-2.15.4.jar:2.15.4]
	at com.fasterxml.jackson.databind.ser.DefaultSerializerProvider._serialize(DefaultSerializerProvider.java:479) ~[jackson-databind-2.15.4.jar:2.15.4]
	at com.fasterxml.jackson.databind.ser.DefaultSerializerProvider.serializeValue(DefaultSerializerProvider.java:399) ~[jackson-databind-2.15.4.jar:2.15.4]
	at com.fasterxml.jackson.databind.ObjectWriter$Prefetch.serialize(ObjectWriter.java:1568) ~[jackson-databind-2.15.4.jar:2.15.4]
	at com.fasterxml.jackson.databind.ObjectWriter.writeValue(ObjectWriter.java:1061) ~[jackson-databind-2.15.4.jar:2.15.4]
	at org.springframework.http.converter.json.AbstractJackson2HttpMessageConverter.writeInternal(AbstractJackson2HttpMessageConverter.java:483) ~[spring-web-6.1.6.jar:6.1.6]
	at org.springframework.http.converter.AbstractGenericHttpMessageConverter.write(AbstractGenericHttpMessageConverter.java:114) ~[spring-web-6.1.6.jar:6.1.6]
	at org.springframework.web.servlet.mvc.method.annotation.AbstractMessageConverterMethodProcessor.writeWithMessageConverters(AbstractMessageConverterMethodProcessor.java:297) ~[spring-webmvc-6.1.6.jar:6.1.6]
	at org.springframework.web.servlet.mvc.method.annotation.HttpEntityMethodProcessor.handleReturnValue(HttpEntityMethodProcessor.java:245) ~[spring-webmvc-6.1.6.jar:6.1.6]
	at org.springframework.web.method.support.HandlerMethodReturnValueHandlerComposite.handleReturnValue(HandlerMethodReturnValueHandlerComposite.java:78) ~[spring-web-6.1.6.jar:6.1.6]
	at org.springframework.web.servlet.mvc.method.annotation.ServletInvocableHandlerMethod.invokeAndHandle(ServletInvocableHandlerMethod.java:136) ~[spring-webmvc-6.1.6.jar:6.1.6]
	at org.springframework.web.servlet.mvc.method.annotation.RequestMappingHandlerAdapter.invokeHandlerMethod(RequestMappingHandlerAdapter.java:926) ~[spring-webmvc-6.1.6.jar:6.1.6]
	at org.springframework.web.servlet.mvc.method.annotation.RequestMappingHandlerAdapter.handleInternal(RequestMappingHandlerAdapter.java:831) ~[spring-webmvc-6.1.6.jar:6.1.6]
	at org.springframework.web.servlet.mvc.method.AbstractHandlerMethodAdapter.handle(AbstractHandlerMethodAdapter.java:87) ~[spring-webmvc-6.1.6.jar:6.1.6]
	at org.springframework.web.servlet.DispatcherServlet.doDispatch(DispatcherServlet.java:1089) ~[spring-webmvc-6.1.6.jar:6.1.6]
	at org.springframework.web.servlet.DispatcherServlet.doService(DispatcherServlet.java:979) ~[spring-webmvc-6.1.6.jar:6.1.6]
	at org.springframework.web.servlet.FrameworkServlet.processRequest(FrameworkServlet.java:1014) ~[spring-webmvc-6.1.6.jar:6.1.6]
	at org.springframework.web.servlet.FrameworkServlet.doGet(FrameworkServlet.java:903) ~[spring-webmvc-6.1.6.jar:6.1.6]
	at jakarta.servlet.http.HttpServlet.service(HttpServlet.java:564) ~[tomcat-embed-core-10.1.20.jar:6.0]
	at org.springframework.web.servlet.FrameworkServlet.service(FrameworkServlet.java:885) ~[spring-webmvc-6.1.6.jar:6.1.6]
	at jakarta.servlet.http.HttpServlet.service(HttpServlet.java:658) ~[tomcat-embed-core-10.1.20.jar:6.0]
	at org.apache.catalina.core.ApplicationFilterChain.internalDoFilter(ApplicationFilterChain.java:206) ~[tomcat-embed-core-10.1.20.jar:10.1.20]
	at org.apache.catalina.core.ApplicationFilterChain.doFilter(ApplicationFilterChain.java:150) ~[tomcat-embed-core-10.1.20.jar:10.1.20]
	at org.apache.tomcat.websocket.server.WsFilter.doFilter(WsFilter.java:51) ~[tomcat-embed-websocket-10.1.20.jar:10.1.20]
	at org.apache.catalina.core.ApplicationFilterChain.internalDoFilter(ApplicationFilterChain.java:175) ~[tomcat-embed-core-10.1.20.jar:10.1.20]
	at org.apache.catalina.core.ApplicationFilterChain.doFilter(ApplicationFilterChain.java:150) ~[tomcat-embed-core-10.1.20.jar:10.1.20]
	at org.springframework.web.filter.OncePerRequestFilter.doFilter(OncePerRequestFilter.java:110) ~[spring-web-6.1.6.jar:6.1.6]
	at org.apache.catalina.core.ApplicationFilterChain.internalDoFilter(ApplicationFilterChain.java:175) ~[tomcat-embed-core-10.1.20.jar:10.1.20]
	at org.apache.catalina.core.ApplicationFilterChain.doFilter(ApplicationFilterChain.java:150) ~[tomcat-embed-core-10.1.20.jar:10.1.20]
	at org.springframework.web.filter.CompositeFilter$VirtualFilterChain.doFilter(CompositeFilter.java:108) ~[spring-web-6.1.6.jar:6.1.6]
	at org.springframework.security.web.FilterChainProxy.lambda$doFilterInternal$3(FilterChainProxy.java:231) ~[spring-security-web-6.2.4.jar:6.2.4]
	at org.springframework.security.web.FilterChainProxy$VirtualFilterChain.doFilter(FilterChainProxy.java:365) ~[spring-security-web-6.2.4.jar:6.2.4]
	at org.springframework.security.web.access.intercept.AuthorizationFilter.doFilter(AuthorizationFilter.java:100) ~[spring-security-web-6.2.4.jar:6.2.4]
	at org.springframework.security.web.FilterChainProxy$VirtualFilterChain.doFilter(FilterChainProxy.java:374) ~[spring-security-web-6.2.4.jar:6.2.4]
	at org.springframework.security.web.access.ExceptionTranslationFilter.doFilter(ExceptionTranslationFilter.java:126) ~[spring-security-web-6.2.4.jar:6.2.4]
	at org.springframework.security.web.access.ExceptionTranslationFilter.doFilter(ExceptionTranslationFilter.java:120) ~[spring-security-web-6.2.4.jar:6.2.4]
	at org.springframework.security.web.FilterChainProxy$VirtualFilterChain.doFilter(FilterChainProxy.java:374) ~[spring-security-web-6.2.4.jar:6.2.4]
	at org.springframework.security.web.session.SessionManagementFilter.doFilter(SessionManagementFilter.java:131) ~[spring-security-web-6.2.4.jar:6.2.4]
	at org.springframework.security.web.session.SessionManagementFilter.doFilter(SessionManagementFilter.java:85) ~[spring-security-web-6.2.4.jar:6.2.4]
	at org.springframework.security.web.FilterChainProxy$VirtualFilterChain.doFilter(FilterChainProxy.java:374) ~[spring-security-web-6.2.4.jar:6.2.4]
	at org.springframework.security.web.authentication.AnonymousAuthenticationFilter.doFilter(AnonymousAuthenticationFilter.java:100) ~[spring-security-web-6.2.4.jar:6.2.4]
	at org.springframework.security.web.FilterChainProxy$VirtualFilterChain.doFilter(FilterChainProxy.java:374) ~[spring-security-web-6.2.4.jar:6.2.4]
	at org.springframework.security.web.servletapi.SecurityContextHolderAwareRequestFilter.doFilter(SecurityContextHolderAwareRequestFilter.java:179) ~[spring-security-web-6.2.4.jar:6.2.4]
	at org.springframework.security.web.FilterChainProxy$VirtualFilterChain.doFilter(FilterChainProxy.java:374) ~[spring-security-web-6.2.4.jar:6.2.4]
	at org.springframework.security.web.savedrequest.RequestCacheAwareFilter.doFilter(RequestCacheAwareFilter.java:63) ~[spring-security-web-6.2.4.jar:6.2.4]
	at org.springframework.security.web.FilterChainProxy$VirtualFilterChain.doFilter(FilterChainProxy.java:374) ~[spring-security-web-6.2.4.jar:6.2.4]
	at com.transparencychain.backend.security.AuthTokenFilter.doFilterInternal(AuthTokenFilter.java:47) ~[classes/:na]
	at org.springframework.web.filter.OncePerRequestFilter.doFilter(OncePerRequestFilter.java:116) ~[spring-web-6.1.6.jar:6.1.6]
	at org.springframework.security.web.FilterChainProxy$VirtualFilterChain.doFilter(FilterChainProxy.java:374) ~[spring-security-web-6.2.4.jar:6.2.4]
	at org.springframework.security.web.authentication.logout.LogoutFilter.doFilter(LogoutFilter.java:107) ~[spring-security-web-6.2.4.jar:6.2.4]
	at org.springframework.security.web.authentication.logout.LogoutFilter.doFilter(LogoutFilter.java:93) ~[spring-security-web-6.2.4.jar:6.2.4]
	at org.springframework.security.web.FilterChainProxy$VirtualFilterChain.doFilter(FilterChainProxy.java:374) ~[spring-security-web-6.2.4.jar:6.2.4]
	at org.springframework.web.filter.CorsFilter.doFilterInternal(CorsFilter.java:91) ~[spring-web-6.1.6.jar:6.1.6]
	at org.springframework.web.filter.OncePerRequestFilter.doFilter(OncePerRequestFilter.java:116) ~[spring-web-6.1.6.jar:6.1.6]
	at org.springframework.security.web.FilterChainProxy$VirtualFilterChain.doFilter(FilterChainProxy.java:374) ~[spring-security-web-6.2.4.jar:6.2.4]
	at org.springframework.security.web.header.HeaderWriterFilter.doHeadersAfter(HeaderWriterFilter.java:90) ~[spring-security-web-6.2.4.jar:6.2.4]
	at org.springframework.security.web.header.HeaderWriterFilter.doFilterInternal(HeaderWriterFilter.java:75) ~[spring-security-web-6.2.4.jar:6.2.4]
	at org.springframework.web.filter.OncePerRequestFilter.doFilter(OncePerRequestFilter.java:116) ~[spring-web-6.1.6.jar:6.1.6]
	at org.springframework.security.web.FilterChainProxy$VirtualFilterChain.doFilter(FilterChainProxy.java:374) ~[spring-security-web-6.2.4.jar:6.2.4]
	at org.springframework.security.web.context.SecurityContextHolderFilter.doFilter(SecurityContextHolderFilter.java:82) ~[spring-security-web-6.2.4.jar:6.2.4]
	at org.springframework.security.web.context.SecurityContextHolderFilter.doFilter(SecurityContextHolderFilter.java:69) ~[spring-security-web-6.2.4.jar:6.2.4]
	at org.springframework.security.web.FilterChainProxy$VirtualFilterChain.doFilter(FilterChainProxy.java:374) ~[spring-security-web-6.2.4.jar:6.2.4]
	at org.springframework.security.web.context.request.async.WebAsyncManagerIntegrationFilter.doFilterInternal(WebAsyncManagerIntegrationFilter.java:62) ~[spring-security-web-6.2.4.jar:6.2.4]
	at org.springframework.web.filter.OncePerRequestFilter.doFilter(OncePerRequestFilter.java:116) ~[spring-web-6.1.6.jar:6.1.6]
	at org.springframework.security.web.FilterChainProxy$VirtualFilterChain.doFilter(FilterChainProxy.java:374) ~[spring-security-web-6.2.4.jar:6.2.4]
	at org.springframework.security.web.session.DisableEncodeUrlFilter.doFilterInternal(DisableEncodeUrlFilter.java:42) ~[spring-security-web-6.2.4.jar:6.2.4]
	at org.springframework.web.filter.OncePerRequestFilter.doFilter(OncePerRequestFilter.java:116) ~[spring-web-6.1.6.jar:6.1.6]
	at org.springframework.security.web.FilterChainProxy$VirtualFilterChain.doFilter(FilterChainProxy.java:374) ~[spring-security-web-6.2.4.jar:6.2.4]
	at org.springframework.security.web.FilterChainProxy.doFilterInternal(FilterChainProxy.java:233) ~[spring-security-web-6.2.4.jar:6.2.4]
	at org.springframework.security.web.FilterChainProxy.doFilter(FilterChainProxy.java:191) ~[spring-security-web-6.2.4.jar:6.2.4]
	at org.springframework.web.filter.CompositeFilter$VirtualFilterChain.doFilter(CompositeFilter.java:113) ~[spring-web-6.1.6.jar:6.1.6]
	at org.springframework.web.servlet.handler.HandlerMappingIntrospector.lambda$createCacheFilter$3(HandlerMappingIntrospector.java:195) ~[spring-webmvc-6.1.6.jar:6.1.6]
	at org.springframework.web.filter.CompositeFilter$VirtualFilterChain.doFilter(CompositeFilter.java:113) ~[spring-web-6.1.6.jar:6.1.6]
	at org.springframework.web.filter.CompositeFilter.doFilter(CompositeFilter.java:74) ~[spring-web-6.1.6.jar:6.1.6]
	at org.springframework.security.config.annotation.web.configuration.WebMvcSecurityConfiguration$CompositeFilterChainProxy.doFilter(WebMvcSecurityConfiguration.java:230) ~[spring-security-config-6.2.4.jar:6.2.4]
	at org.springframework.web.filter.DelegatingFilterProxy.invokeDelegate(DelegatingFilterProxy.java:352) ~[spring-web-6.1.6.jar:6.1.6]
	at org.springframework.web.filter.DelegatingFilterProxy.doFilter(DelegatingFilterProxy.java:268) ~[spring-web-6.1.6.jar:6.1.6]
	at org.apache.catalina.core.ApplicationFilterChain.internalDoFilter(ApplicationFilterChain.java:175) ~[tomcat-embed-core-10.1.20.jar:10.1.20]
	at org.apache.catalina.core.ApplicationFilterChain.doFilter(ApplicationFilterChain.java:150) ~[tomcat-embed-core-10.1.20.jar:10.1.20]
	at org.springframework.web.filter.RequestContextFilter.doFilterInternal(RequestContextFilter.java:100) ~[spring-web-6.1.6.jar:6.1.6]
	at org.springframework.web.filter.OncePerRequestFilter.doFilter(OncePerRequestFilter.java:116) ~[spring-web-6.1.6.jar:6.1.6]
	at org.apache.catalina.core.ApplicationFilterChain.internalDoFilter(ApplicationFilterChain.java:175) ~[tomcat-embed-core-10.1.20.jar:10.1.20]
	at org.apache.catalina.core.ApplicationFilterChain.doFilter(ApplicationFilterChain.java:150) ~[tomcat-embed-core-10.1.20.jar:10.1.20]
	at org.springframework.web.filter.FormContentFilter.doFilterInternal(FormContentFilter.java:93) ~[spring-web-6.1.6.jar:6.1.6]
	at org.springframework.web.filter.OncePerRequestFilter.doFilter(OncePerRequestFilter.java:116) ~[spring-web-6.1.6.jar:6.1.6]
	at org.apache.catalina.core.ApplicationFilterChain.internalDoFilter(ApplicationFilterChain.java:175) ~[tomcat-embed-core-10.1.20.jar:10.1.20]
	at org.apache.catalina.core.ApplicationFilterChain.doFilter(ApplicationFilterChain.java:150) ~[tomcat-embed-core-10.1.20.jar:10.1.20]
	at org.springframework.web.filter.CharacterEncodingFilter.doFilterInternal(CharacterEncodingFilter.java:201) ~[spring-web-6.1.6.jar:6.1.6]
	at org.springframework.web.filter.OncePerRequestFilter.doFilter(OncePerRequestFilter.java:116) ~[spring-web-6.1.6.jar:6.1.6]
	at org.apache.catalina.core.ApplicationFilterChain.internalDoFilter(ApplicationFilterChain.java:175) ~[tomcat-embed-core-10.1.20.jar:10.1.20]
	at org.apache.catalina.core.ApplicationFilterChain.doFilter(ApplicationFilterChain.java:150) ~[tomcat-embed-core-10.1.20.jar:10.1.20]
	at org.apache.catalina.core.StandardWrapperValve.invoke(StandardWrapperValve.java:167) ~[tomcat-embed-core-10.1.20.jar:10.1.20]
	at org.apache.catalina.core.StandardContextValve.invoke(StandardContextValve.java:90) ~[tomcat-embed-core-10.1.20.jar:10.1.20]
	at org.apache.catalina.authenticator.AuthenticatorBase.invoke(AuthenticatorBase.java:482) ~[tomcat-embed-core-10.1.20.jar:10.1.20]
	at org.apache.catalina.core.StandardHostValve.invoke(StandardHostValve.java:115) ~[tomcat-embed-core-10.1.20.jar:10.1.20]
	at org.apache.catalina.valves.ErrorReportValve.invoke(ErrorReportValve.java:93) ~[tomcat-embed-core-10.1.20.jar:10.1.20]
	at org.apache.catalina.core.StandardEngineValve.invoke(StandardEngineValve.java:74) ~[tomcat-embed-core-10.1.20.jar:10.1.20]
	at org.apache.catalina.connector.CoyoteAdapter.service(CoyoteAdapter.java:344) ~[tomcat-embed-core-10.1.20.jar:10.1.20]
	at org.apache.coyote.http11.Http11Processor.service(Http11Processor.java:391) ~[tomcat-embed-core-10.1.20.jar:10.1.20]
	at org.apache.coyote.AbstractProcessorLight.process(AbstractProcessorLight.java:63) ~[tomcat-embed-core-10.1.20.jar:10.1.20]
	at org.apache.coyote.AbstractProtocol$ConnectionHandler.process(AbstractProtocol.java:896) ~[tomcat-embed-core-10.1.20.jar:10.1.20]
	at org.apache.tomcat.util.net.NioEndpoint$SocketProcessor.doRun(NioEndpoint.java:1736) ~[tomcat-embed-core-10.1.20.jar:10.1.20]
	at org.apache.tomcat.util.net.SocketProcessorBase.run(SocketProcessorBase.java:52) ~[tomcat-embed-core-10.1.20.jar:10.1.20]
	at org.apache.tomcat.util.threads.ThreadPoolExecutor.runWorker(ThreadPoolExecutor.java:1191) ~[tomcat-embed-core-10.1.20.jar:10.1.20]
	at org.apache.tomcat.util.threads.ThreadPoolExecutor$Worker.run(ThreadPoolExecutor.java:659) ~[tomcat-embed-core-10.1.20.jar:10.1.20]
	at org.apache.tomcat.util.threads.TaskThread$WrappingRunnable.run(TaskThread.java:63) ~[tomcat-embed-core-10.1.20.jar:10.1.20]
	at java.base/java.lang.Thread.run(Thread.java:1474) ~[na:na]

2026-08-13T09:46:57.442+05:30 DEBUG 492470 --- [demo] [nio-8081-exec-4] o.s.security.web.FilterChainProxy        : Securing GET /error
2026-08-13T09:46:57.442+05:30 DEBUG 492470 --- [demo] [nio-8081-exec-4] o.s.s.w.a.AnonymousAuthenticationFilter  : Set SecurityContextHolder to anonymous SecurityContext
2026-08-13T09:46:57.443+05:30 ERROR 492470 --- [demo] [nio-8081-exec-4] c.t.backend.security.AuthEntryPointJwt   : Unauthorized error: Full authentication is required to access this resource
2026-08-13T09:46:59.571+05:30 DEBUG 492470 --- [demo] [nio-8081-exec-3] o.s.security.web.FilterChainProxy        : Securing OPTIONS /api/v1/auth/login
2026-08-13T09:46:59.580+05:30 DEBUG 492470 --- [demo] [nio-8081-exec-1] o.s.security.web.FilterChainProxy        : Securing POST /api/v1/auth/login
2026-08-13T09:46:59.580+05:30 DEBUG 492470 --- [demo] [nio-8081-exec-1] o.s.s.w.a.AnonymousAuthenticationFilter  : Set SecurityContextHolder to anonymous SecurityContext
2026-08-13T09:46:59.580+05:30 DEBUG 492470 --- [demo] [nio-8081-exec-1] o.s.security.web.FilterChainProxy        : Secured POST /api/v1/auth/login
Hibernate: 
    select
        u1_0.id,
        u1_0.created_at,
        u1_0.email,
        u1_0.full_name,
        u1_0.is_verified,
        u1_0.password_hash,
        u1_0.phone,
        u1_0.role,
        u1_0.updated_at 
    from
        users u1_0 
    where
        u1_0.email=?
2026-08-13T09:46:59.676+05:30 DEBUG 492470 --- [demo] [nio-8081-exec-1] o.s.s.a.dao.DaoAuthenticationProvider    : Authenticated user
2026-08-13T09:46:59.717+05:30 DEBUG 492470 --- [demo] [nio-8081-exec-6] o.s.security.web.FilterChainProxy        : Securing OPTIONS /api/v1/projects?funderId=eb820bcf-10f7-4fa4-ac1d-18babf0ee47f
2026-08-13T09:46:59.717+05:30 DEBUG 492470 --- [demo] [nio-8081-exec-9] o.s.security.web.FilterChainProxy        : Securing OPTIONS /api/v1/projects?funderId=eb820bcf-10f7-4fa4-ac1d-18babf0ee47f
2026-08-13T09:46:59.720+05:30 DEBUG 492470 --- [demo] [io-8081-exec-10] o.s.security.web.FilterChainProxy        : Securing GET /api/v1/projects?funderId=eb820bcf-10f7-4fa4-ac1d-18babf0ee47f
Hibernate: 
    select
        u1_0.id,
        u1_0.created_at,
        u1_0.email,
        u1_0.full_name,
        u1_0.is_verified,
        u1_0.password_hash,
        u1_0.phone,
        u1_0.role,
        u1_0.updated_at 
    from
        users u1_0 
    where
        u1_0.email=?
2026-08-13T09:46:59.726+05:30 DEBUG 492470 --- [demo] [io-8081-exec-10] o.s.security.web.FilterChainProxy        : Secured GET /api/v1/projects?funderId=eb820bcf-10f7-4fa4-ac1d-18babf0ee47f
Hibernate: 
    select
        p1_0.id,
        p1_0.created_at,
        p1_0.description,
        p1_0.expected_beneficiaries,
        p1_0.funder_id,
        p1_0.geography,
        p1_0.impact_kpi,
        p1_0.latitude,
        p1_0.longitude,
        p1_0.ngo_id,
        p1_0.project_duration,
        p1_0.sdg_goal,
        p1_0.sdg_target,
        p1_0.status,
        p1_0.title,
        p1_0.total_budget 
    from
        projects p1_0 
    left join
        funder_profiles f1_0 
            on f1_0.id=p1_0.funder_id 
    where
        f1_0.id=?
2026-08-13T09:46:59.731+05:30 DEBUG 492470 --- [demo] [nio-8081-exec-5] o.s.security.web.FilterChainProxy        : Securing GET /api/v1/projects?funderId=eb820bcf-10f7-4fa4-ac1d-18babf0ee47f
Hibernate: 
    select
        u1_0.id,
        u1_0.created_at,
        u1_0.email,
        u1_0.full_name,
        u1_0.is_verified,
        u1_0.password_hash,
        u1_0.phone,
        u1_0.role,
        u1_0.updated_at 
    from
        users u1_0 
    where
        u1_0.email=?
2026-08-13T09:46:59.734+05:30 DEBUG 492470 --- [demo] [nio-8081-exec-5] o.s.security.web.FilterChainProxy        : Secured GET /api/v1/projects?funderId=eb820bcf-10f7-4fa4-ac1d-18babf0ee47f
Hibernate: 
    select
        p1_0.id,
        p1_0.created_at,
        p1_0.description,
        p1_0.expected_beneficiaries,
        p1_0.funder_id,
        p1_0.geography,
        p1_0.impact_kpi,
        p1_0.latitude,
        p1_0.longitude,
        p1_0.ngo_id,
        p1_0.project_duration,
        p1_0.sdg_goal,
        p1_0.sdg_target,
        p1_0.status,
        p1_0.title,
        p1_0.total_budget 
    from
        projects p1_0 
    left join
        funder_profiles f1_0 
            on f1_0.id=p1_0.funder_id 
    where
        f1_0.id=?
2026-08-13T09:47:00.745+05:30 DEBUG 492470 --- [demo] [nio-8081-exec-8] o.s.security.web.FilterChainProxy        : Securing GET /api/v1/ngos/verified
Hibernate: 
    select
        u1_0.id,
        u1_0.created_at,
        u1_0.email,
        u1_0.full_name,
        u1_0.is_verified,
        u1_0.password_hash,
        u1_0.phone,
        u1_0.role,
        u1_0.updated_at 
    from
        users u1_0 
    where
        u1_0.email=?
2026-08-13T09:47:00.748+05:30 DEBUG 492470 --- [demo] [nio-8081-exec-8] o.s.security.web.FilterChainProxy        : Secured GET /api/v1/ngos/verified
Hibernate: 
    select
        np1_0.id,
        np1_0.auditor_membership_number,
        np1_0.auditor_name,
        np1_0.authorized_signatory_designation,
        np1_0.authorized_signatory_name,
        np1_0.authorized_signatory_pan,
        np1_0.bank_account_name,
        np1_0.bank_account_number_encrypted,
        np1_0.contact_email,
        np1_0.contact_phone,
        np1_0.csr1registration_number,
        np1_0.darpan_id,
        np1_0.date_of_establishment,
        np1_0.fcra_number,
        np1_0.focus_sdg_goals,
        np1_0.gstin,
        np1_0.ifsc_code,
        np1_0.latitude,
        np1_0.longitude,
        np1_0.operational_states,
        np1_0.org_name,
        np1_0.pan_number,
        np1_0.reg12a_number,
        np1_0.reg80g_number,
        np1_0.registered_address,
        np1_0.registration_number,
        np1_0.registration_type,
        np1_0.trust_score,
        np1_0.user_id,
        np1_0.verification_status,
        np1_0.verified_at,
        np1_0.website 
    from
        ngo_profiles np1_0
Hibernate: 
    select
        u1_0.id,
        u1_0.created_at,
        u1_0.email,
        u1_0.full_name,
        u1_0.is_verified,
        u1_0.password_hash,
        u1_0.phone,
        u1_0.role,
        u1_0.updated_at 
    from
        users u1_0 
    where
        u1_0.id=?
2026-08-13T09:47:00.752+05:30 ERROR 492470 --- [demo] [nio-8081-exec-8] o.a.c.c.C.[.[.[/].[dispatcherServlet]    : Servlet.service() for servlet [dispatcherServlet] in context with path [] threw exception [Request processing failed: org.springframework.http.converter.HttpMessageConversionException: Type definition error: [simple type, class org.hibernate.proxy.pojo.bytebuddy.ByteBuddyInterceptor]] with root cause

com.fasterxml.jackson.databind.exc.InvalidDefinitionException: No serializer found for class org.hibernate.proxy.pojo.bytebuddy.ByteBuddyInterceptor and no properties discovered to create BeanSerializer (to avoid exception, disable SerializationFeature.FAIL_ON_EMPTY_BEANS) (through reference chain: java.util.ArrayList[0]->com.transparencychain.backend.model.NgoProfile["user"]->com.transparencychain.backend.model.User$HibernateProxy$kzJ01UV1["hibernateLazyInitializer"])
	at com.fasterxml.jackson.databind.exc.InvalidDefinitionException.from(InvalidDefinitionException.java:77) ~[jackson-databind-2.15.4.jar:2.15.4]
	at com.fasterxml.jackson.databind.SerializerProvider.reportBadDefinition(SerializerProvider.java:1308) ~[jackson-databind-2.15.4.jar:2.15.4]
	at com.fasterxml.jackson.databind.DatabindContext.reportBadDefinition(DatabindContext.java:414) ~[jackson-databind-2.15.4.jar:2.15.4]
	at com.fasterxml.jackson.databind.ser.impl.UnknownSerializer.failForEmpty(UnknownSerializer.java:53) ~[jackson-databind-2.15.4.jar:2.15.4]
	at com.fasterxml.jackson.databind.ser.impl.UnknownSerializer.serialize(UnknownSerializer.java:30) ~[jackson-databind-2.15.4.jar:2.15.4]
	at com.fasterxml.jackson.databind.ser.BeanPropertyWriter.serializeAsField(BeanPropertyWriter.java:732) ~[jackson-databind-2.15.4.jar:2.15.4]
	at com.fasterxml.jackson.databind.ser.std.BeanSerializerBase.serializeFields(BeanSerializerBase.java:772) ~[jackson-databind-2.15.4.jar:2.15.4]
	at com.fasterxml.jackson.databind.ser.BeanSerializer.serialize(BeanSerializer.java:178) ~[jackson-databind-2.15.4.jar:2.15.4]
	at com.fasterxml.jackson.databind.ser.BeanPropertyWriter.serializeAsField(BeanPropertyWriter.java:732) ~[jackson-databind-2.15.4.jar:2.15.4]
	at com.fasterxml.jackson.databind.ser.std.BeanSerializerBase.serializeFields(BeanSerializerBase.java:772) ~[jackson-databind-2.15.4.jar:2.15.4]
	at com.fasterxml.jackson.databind.ser.BeanSerializer.serialize(BeanSerializer.java:178) ~[jackson-databind-2.15.4.jar:2.15.4]
	at com.fasterxml.jackson.databind.ser.std.CollectionSerializer.serializeContents(CollectionSerializer.java:145) ~[jackson-databind-2.15.4.jar:2.15.4]
	at com.fasterxml.jackson.databind.ser.std.CollectionSerializer.serialize(CollectionSerializer.java:107) ~[jackson-databind-2.15.4.jar:2.15.4]
	at com.fasterxml.jackson.databind.ser.std.CollectionSerializer.serialize(CollectionSerializer.java:25) ~[jackson-databind-2.15.4.jar:2.15.4]
	at com.fasterxml.jackson.databind.ser.DefaultSerializerProvider._serialize(DefaultSerializerProvider.java:479) ~[jackson-databind-2.15.4.jar:2.15.4]
	at com.fasterxml.jackson.databind.ser.DefaultSerializerProvider.serializeValue(DefaultSerializerProvider.java:399) ~[jackson-databind-2.15.4.jar:2.15.4]
	at com.fasterxml.jackson.databind.ObjectWriter$Prefetch.serialize(ObjectWriter.java:1568) ~[jackson-databind-2.15.4.jar:2.15.4]
	at com.fasterxml.jackson.databind.ObjectWriter.writeValue(ObjectWriter.java:1061) ~[jackson-databind-2.15.4.jar:2.15.4]
	at org.springframework.http.converter.json.AbstractJackson2HttpMessageConverter.writeInternal(AbstractJackson2HttpMessageConverter.java:483) ~[spring-web-6.1.6.jar:6.1.6]
	at org.springframework.http.converter.AbstractGenericHttpMessageConverter.write(AbstractGenericHttpMessageConverter.java:114) ~[spring-web-6.1.6.jar:6.1.6]
	at org.springframework.web.servlet.mvc.method.annotation.AbstractMessageConverterMethodProcessor.writeWithMessageConverters(AbstractMessageConverterMethodProcessor.java:297) ~[spring-webmvc-6.1.6.jar:6.1.6]
	at org.springframework.web.servlet.mvc.method.annotation.HttpEntityMethodProcessor.handleReturnValue(HttpEntityMethodProcessor.java:245) ~[spring-webmvc-6.1.6.jar:6.1.6]
	at org.springframework.web.method.support.HandlerMethodReturnValueHandlerComposite.handleReturnValue(HandlerMethodReturnValueHandlerComposite.java:78) ~[spring-web-6.1.6.jar:6.1.6]
	at org.springframework.web.servlet.mvc.method.annotation.ServletInvocableHandlerMethod.invokeAndHandle(ServletInvocableHandlerMethod.java:136) ~[spring-webmvc-6.1.6.jar:6.1.6]
	at org.springframework.web.servlet.mvc.method.annotation.RequestMappingHandlerAdapter.invokeHandlerMethod(RequestMappingHandlerAdapter.java:926) ~[spring-webmvc-6.1.6.jar:6.1.6]
	at org.springframework.web.servlet.mvc.method.annotation.RequestMappingHandlerAdapter.handleInternal(RequestMappingHandlerAdapter.java:831) ~[spring-webmvc-6.1.6.jar:6.1.6]
	at org.springframework.web.servlet.mvc.method.AbstractHandlerMethodAdapter.handle(AbstractHandlerMethodAdapter.java:87) ~[spring-webmvc-6.1.6.jar:6.1.6]
	at org.springframework.web.servlet.DispatcherServlet.doDispatch(DispatcherServlet.java:1089) ~[spring-webmvc-6.1.6.jar:6.1.6]
	at org.springframework.web.servlet.DispatcherServlet.doService(DispatcherServlet.java:979) ~[spring-webmvc-6.1.6.jar:6.1.6]
	at org.springframework.web.servlet.FrameworkServlet.processRequest(FrameworkServlet.java:1014) ~[spring-webmvc-6.1.6.jar:6.1.6]
	at org.springframework.web.servlet.FrameworkServlet.doGet(FrameworkServlet.java:903) ~[spring-webmvc-6.1.6.jar:6.1.6]
	at jakarta.servlet.http.HttpServlet.service(HttpServlet.java:564) ~[tomcat-embed-core-10.1.20.jar:6.0]
	at org.springframework.web.servlet.FrameworkServlet.service(FrameworkServlet.java:885) ~[spring-webmvc-6.1.6.jar:6.1.6]
	at jakarta.servlet.http.HttpServlet.service(HttpServlet.java:658) ~[tomcat-embed-core-10.1.20.jar:6.0]
	at org.apache.catalina.core.ApplicationFilterChain.internalDoFilter(ApplicationFilterChain.java:206) ~[tomcat-embed-core-10.1.20.jar:10.1.20]
	at org.apache.catalina.core.ApplicationFilterChain.doFilter(ApplicationFilterChain.java:150) ~[tomcat-embed-core-10.1.20.jar:10.1.20]
	at org.apache.tomcat.websocket.server.WsFilter.doFilter(WsFilter.java:51) ~[tomcat-embed-websocket-10.1.20.jar:10.1.20]
	at org.apache.catalina.core.ApplicationFilterChain.internalDoFilter(ApplicationFilterChain.java:175) ~[tomcat-embed-core-10.1.20.jar:10.1.20]
	at org.apache.catalina.core.ApplicationFilterChain.doFilter(ApplicationFilterChain.java:150) ~[tomcat-embed-core-10.1.20.jar:10.1.20]
	at org.springframework.web.filter.OncePerRequestFilter.doFilter(OncePerRequestFilter.java:110) ~[spring-web-6.1.6.jar:6.1.6]
	at org.apache.catalina.core.ApplicationFilterChain.internalDoFilter(ApplicationFilterChain.java:175) ~[tomcat-embed-core-10.1.20.jar:10.1.20]
	at org.apache.catalina.core.ApplicationFilterChain.doFilter(ApplicationFilterChain.java:150) ~[tomcat-embed-core-10.1.20.jar:10.1.20]
	at org.springframework.web.filter.CompositeFilter$VirtualFilterChain.doFilter(CompositeFilter.java:108) ~[spring-web-6.1.6.jar:6.1.6]
	at org.springframework.security.web.FilterChainProxy.lambda$doFilterInternal$3(FilterChainProxy.java:231) ~[spring-security-web-6.2.4.jar:6.2.4]
	at org.springframework.security.web.FilterChainProxy$VirtualFilterChain.doFilter(FilterChainProxy.java:365) ~[spring-security-web-6.2.4.jar:6.2.4]
	at org.springframework.security.web.access.intercept.AuthorizationFilter.doFilter(AuthorizationFilter.java:100) ~[spring-security-web-6.2.4.jar:6.2.4]
	at org.springframework.security.web.FilterChainProxy$VirtualFilterChain.doFilter(FilterChainProxy.java:374) ~[spring-security-web-6.2.4.jar:6.2.4]
	at org.springframework.security.web.access.ExceptionTranslationFilter.doFilter(ExceptionTranslationFilter.java:126) ~[spring-security-web-6.2.4.jar:6.2.4]
	at org.springframework.security.web.access.ExceptionTranslationFilter.doFilter(ExceptionTranslationFilter.java:120) ~[spring-security-web-6.2.4.jar:6.2.4]
	at org.springframework.security.web.FilterChainProxy$VirtualFilterChain.doFilter(FilterChainProxy.java:374) ~[spring-security-web-6.2.4.jar:6.2.4]
	at org.springframework.security.web.session.SessionManagementFilter.doFilter(SessionManagementFilter.java:131) ~[spring-security-web-6.2.4.jar:6.2.4]
	at org.springframework.security.web.session.SessionManagementFilter.doFilter(SessionManagementFilter.java:85) ~[spring-security-web-6.2.4.jar:6.2.4]
	at org.springframework.security.web.FilterChainProxy$VirtualFilterChain.doFilter(FilterChainProxy.java:374) ~[spring-security-web-6.2.4.jar:6.2.4]
	at org.springframework.security.web.authentication.AnonymousAuthenticationFilter.doFilter(AnonymousAuthenticationFilter.java:100) ~[spring-security-web-6.2.4.jar:6.2.4]
	at org.springframework.security.web.FilterChainProxy$VirtualFilterChain.doFilter(FilterChainProxy.java:374) ~[spring-security-web-6.2.4.jar:6.2.4]
	at org.springframework.security.web.servletapi.SecurityContextHolderAwareRequestFilter.doFilter(SecurityContextHolderAwareRequestFilter.java:179) ~[spring-security-web-6.2.4.jar:6.2.4]
	at org.springframework.security.web.FilterChainProxy$VirtualFilterChain.doFilter(FilterChainProxy.java:374) ~[spring-security-web-6.2.4.jar:6.2.4]
	at org.springframework.security.web.savedrequest.RequestCacheAwareFilter.doFilter(RequestCacheAwareFilter.java:63) ~[spring-security-web-6.2.4.jar:6.2.4]
	at org.springframework.security.web.FilterChainProxy$VirtualFilterChain.doFilter(FilterChainProxy.java:374) ~[spring-security-web-6.2.4.jar:6.2.4]
	at com.transparencychain.backend.security.AuthTokenFilter.doFilterInternal(AuthTokenFilter.java:47) ~[classes/:na]
	at org.springframework.web.filter.OncePerRequestFilter.doFilter(OncePerRequestFilter.java:116) ~[spring-web-6.1.6.jar:6.1.6]
	at org.springframework.security.web.FilterChainProxy$VirtualFilterChain.doFilter(FilterChainProxy.java:374) ~[spring-security-web-6.2.4.jar:6.2.4]
	at org.springframework.security.web.authentication.logout.LogoutFilter.doFilter(LogoutFilter.java:107) ~[spring-security-web-6.2.4.jar:6.2.4]
	at org.springframework.security.web.authentication.logout.LogoutFilter.doFilter(LogoutFilter.java:93) ~[spring-security-web-6.2.4.jar:6.2.4]
	at org.springframework.security.web.FilterChainProxy$VirtualFilterChain.doFilter(FilterChainProxy.java:374) ~[spring-security-web-6.2.4.jar:6.2.4]
	at org.springframework.web.filter.CorsFilter.doFilterInternal(CorsFilter.java:91) ~[spring-web-6.1.6.jar:6.1.6]
	at org.springframework.web.filter.OncePerRequestFilter.doFilter(OncePerRequestFilter.java:116) ~[spring-web-6.1.6.jar:6.1.6]
	at org.springframework.security.web.FilterChainProxy$VirtualFilterChain.doFilter(FilterChainProxy.java:374) ~[spring-security-web-6.2.4.jar:6.2.4]
	at org.springframework.security.web.header.HeaderWriterFilter.doHeadersAfter(HeaderWriterFilter.java:90) ~[spring-security-web-6.2.4.jar:6.2.4]
	at org.springframework.security.web.header.HeaderWriterFilter.doFilterInternal(HeaderWriterFilter.java:75) ~[spring-security-web-6.2.4.jar:6.2.4]
	at org.springframework.web.filter.OncePerRequestFilter.doFilter(OncePerRequestFilter.java:116) ~[spring-web-6.1.6.jar:6.1.6]
	at org.springframework.security.web.FilterChainProxy$VirtualFilterChain.doFilter(FilterChainProxy.java:374) ~[spring-security-web-6.2.4.jar:6.2.4]
	at org.springframework.security.web.context.SecurityContextHolderFilter.doFilter(SecurityContextHolderFilter.java:82) ~[spring-security-web-6.2.4.jar:6.2.4]
	at org.springframework.security.web.context.SecurityContextHolderFilter.doFilter(SecurityContextHolderFilter.java:69) ~[spring-security-web-6.2.4.jar:6.2.4]
	at org.springframework.security.web.FilterChainProxy$VirtualFilterChain.doFilter(FilterChainProxy.java:374) ~[spring-security-web-6.2.4.jar:6.2.4]
	at org.springframework.security.web.context.request.async.WebAsyncManagerIntegrationFilter.doFilterInternal(WebAsyncManagerIntegrationFilter.java:62) ~[spring-security-web-6.2.4.jar:6.2.4]
	at org.springframework.web.filter.OncePerRequestFilter.doFilter(OncePerRequestFilter.java:116) ~[spring-web-6.1.6.jar:6.1.6]
	at org.springframework.security.web.FilterChainProxy$VirtualFilterChain.doFilter(FilterChainProxy.java:374) ~[spring-security-web-6.2.4.jar:6.2.4]
	at org.springframework.security.web.session.DisableEncodeUrlFilter.doFilterInternal(DisableEncodeUrlFilter.java:42) ~[spring-security-web-6.2.4.jar:6.2.4]
	at org.springframework.web.filter.OncePerRequestFilter.doFilter(OncePerRequestFilter.java:116) ~[spring-web-6.1.6.jar:6.1.6]
	at org.springframework.security.web.FilterChainProxy$VirtualFilterChain.doFilter(FilterChainProxy.java:374) ~[spring-security-web-6.2.4.jar:6.2.4]
	at org.springframework.security.web.FilterChainProxy.doFilterInternal(FilterChainProxy.java:233) ~[spring-security-web-6.2.4.jar:6.2.4]
	at org.springframework.security.web.FilterChainProxy.doFilter(FilterChainProxy.java:191) ~[spring-security-web-6.2.4.jar:6.2.4]
	at org.springframework.web.filter.CompositeFilter$VirtualFilterChain.doFilter(CompositeFilter.java:113) ~[spring-web-6.1.6.jar:6.1.6]
	at org.springframework.web.servlet.handler.HandlerMappingIntrospector.lambda$createCacheFilter$3(HandlerMappingIntrospector.java:195) ~[spring-webmvc-6.1.6.jar:6.1.6]
	at org.springframework.web.filter.CompositeFilter$VirtualFilterChain.doFilter(CompositeFilter.java:113) ~[spring-web-6.1.6.jar:6.1.6]
	at org.springframework.web.filter.CompositeFilter.doFilter(CompositeFilter.java:74) ~[spring-web-6.1.6.jar:6.1.6]
	at org.springframework.security.config.annotation.web.configuration.WebMvcSecurityConfiguration$CompositeFilterChainProxy.doFilter(WebMvcSecurityConfiguration.java:230) ~[spring-security-config-6.2.4.jar:6.2.4]
	at org.springframework.web.filter.DelegatingFilterProxy.invokeDelegate(DelegatingFilterProxy.java:352) ~[spring-web-6.1.6.jar:6.1.6]
	at org.springframework.web.filter.DelegatingFilterProxy.doFilter(DelegatingFilterProxy.java:268) ~[spring-web-6.1.6.jar:6.1.6]
	at org.apache.catalina.core.ApplicationFilterChain.internalDoFilter(ApplicationFilterChain.java:175) ~[tomcat-embed-core-10.1.20.jar:10.1.20]
	at org.apache.catalina.core.ApplicationFilterChain.doFilter(ApplicationFilterChain.java:150) ~[tomcat-embed-core-10.1.20.jar:10.1.20]
	at org.springframework.web.filter.RequestContextFilter.doFilterInternal(RequestContextFilter.java:100) ~[spring-web-6.1.6.jar:6.1.6]
	at org.springframework.web.filter.OncePerRequestFilter.doFilter(OncePerRequestFilter.java:116) ~[spring-web-6.1.6.jar:6.1.6]
	at org.apache.catalina.core.ApplicationFilterChain.internalDoFilter(ApplicationFilterChain.java:175) ~[tomcat-embed-core-10.1.20.jar:10.1.20]
	at org.apache.catalina.core.ApplicationFilterChain.doFilter(ApplicationFilterChain.java:150) ~[tomcat-embed-core-10.1.20.jar:10.1.20]
	at org.springframework.web.filter.FormContentFilter.doFilterInternal(FormContentFilter.java:93) ~[spring-web-6.1.6.jar:6.1.6]
	at org.springframework.web.filter.OncePerRequestFilter.doFilter(OncePerRequestFilter.java:116) ~[spring-web-6.1.6.jar:6.1.6]
	at org.apache.catalina.core.ApplicationFilterChain.internalDoFilter(ApplicationFilterChain.java:175) ~[tomcat-embed-core-10.1.20.jar:10.1.20]
	at org.apache.catalina.core.ApplicationFilterChain.doFilter(ApplicationFilterChain.java:150) ~[tomcat-embed-core-10.1.20.jar:10.1.20]
	at org.springframework.web.filter.CharacterEncodingFilter.doFilterInternal(CharacterEncodingFilter.java:201) ~[spring-web-6.1.6.jar:6.1.6]
	at org.springframework.web.filter.OncePerRequestFilter.doFilter(OncePerRequestFilter.java:116) ~[spring-web-6.1.6.jar:6.1.6]
	at org.apache.catalina.core.ApplicationFilterChain.internalDoFilter(ApplicationFilterChain.java:175) ~[tomcat-embed-core-10.1.20.jar:10.1.20]
	at org.apache.catalina.core.ApplicationFilterChain.doFilter(ApplicationFilterChain.java:150) ~[tomcat-embed-core-10.1.20.jar:10.1.20]
	at org.apache.catalina.core.StandardWrapperValve.invoke(StandardWrapperValve.java:167) ~[tomcat-embed-core-10.1.20.jar:10.1.20]
	at org.apache.catalina.core.StandardContextValve.invoke(StandardContextValve.java:90) ~[tomcat-embed-core-10.1.20.jar:10.1.20]
	at org.apache.catalina.authenticator.AuthenticatorBase.invoke(AuthenticatorBase.java:482) ~[tomcat-embed-core-10.1.20.jar:10.1.20]
	at org.apache.catalina.core.StandardHostValve.invoke(StandardHostValve.java:115) ~[tomcat-embed-core-10.1.20.jar:10.1.20]
	at org.apache.catalina.valves.ErrorReportValve.invoke(ErrorReportValve.java:93) ~[tomcat-embed-core-10.1.20.jar:10.1.20]
	at org.apache.catalina.core.StandardEngineValve.invoke(StandardEngineValve.java:74) ~[tomcat-embed-core-10.1.20.jar:10.1.20]
	at org.apache.catalina.connector.CoyoteAdapter.service(CoyoteAdapter.java:344) ~[tomcat-embed-core-10.1.20.jar:10.1.20]
	at org.apache.coyote.http11.Http11Processor.service(Http11Processor.java:391) ~[tomcat-embed-core-10.1.20.jar:10.1.20]
	at org.apache.coyote.AbstractProcessorLight.process(AbstractProcessorLight.java:63) ~[tomcat-embed-core-10.1.20.jar:10.1.20]
	at org.apache.coyote.AbstractProtocol$ConnectionHandler.process(AbstractProtocol.java:896) ~[tomcat-embed-core-10.1.20.jar:10.1.20]
	at org.apache.tomcat.util.net.NioEndpoint$SocketProcessor.doRun(NioEndpoint.java:1736) ~[tomcat-embed-core-10.1.20.jar:10.1.20]
	at org.apache.tomcat.util.net.SocketProcessorBase.run(SocketProcessorBase.java:52) ~[tomcat-embed-core-10.1.20.jar:10.1.20]
	at org.apache.tomcat.util.threads.ThreadPoolExecutor.runWorker(ThreadPoolExecutor.java:1191) ~[tomcat-embed-core-10.1.20.jar:10.1.20]
	at org.apache.tomcat.util.threads.ThreadPoolExecutor$Worker.run(ThreadPoolExecutor.java:659) ~[tomcat-embed-core-10.1.20.jar:10.1.20]
	at org.apache.tomcat.util.threads.TaskThread$WrappingRunnable.run(TaskThread.java:63) ~[tomcat-embed-core-10.1.20.jar:10.1.20]
	at java.base/java.lang.Thread.run(Thread.java:1474) ~[na:na]

2026-08-13T09:47:00.754+05:30 DEBUG 492470 --- [demo] [nio-8081-exec-8] o.s.security.web.FilterChainProxy        : Securing GET /error
2026-08-13T09:47:00.754+05:30 DEBUG 492470 --- [demo] [nio-8081-exec-8] o.s.s.w.a.AnonymousAuthenticationFilter  : Set SecurityContextHolder to anonymous SecurityContext
2026-08-13T09:47:00.754+05:30 ERROR 492470 --- [demo] [nio-8081-exec-8] c.t.backend.security.AuthEntryPointJwt   : Unauthorized error: Full authentication is required to access this resource
2026-08-13T09:47:00.759+05:30 DEBUG 492470 --- [demo] [nio-8081-exec-2] o.s.security.web.FilterChainProxy        : Securing GET /api/v1/ngos/verified
Hibernate: 
    select
        u1_0.id,
        u1_0.created_at,
        u1_0.email,
        u1_0.full_name,
        u1_0.is_verified,
        u1_0.password_hash,
        u1_0.phone,
        u1_0.role,
        u1_0.updated_at 
    from
        users u1_0 
    where
        u1_0.email=?
2026-08-13T09:47:00.767+05:30 DEBUG 492470 --- [demo] [nio-8081-exec-2] o.s.security.web.FilterChainProxy        : Secured GET /api/v1/ngos/verified
Hibernate: 
    select
        np1_0.id,
        np1_0.auditor_membership_number,
        np1_0.auditor_name,
        np1_0.authorized_signatory_designation,
        np1_0.authorized_signatory_name,
        np1_0.authorized_signatory_pan,
        np1_0.bank_account_name,
        np1_0.bank_account_number_encrypted,
        np1_0.contact_email,
        np1_0.contact_phone,
        np1_0.csr1registration_number,
        np1_0.darpan_id,
        np1_0.date_of_establishment,
        np1_0.fcra_number,
        np1_0.focus_sdg_goals,
        np1_0.gstin,
        np1_0.ifsc_code,
        np1_0.latitude,
        np1_0.longitude,
        np1_0.operational_states,
        np1_0.org_name,
        np1_0.pan_number,
        np1_0.reg12a_number,
        np1_0.reg80g_number,
        np1_0.registered_address,
        np1_0.registration_number,
        np1_0.registration_type,
        np1_0.trust_score,
        np1_0.user_id,
        np1_0.verification_status,
        np1_0.verified_at,
        np1_0.website 
    from
        ngo_profiles np1_0
Hibernate: 
    select
        u1_0.id,
        u1_0.created_at,
        u1_0.email,
        u1_0.full_name,
        u1_0.is_verified,
        u1_0.password_hash,
        u1_0.phone,
        u1_0.role,
        u1_0.updated_at 
    from
        users u1_0 
    where
        u1_0.id=?
2026-08-13T09:47:00.776+05:30 ERROR 492470 --- [demo] [nio-8081-exec-2] o.a.c.c.C.[.[.[/].[dispatcherServlet]    : Servlet.service() for servlet [dispatcherServlet] in context with path [] threw exception [Request processing failed: org.springframework.http.converter.HttpMessageConversionException: Type definition error: [simple type, class org.hibernate.proxy.pojo.bytebuddy.ByteBuddyInterceptor]] with root cause

com.fasterxml.jackson.databind.exc.InvalidDefinitionException: No serializer found for class org.hibernate.proxy.pojo.bytebuddy.ByteBuddyInterceptor and no properties discovered to create BeanSerializer (to avoid exception, disable SerializationFeature.FAIL_ON_EMPTY_BEANS) (through reference chain: java.util.ArrayList[0]->com.transparencychain.backend.model.NgoProfile["user"]->com.transparencychain.backend.model.User$HibernateProxy$kzJ01UV1["hibernateLazyInitializer"])
	at com.fasterxml.jackson.databind.exc.InvalidDefinitionException.from(InvalidDefinitionException.java:77) ~[jackson-databind-2.15.4.jar:2.15.4]
	at com.fasterxml.jackson.databind.SerializerProvider.reportBadDefinition(SerializerProvider.java:1308) ~[jackson-databind-2.15.4.jar:2.15.4]
	at com.fasterxml.jackson.databind.DatabindContext.reportBadDefinition(DatabindContext.java:414) ~[jackson-databind-2.15.4.jar:2.15.4]
	at com.fasterxml.jackson.databind.ser.impl.UnknownSerializer.failForEmpty(UnknownSerializer.java:53) ~[jackson-databind-2.15.4.jar:2.15.4]
	at com.fasterxml.jackson.databind.ser.impl.UnknownSerializer.serialize(UnknownSerializer.java:30) ~[jackson-databind-2.15.4.jar:2.15.4]
	at com.fasterxml.jackson.databind.ser.BeanPropertyWriter.serializeAsField(BeanPropertyWriter.java:732) ~[jackson-databind-2.15.4.jar:2.15.4]
	at com.fasterxml.jackson.databind.ser.std.BeanSerializerBase.serializeFields(BeanSerializerBase.java:772) ~[jackson-databind-2.15.4.jar:2.15.4]
	at com.fasterxml.jackson.databind.ser.BeanSerializer.serialize(BeanSerializer.java:178) ~[jackson-databind-2.15.4.jar:2.15.4]
	at com.fasterxml.jackson.databind.ser.BeanPropertyWriter.serializeAsField(BeanPropertyWriter.java:732) ~[jackson-databind-2.15.4.jar:2.15.4]
	at com.fasterxml.jackson.databind.ser.std.BeanSerializerBase.serializeFields(BeanSerializerBase.java:772) ~[jackson-databind-2.15.4.jar:2.15.4]
	at com.fasterxml.jackson.databind.ser.BeanSerializer.serialize(BeanSerializer.java:178) ~[jackson-databind-2.15.4.jar:2.15.4]
	at com.fasterxml.jackson.databind.ser.std.CollectionSerializer.serializeContents(CollectionSerializer.java:145) ~[jackson-databind-2.15.4.jar:2.15.4]
	at com.fasterxml.jackson.databind.ser.std.CollectionSerializer.serialize(CollectionSerializer.java:107) ~[jackson-databind-2.15.4.jar:2.15.4]
	at com.fasterxml.jackson.databind.ser.std.CollectionSerializer.serialize(CollectionSerializer.java:25) ~[jackson-databind-2.15.4.jar:2.15.4]
	at com.fasterxml.jackson.databind.ser.DefaultSerializerProvider._serialize(DefaultSerializerProvider.java:479) ~[jackson-databind-2.15.4.jar:2.15.4]
	at com.fasterxml.jackson.databind.ser.DefaultSerializerProvider.serializeValue(DefaultSerializerProvider.java:399) ~[jackson-databind-2.15.4.jar:2.15.4]
	at com.fasterxml.jackson.databind.ObjectWriter$Prefetch.serialize(ObjectWriter.java:1568) ~[jackson-databind-2.15.4.jar:2.15.4]
	at com.fasterxml.jackson.databind.ObjectWriter.writeValue(ObjectWriter.java:1061) ~[jackson-databind-2.15.4.jar:2.15.4]
	at org.springframework.http.converter.json.AbstractJackson2HttpMessageConverter.writeInternal(AbstractJackson2HttpMessageConverter.java:483) ~[spring-web-6.1.6.jar:6.1.6]
	at org.springframework.http.converter.AbstractGenericHttpMessageConverter.write(AbstractGenericHttpMessageConverter.java:114) ~[spring-web-6.1.6.jar:6.1.6]
	at org.springframework.web.servlet.mvc.method.annotation.AbstractMessageConverterMethodProcessor.writeWithMessageConverters(AbstractMessageConverterMethodProcessor.java:297) ~[spring-webmvc-6.1.6.jar:6.1.6]
	at org.springframework.web.servlet.mvc.method.annotation.HttpEntityMethodProcessor.handleReturnValue(HttpEntityMethodProcessor.java:245) ~[spring-webmvc-6.1.6.jar:6.1.6]
	at org.springframework.web.method.support.HandlerMethodReturnValueHandlerComposite.handleReturnValue(HandlerMethodReturnValueHandlerComposite.java:78) ~[spring-web-6.1.6.jar:6.1.6]
	at org.springframework.web.servlet.mvc.method.annotation.ServletInvocableHandlerMethod.invokeAndHandle(ServletInvocableHandlerMethod.java:136) ~[spring-webmvc-6.1.6.jar:6.1.6]
	at org.springframework.web.servlet.mvc.method.annotation.RequestMappingHandlerAdapter.invokeHandlerMethod(RequestMappingHandlerAdapter.java:926) ~[spring-webmvc-6.1.6.jar:6.1.6]
	at org.springframework.web.servlet.mvc.method.annotation.RequestMappingHandlerAdapter.handleInternal(RequestMappingHandlerAdapter.java:831) ~[spring-webmvc-6.1.6.jar:6.1.6]
	at org.springframework.web.servlet.mvc.method.AbstractHandlerMethodAdapter.handle(AbstractHandlerMethodAdapter.java:87) ~[spring-webmvc-6.1.6.jar:6.1.6]
	at org.springframework.web.servlet.DispatcherServlet.doDispatch(DispatcherServlet.java:1089) ~[spring-webmvc-6.1.6.jar:6.1.6]
	at org.springframework.web.servlet.DispatcherServlet.doService(DispatcherServlet.java:979) ~[spring-webmvc-6.1.6.jar:6.1.6]
	at org.springframework.web.servlet.FrameworkServlet.processRequest(FrameworkServlet.java:1014) ~[spring-webmvc-6.1.6.jar:6.1.6]
	at org.springframework.web.servlet.FrameworkServlet.doGet(FrameworkServlet.java:903) ~[spring-webmvc-6.1.6.jar:6.1.6]
	at jakarta.servlet.http.HttpServlet.service(HttpServlet.java:564) ~[tomcat-embed-core-10.1.20.jar:6.0]
	at org.springframework.web.servlet.FrameworkServlet.service(FrameworkServlet.java:885) ~[spring-webmvc-6.1.6.jar:6.1.6]
	at jakarta.servlet.http.HttpServlet.service(HttpServlet.java:658) ~[tomcat-embed-core-10.1.20.jar:6.0]
	at org.apache.catalina.core.ApplicationFilterChain.internalDoFilter(ApplicationFilterChain.java:206) ~[tomcat-embed-core-10.1.20.jar:10.1.20]
	at org.apache.catalina.core.ApplicationFilterChain.doFilter(ApplicationFilterChain.java:150) ~[tomcat-embed-core-10.1.20.jar:10.1.20]
	at org.apache.tomcat.websocket.server.WsFilter.doFilter(WsFilter.java:51) ~[tomcat-embed-websocket-10.1.20.jar:10.1.20]
	at org.apache.catalina.core.ApplicationFilterChain.internalDoFilter(ApplicationFilterChain.java:175) ~[tomcat-embed-core-10.1.20.jar:10.1.20]
	at org.apache.catalina.core.ApplicationFilterChain.doFilter(ApplicationFilterChain.java:150) ~[tomcat-embed-core-10.1.20.jar:10.1.20]
	at org.springframework.web.filter.OncePerRequestFilter.doFilter(OncePerRequestFilter.java:110) ~[spring-web-6.1.6.jar:6.1.6]
	at org.apache.catalina.core.ApplicationFilterChain.internalDoFilter(ApplicationFilterChain.java:175) ~[tomcat-embed-core-10.1.20.jar:10.1.20]
	at org.apache.catalina.core.ApplicationFilterChain.doFilter(ApplicationFilterChain.java:150) ~[tomcat-embed-core-10.1.20.jar:10.1.20]
	at org.springframework.web.filter.CompositeFilter$VirtualFilterChain.doFilter(CompositeFilter.java:108) ~[spring-web-6.1.6.jar:6.1.6]
	at org.springframework.security.web.FilterChainProxy.lambda$doFilterInternal$3(FilterChainProxy.java:231) ~[spring-security-web-6.2.4.jar:6.2.4]
	at org.springframework.security.web.FilterChainProxy$VirtualFilterChain.doFilter(FilterChainProxy.java:365) ~[spring-security-web-6.2.4.jar:6.2.4]
	at org.springframework.security.web.access.intercept.AuthorizationFilter.doFilter(AuthorizationFilter.java:100) ~[spring-security-web-6.2.4.jar:6.2.4]
	at org.springframework.security.web.FilterChainProxy$VirtualFilterChain.doFilter(FilterChainProxy.java:374) ~[spring-security-web-6.2.4.jar:6.2.4]
	at org.springframework.security.web.access.ExceptionTranslationFilter.doFilter(ExceptionTranslationFilter.java:126) ~[spring-security-web-6.2.4.jar:6.2.4]
	at org.springframework.security.web.access.ExceptionTranslationFilter.doFilter(ExceptionTranslationFilter.java:120) ~[spring-security-web-6.2.4.jar:6.2.4]
	at org.springframework.security.web.FilterChainProxy$VirtualFilterChain.doFilter(FilterChainProxy.java:374) ~[spring-security-web-6.2.4.jar:6.2.4]
	at org.springframework.security.web.session.SessionManagementFilter.doFilter(SessionManagementFilter.java:131) ~[spring-security-web-6.2.4.jar:6.2.4]
	at org.springframework.security.web.session.SessionManagementFilter.doFilter(SessionManagementFilter.java:85) ~[spring-security-web-6.2.4.jar:6.2.4]
	at org.springframework.security.web.FilterChainProxy$VirtualFilterChain.doFilter(FilterChainProxy.java:374) ~[spring-security-web-6.2.4.jar:6.2.4]
	at org.springframework.security.web.authentication.AnonymousAuthenticationFilter.doFilter(AnonymousAuthenticationFilter.java:100) ~[spring-security-web-6.2.4.jar:6.2.4]
	at org.springframework.security.web.FilterChainProxy$VirtualFilterChain.doFilter(FilterChainProxy.java:374) ~[spring-security-web-6.2.4.jar:6.2.4]
	at org.springframework.security.web.servletapi.SecurityContextHolderAwareRequestFilter.doFilter(SecurityContextHolderAwareRequestFilter.java:179) ~[spring-security-web-6.2.4.jar:6.2.4]
	at org.springframework.security.web.FilterChainProxy$VirtualFilterChain.doFilter(FilterChainProxy.java:374) ~[spring-security-web-6.2.4.jar:6.2.4]
	at org.springframework.security.web.savedrequest.RequestCacheAwareFilter.doFilter(RequestCacheAwareFilter.java:63) ~[spring-security-web-6.2.4.jar:6.2.4]
	at org.springframework.security.web.FilterChainProxy$VirtualFilterChain.doFilter(FilterChainProxy.java:374) ~[spring-security-web-6.2.4.jar:6.2.4]
	at com.transparencychain.backend.security.AuthTokenFilter.doFilterInternal(AuthTokenFilter.java:47) ~[classes/:na]
	at org.springframework.web.filter.OncePerRequestFilter.doFilter(OncePerRequestFilter.java:116) ~[spring-web-6.1.6.jar:6.1.6]
	at org.springframework.security.web.FilterChainProxy$VirtualFilterChain.doFilter(FilterChainProxy.java:374) ~[spring-security-web-6.2.4.jar:6.2.4]
	at org.springframework.security.web.authentication.logout.LogoutFilter.doFilter(LogoutFilter.java:107) ~[spring-security-web-6.2.4.jar:6.2.4]
	at org.springframework.security.web.authentication.logout.LogoutFilter.doFilter(LogoutFilter.java:93) ~[spring-security-web-6.2.4.jar:6.2.4]
	at org.springframework.security.web.FilterChainProxy$VirtualFilterChain.doFilter(FilterChainProxy.java:374) ~[spring-security-web-6.2.4.jar:6.2.4]
	at org.springframework.web.filter.CorsFilter.doFilterInternal(CorsFilter.java:91) ~[spring-web-6.1.6.jar:6.1.6]
	at org.springframework.web.filter.OncePerRequestFilter.doFilter(OncePerRequestFilter.java:116) ~[spring-web-6.1.6.jar:6.1.6]
	at org.springframework.security.web.FilterChainProxy$VirtualFilterChain.doFilter(FilterChainProxy.java:374) ~[spring-security-web-6.2.4.jar:6.2.4]
	at org.springframework.security.web.header.HeaderWriterFilter.doHeadersAfter(HeaderWriterFilter.java:90) ~[spring-security-web-6.2.4.jar:6.2.4]
	at org.springframework.security.web.header.HeaderWriterFilter.doFilterInternal(HeaderWriterFilter.java:75) ~[spring-security-web-6.2.4.jar:6.2.4]
	at org.springframework.web.filter.OncePerRequestFilter.doFilter(OncePerRequestFilter.java:116) ~[spring-web-6.1.6.jar:6.1.6]
	at org.springframework.security.web.FilterChainProxy$VirtualFilterChain.doFilter(FilterChainProxy.java:374) ~[spring-security-web-6.2.4.jar:6.2.4]
	at org.springframework.security.web.context.SecurityContextHolderFilter.doFilter(SecurityContextHolderFilter.java:82) ~[spring-security-web-6.2.4.jar:6.2.4]
	at org.springframework.security.web.context.SecurityContextHolderFilter.doFilter(SecurityContextHolderFilter.java:69) ~[spring-security-web-6.2.4.jar:6.2.4]
	at org.springframework.security.web.FilterChainProxy$VirtualFilterChain.doFilter(FilterChainProxy.java:374) ~[spring-security-web-6.2.4.jar:6.2.4]
	at org.springframework.security.web.context.request.async.WebAsyncManagerIntegrationFilter.doFilterInternal(WebAsyncManagerIntegrationFilter.java:62) ~[spring-security-web-6.2.4.jar:6.2.4]
	at org.springframework.web.filter.OncePerRequestFilter.doFilter(OncePerRequestFilter.java:116) ~[spring-web-6.1.6.jar:6.1.6]
	at org.springframework.security.web.FilterChainProxy$VirtualFilterChain.doFilter(FilterChainProxy.java:374) ~[spring-security-web-6.2.4.jar:6.2.4]
	at org.springframework.security.web.session.DisableEncodeUrlFilter.doFilterInternal(DisableEncodeUrlFilter.java:42) ~[spring-security-web-6.2.4.jar:6.2.4]
	at org.springframework.web.filter.OncePerRequestFilter.doFilter(OncePerRequestFilter.java:116) ~[spring-web-6.1.6.jar:6.1.6]
	at org.springframework.security.web.FilterChainProxy$VirtualFilterChain.doFilter(FilterChainProxy.java:374) ~[spring-security-web-6.2.4.jar:6.2.4]
	at org.springframework.security.web.FilterChainProxy.doFilterInternal(FilterChainProxy.java:233) ~[spring-security-web-6.2.4.jar:6.2.4]
	at org.springframework.security.web.FilterChainProxy.doFilter(FilterChainProxy.java:191) ~[spring-security-web-6.2.4.jar:6.2.4]
	at org.springframework.web.filter.CompositeFilter$VirtualFilterChain.doFilter(CompositeFilter.java:113) ~[spring-web-6.1.6.jar:6.1.6]
	at org.springframework.web.servlet.handler.HandlerMappingIntrospector.lambda$createCacheFilter$3(HandlerMappingIntrospector.java:195) ~[spring-webmvc-6.1.6.jar:6.1.6]
	at org.springframework.web.filter.CompositeFilter$VirtualFilterChain.doFilter(CompositeFilter.java:113) ~[spring-web-6.1.6.jar:6.1.6]
	at org.springframework.web.filter.CompositeFilter.doFilter(CompositeFilter.java:74) ~[spring-web-6.1.6.jar:6.1.6]
	at org.springframework.security.config.annotation.web.configuration.WebMvcSecurityConfiguration$CompositeFilterChainProxy.doFilter(WebMvcSecurityConfiguration.java:230) ~[spring-security-config-6.2.4.jar:6.2.4]
	at org.springframework.web.filter.DelegatingFilterProxy.invokeDelegate(DelegatingFilterProxy.java:352) ~[spring-web-6.1.6.jar:6.1.6]
	at org.springframework.web.filter.DelegatingFilterProxy.doFilter(DelegatingFilterProxy.java:268) ~[spring-web-6.1.6.jar:6.1.6]
	at org.apache.catalina.core.ApplicationFilterChain.internalDoFilter(ApplicationFilterChain.java:175) ~[tomcat-embed-core-10.1.20.jar:10.1.20]
	at org.apache.catalina.core.ApplicationFilterChain.doFilter(ApplicationFilterChain.java:150) ~[tomcat-embed-core-10.1.20.jar:10.1.20]
	at org.springframework.web.filter.RequestContextFilter.doFilterInternal(RequestContextFilter.java:100) ~[spring-web-6.1.6.jar:6.1.6]
	at org.springframework.web.filter.OncePerRequestFilter.doFilter(OncePerRequestFilter.java:116) ~[spring-web-6.1.6.jar:6.1.6]
	at org.apache.catalina.core.ApplicationFilterChain.internalDoFilter(ApplicationFilterChain.java:175) ~[tomcat-embed-core-10.1.20.jar:10.1.20]
	at org.apache.catalina.core.ApplicationFilterChain.doFilter(ApplicationFilterChain.java:150) ~[tomcat-embed-core-10.1.20.jar:10.1.20]
	at org.springframework.web.filter.FormContentFilter.doFilterInternal(FormContentFilter.java:93) ~[spring-web-6.1.6.jar:6.1.6]
	at org.springframework.web.filter.OncePerRequestFilter.doFilter(OncePerRequestFilter.java:116) ~[spring-web-6.1.6.jar:6.1.6]
	at org.apache.catalina.core.ApplicationFilterChain.internalDoFilter(ApplicationFilterChain.java:175) ~[tomcat-embed-core-10.1.20.jar:10.1.20]
	at org.apache.catalina.core.ApplicationFilterChain.doFilter(ApplicationFilterChain.java:150) ~[tomcat-embed-core-10.1.20.jar:10.1.20]
	at org.springframework.web.filter.CharacterEncodingFilter.doFilterInternal(CharacterEncodingFilter.java:201) ~[spring-web-6.1.6.jar:6.1.6]
	at org.springframework.web.filter.OncePerRequestFilter.doFilter(OncePerRequestFilter.java:116) ~[spring-web-6.1.6.jar:6.1.6]
	at org.apache.catalina.core.ApplicationFilterChain.internalDoFilter(ApplicationFilterChain.java:175) ~[tomcat-embed-core-10.1.20.jar:10.1.20]
	at org.apache.catalina.core.ApplicationFilterChain.doFilter(ApplicationFilterChain.java:150) ~[tomcat-embed-core-10.1.20.jar:10.1.20]
	at org.apache.catalina.core.StandardWrapperValve.invoke(StandardWrapperValve.java:167) ~[tomcat-embed-core-10.1.20.jar:10.1.20]
	at org.apache.catalina.core.StandardContextValve.invoke(StandardContextValve.java:90) ~[tomcat-embed-core-10.1.20.jar:10.1.20]
	at org.apache.catalina.authenticator.AuthenticatorBase.invoke(AuthenticatorBase.java:482) ~[tomcat-embed-core-10.1.20.jar:10.1.20]
	at org.apache.catalina.core.StandardHostValve.invoke(StandardHostValve.java:115) ~[tomcat-embed-core-10.1.20.jar:10.1.20]
	at org.apache.catalina.valves.ErrorReportValve.invoke(ErrorReportValve.java:93) ~[tomcat-embed-core-10.1.20.jar:10.1.20]
	at org.apache.catalina.core.StandardEngineValve.invoke(StandardEngineValve.java:74) ~[tomcat-embed-core-10.1.20.jar:10.1.20]
	at org.apache.catalina.connector.CoyoteAdapter.service(CoyoteAdapter.java:344) ~[tomcat-embed-core-10.1.20.jar:10.1.20]
	at org.apache.coyote.http11.Http11Processor.service(Http11Processor.java:391) ~[tomcat-embed-core-10.1.20.jar:10.1.20]
	at org.apache.coyote.AbstractProcessorLight.process(AbstractProcessorLight.java:63) ~[tomcat-embed-core-10.1.20.jar:10.1.20]
	at org.apache.coyote.AbstractProtocol$ConnectionHandler.process(AbstractProtocol.java:896) ~[tomcat-embed-core-10.1.20.jar:10.1.20]
	at org.apache.tomcat.util.net.NioEndpoint$SocketProcessor.doRun(NioEndpoint.java:1736) ~[tomcat-embed-core-10.1.20.jar:10.1.20]
	at org.apache.tomcat.util.net.SocketProcessorBase.run(SocketProcessorBase.java:52) ~[tomcat-embed-core-10.1.20.jar:10.1.20]
	at org.apache.tomcat.util.threads.ThreadPoolExecutor.runWorker(ThreadPoolExecutor.java:1191) ~[tomcat-embed-core-10.1.20.jar:10.1.20]
	at org.apache.tomcat.util.threads.ThreadPoolExecutor$Worker.run(ThreadPoolExecutor.java:659) ~[tomcat-embed-core-10.1.20.jar:10.1.20]
	at org.apache.tomcat.util.threads.TaskThread$WrappingRunnable.run(TaskThread.java:63) ~[tomcat-embed-core-10.1.20.jar:10.1.20]
	at java.base/java.lang.Thread.run(Thread.java:1474) ~[na:na]

2026-08-13T09:47:00.779+05:30 DEBUG 492470 --- [demo] [nio-8081-exec-2] o.s.security.web.FilterChainProxy        : Securing GET /error
2026-08-13T09:47:00.780+05:30 DEBUG 492470 --- [demo] [nio-8081-exec-2] o.s.s.w.a.AnonymousAuthenticationFilter  : Set SecurityContextHolder to anonymous SecurityContext
2026-08-13T09:47:00.780+05:30 ERROR 492470 --- [demo] [nio-8081-exec-2] c.t.backend.security.AuthEntryPointJwt   : Unauthorized error: Full authentication is required to access this resource
2026-08-13T09:47:07.156+05:30 DEBUG 492470 --- [demo] [nio-8081-exec-7] o.s.security.web.FilterChainProxy        : Securing OPTIONS /api/v1/auth/login
2026-08-13T09:47:07.159+05:30 DEBUG 492470 --- [demo] [nio-8081-exec-4] o.s.security.web.FilterChainProxy        : Securing POST /api/v1/auth/login
2026-08-13T09:47:07.159+05:30 DEBUG 492470 --- [demo] [nio-8081-exec-4] o.s.s.w.a.AnonymousAuthenticationFilter  : Set SecurityContextHolder to anonymous SecurityContext
2026-08-13T09:47:07.160+05:30 DEBUG 492470 --- [demo] [nio-8081-exec-4] o.s.security.web.FilterChainProxy        : Secured POST /api/v1/auth/login
Hibernate: 
    select
        u1_0.id,
        u1_0.created_at,
        u1_0.email,
        u1_0.full_name,
        u1_0.is_verified,
        u1_0.password_hash,
        u1_0.phone,
        u1_0.role,
        u1_0.updated_at 
    from
        users u1_0 
    where
        u1_0.email=?
2026-08-13T09:47:07.345+05:30 DEBUG 492470 --- [demo] [nio-8081-exec-4] o.s.s.a.dao.DaoAuthenticationProvider    : Authenticated user
2026-08-13T09:47:07.466+05:30 DEBUG 492470 --- [demo] [nio-8081-exec-3] o.s.security.web.FilterChainProxy        : Securing OPTIONS /api/v1/projects?funderId=eb820bcf-10f7-4fa4-ac1d-18babf0ee47f
2026-08-13T09:47:07.466+05:30 DEBUG 492470 --- [demo] [nio-8081-exec-1] o.s.security.web.FilterChainProxy        : Securing OPTIONS /api/v1/projects?funderId=eb820bcf-10f7-4fa4-ac1d-18babf0ee47f
2026-08-13T09:47:07.473+05:30 DEBUG 492470 --- [demo] [nio-8081-exec-6] o.s.security.web.FilterChainProxy        : Securing GET /api/v1/projects?funderId=eb820bcf-10f7-4fa4-ac1d-18babf0ee47f
Hibernate: 
    select
        u1_0.id,
        u1_0.created_at,
        u1_0.email,
        u1_0.full_name,
        u1_0.is_verified,
        u1_0.password_hash,
        u1_0.phone,
        u1_0.role,
        u1_0.updated_at 
    from
        users u1_0 
    where
        u1_0.email=?
2026-08-13T09:47:07.481+05:30 DEBUG 492470 --- [demo] [nio-8081-exec-6] o.s.security.web.FilterChainProxy        : Secured GET /api/v1/projects?funderId=eb820bcf-10f7-4fa4-ac1d-18babf0ee47f
Hibernate: 
    select
        p1_0.id,
        p1_0.created_at,
        p1_0.description,
        p1_0.expected_beneficiaries,
        p1_0.funder_id,
        p1_0.geography,
        p1_0.impact_kpi,
        p1_0.latitude,
        p1_0.longitude,
        p1_0.ngo_id,
        p1_0.project_duration,
        p1_0.sdg_goal,
        p1_0.sdg_target,
        p1_0.status,
        p1_0.title,
        p1_0.total_budget 
    from
        projects p1_0 
    left join
        funder_profiles f1_0 
            on f1_0.id=p1_0.funder_id 
    where
        f1_0.id=?
2026-08-13T09:47:07.490+05:30 DEBUG 492470 --- [demo] [nio-8081-exec-9] o.s.security.web.FilterChainProxy        : Securing GET /api/v1/projects?funderId=eb820bcf-10f7-4fa4-ac1d-18babf0ee47f
Hibernate: 
    select
        u1_0.id,
        u1_0.created_at,
        u1_0.email,
        u1_0.full_name,
        u1_0.is_verified,
        u1_0.password_hash,
        u1_0.phone,
        u1_0.role,
        u1_0.updated_at 
    from
        users u1_0 
    where
        u1_0.email=?
2026-08-13T09:47:07.498+05:30 DEBUG 492470 --- [demo] [nio-8081-exec-9] o.s.security.web.FilterChainProxy        : Secured GET /api/v1/projects?funderId=eb820bcf-10f7-4fa4-ac1d-18babf0ee47f
Hibernate: 
    select
        p1_0.id,
        p1_0.created_at,
        p1_0.description,
        p1_0.expected_beneficiaries,
        p1_0.funder_id,
        p1_0.geography,
        p1_0.impact_kpi,
        p1_0.latitude,
        p1_0.longitude,
        p1_0.ngo_id,
        p1_0.project_duration,
        p1_0.sdg_goal,
        p1_0.sdg_target,
        p1_0.status,
        p1_0.title,
        p1_0.total_budget 
    from
        projects p1_0 
    left join
        funder_profiles f1_0 
            on f1_0.id=p1_0.funder_id 
    where
        f1_0.id=?
2026-08-13T09:47:09.197+05:30 DEBUG 492470 --- [demo] [nio-8081-exec-5] o.s.security.web.FilterChainProxy        : Securing OPTIONS /api/v1/ngos/verified
2026-08-13T09:47:09.197+05:30 DEBUG 492470 --- [demo] [io-8081-exec-10] o.s.security.web.FilterChainProxy        : Securing OPTIONS /api/v1/ngos/verified
2026-08-13T09:47:09.200+05:30 DEBUG 492470 --- [demo] [nio-8081-exec-8] o.s.security.web.FilterChainProxy        : Securing GET /api/v1/ngos/verified
Hibernate: 
    select
        u1_0.id,
        u1_0.created_at,
        u1_0.email,
        u1_0.full_name,
        u1_0.is_verified,
        u1_0.password_hash,
        u1_0.phone,
        u1_0.role,
        u1_0.updated_at 
    from
        users u1_0 
    where
        u1_0.email=?
2026-08-13T09:47:09.206+05:30 DEBUG 492470 --- [demo] [nio-8081-exec-8] o.s.security.web.FilterChainProxy        : Secured GET /api/v1/ngos/verified
Hibernate: 
    select
        np1_0.id,
        np1_0.auditor_membership_number,
        np1_0.auditor_name,
        np1_0.authorized_signatory_designation,
        np1_0.authorized_signatory_name,
        np1_0.authorized_signatory_pan,
        np1_0.bank_account_name,
        np1_0.bank_account_number_encrypted,
        np1_0.contact_email,
        np1_0.contact_phone,
        np1_0.csr1registration_number,
        np1_0.darpan_id,
        np1_0.date_of_establishment,
        np1_0.fcra_number,
        np1_0.focus_sdg_goals,
        np1_0.gstin,
        np1_0.ifsc_code,
        np1_0.latitude,
        np1_0.longitude,
        np1_0.operational_states,
        np1_0.org_name,
        np1_0.pan_number,
        np1_0.reg12a_number,
        np1_0.reg80g_number,
        np1_0.registered_address,
        np1_0.registration_number,
        np1_0.registration_type,
        np1_0.trust_score,
        np1_0.user_id,
        np1_0.verification_status,
        np1_0.verified_at,
        np1_0.website 
    from
        ngo_profiles np1_0
Hibernate: 
    select
        u1_0.id,
        u1_0.created_at,
        u1_0.email,
        u1_0.full_name,
        u1_0.is_verified,
        u1_0.password_hash,
        u1_0.phone,
        u1_0.role,
        u1_0.updated_at 
    from
        users u1_0 
    where
        u1_0.id=?
2026-08-13T09:47:09.211+05:30 ERROR 492470 --- [demo] [nio-8081-exec-8] o.a.c.c.C.[.[.[/].[dispatcherServlet]    : Servlet.service() for servlet [dispatcherServlet] in context with path [] threw exception [Request processing failed: org.springframework.http.converter.HttpMessageConversionException: Type definition error: [simple type, class org.hibernate.proxy.pojo.bytebuddy.ByteBuddyInterceptor]] with root cause

com.fasterxml.jackson.databind.exc.InvalidDefinitionException: No serializer found for class org.hibernate.proxy.pojo.bytebuddy.ByteBuddyInterceptor and no properties discovered to create BeanSerializer (to avoid exception, disable SerializationFeature.FAIL_ON_EMPTY_BEANS) (through reference chain: java.util.ArrayList[0]->com.transparencychain.backend.model.NgoProfile["user"]->com.transparencychain.backend.model.User$HibernateProxy$kzJ01UV1["hibernateLazyInitializer"])
	at com.fasterxml.jackson.databind.exc.InvalidDefinitionException.from(InvalidDefinitionException.java:77) ~[jackson-databind-2.15.4.jar:2.15.4]
	at com.fasterxml.jackson.databind.SerializerProvider.reportBadDefinition(SerializerProvider.java:1308) ~[jackson-databind-2.15.4.jar:2.15.4]
	at com.fasterxml.jackson.databind.DatabindContext.reportBadDefinition(DatabindContext.java:414) ~[jackson-databind-2.15.4.jar:2.15.4]
	at com.fasterxml.jackson.databind.ser.impl.UnknownSerializer.failForEmpty(UnknownSerializer.java:53) ~[jackson-databind-2.15.4.jar:2.15.4]
	at com.fasterxml.jackson.databind.ser.impl.UnknownSerializer.serialize(UnknownSerializer.java:30) ~[jackson-databind-2.15.4.jar:2.15.4]
	at com.fasterxml.jackson.databind.ser.BeanPropertyWriter.serializeAsField(BeanPropertyWriter.java:732) ~[jackson-databind-2.15.4.jar:2.15.4]
	at com.fasterxml.jackson.databind.ser.std.BeanSerializerBase.serializeFields(BeanSerializerBase.java:772) ~[jackson-databind-2.15.4.jar:2.15.4]
	at com.fasterxml.jackson.databind.ser.BeanSerializer.serialize(BeanSerializer.java:178) ~[jackson-databind-2.15.4.jar:2.15.4]
	at com.fasterxml.jackson.databind.ser.BeanPropertyWriter.serializeAsField(BeanPropertyWriter.java:732) ~[jackson-databind-2.15.4.jar:2.15.4]
	at com.fasterxml.jackson.databind.ser.std.BeanSerializerBase.serializeFields(BeanSerializerBase.java:772) ~[jackson-databind-2.15.4.jar:2.15.4]
	at com.fasterxml.jackson.databind.ser.BeanSerializer.serialize(BeanSerializer.java:178) ~[jackson-databind-2.15.4.jar:2.15.4]
	at com.fasterxml.jackson.databind.ser.std.CollectionSerializer.serializeContents(CollectionSerializer.java:145) ~[jackson-databind-2.15.4.jar:2.15.4]
	at com.fasterxml.jackson.databind.ser.std.CollectionSerializer.serialize(CollectionSerializer.java:107) ~[jackson-databind-2.15.4.jar:2.15.4]
	at com.fasterxml.jackson.databind.ser.std.CollectionSerializer.serialize(CollectionSerializer.java:25) ~[jackson-databind-2.15.4.jar:2.15.4]
	at com.fasterxml.jackson.databind.ser.DefaultSerializerProvider._serialize(DefaultSerializerProvider.java:479) ~[jackson-databind-2.15.4.jar:2.15.4]
	at com.fasterxml.jackson.databind.ser.DefaultSerializerProvider.serializeValue(DefaultSerializerProvider.java:399) ~[jackson-databind-2.15.4.jar:2.15.4]
	at com.fasterxml.jackson.databind.ObjectWriter$Prefetch.serialize(ObjectWriter.java:1568) ~[jackson-databind-2.15.4.jar:2.15.4]
	at com.fasterxml.jackson.databind.ObjectWriter.writeValue(ObjectWriter.java:1061) ~[jackson-databind-2.15.4.jar:2.15.4]
	at org.springframework.http.converter.json.AbstractJackson2HttpMessageConverter.writeInternal(AbstractJackson2HttpMessageConverter.java:483) ~[spring-web-6.1.6.jar:6.1.6]
	at org.springframework.http.converter.AbstractGenericHttpMessageConverter.write(AbstractGenericHttpMessageConverter.java:114) ~[spring-web-6.1.6.jar:6.1.6]
	at org.springframework.web.servlet.mvc.method.annotation.AbstractMessageConverterMethodProcessor.writeWithMessageConverters(AbstractMessageConverterMethodProcessor.java:297) ~[spring-webmvc-6.1.6.jar:6.1.6]
	at org.springframework.web.servlet.mvc.method.annotation.HttpEntityMethodProcessor.handleReturnValue(HttpEntityMethodProcessor.java:245) ~[spring-webmvc-6.1.6.jar:6.1.6]
	at org.springframework.web.method.support.HandlerMethodReturnValueHandlerComposite.handleReturnValue(HandlerMethodReturnValueHandlerComposite.java:78) ~[spring-web-6.1.6.jar:6.1.6]
	at org.springframework.web.servlet.mvc.method.annotation.ServletInvocableHandlerMethod.invokeAndHandle(ServletInvocableHandlerMethod.java:136) ~[spring-webmvc-6.1.6.jar:6.1.6]
	at org.springframework.web.servlet.mvc.method.annotation.RequestMappingHandlerAdapter.invokeHandlerMethod(RequestMappingHandlerAdapter.java:926) ~[spring-webmvc-6.1.6.jar:6.1.6]
	at org.springframework.web.servlet.mvc.method.annotation.RequestMappingHandlerAdapter.handleInternal(RequestMappingHandlerAdapter.java:831) ~[spring-webmvc-6.1.6.jar:6.1.6]
	at org.springframework.web.servlet.mvc.method.AbstractHandlerMethodAdapter.handle(AbstractHandlerMethodAdapter.java:87) ~[spring-webmvc-6.1.6.jar:6.1.6]
	at org.springframework.web.servlet.DispatcherServlet.doDispatch(DispatcherServlet.java:1089) ~[spring-webmvc-6.1.6.jar:6.1.6]
	at org.springframework.web.servlet.DispatcherServlet.doService(DispatcherServlet.java:979) ~[spring-webmvc-6.1.6.jar:6.1.6]
	at org.springframework.web.servlet.FrameworkServlet.processRequest(FrameworkServlet.java:1014) ~[spring-webmvc-6.1.6.jar:6.1.6]
	at org.springframework.web.servlet.FrameworkServlet.doGet(FrameworkServlet.java:903) ~[spring-webmvc-6.1.6.jar:6.1.6]
	at jakarta.servlet.http.HttpServlet.service(HttpServlet.java:564) ~[tomcat-embed-core-10.1.20.jar:6.0]
	at org.springframework.web.servlet.FrameworkServlet.service(FrameworkServlet.java:885) ~[spring-webmvc-6.1.6.jar:6.1.6]
	at jakarta.servlet.http.HttpServlet.service(HttpServlet.java:658) ~[tomcat-embed-core-10.1.20.jar:6.0]
	at org.apache.catalina.core.ApplicationFilterChain.internalDoFilter(ApplicationFilterChain.java:206) ~[tomcat-embed-core-10.1.20.jar:10.1.20]
	at org.apache.catalina.core.ApplicationFilterChain.doFilter(ApplicationFilterChain.java:150) ~[tomcat-embed-core-10.1.20.jar:10.1.20]
	at org.apache.tomcat.websocket.server.WsFilter.doFilter(WsFilter.java:51) ~[tomcat-embed-websocket-10.1.20.jar:10.1.20]
	at org.apache.catalina.core.ApplicationFilterChain.internalDoFilter(ApplicationFilterChain.java:175) ~[tomcat-embed-core-10.1.20.jar:10.1.20]
	at org.apache.catalina.core.ApplicationFilterChain.doFilter(ApplicationFilterChain.java:150) ~[tomcat-embed-core-10.1.20.jar:10.1.20]
	at org.springframework.web.filter.OncePerRequestFilter.doFilter(OncePerRequestFilter.java:110) ~[spring-web-6.1.6.jar:6.1.6]
	at org.apache.catalina.core.ApplicationFilterChain.internalDoFilter(ApplicationFilterChain.java:175) ~[tomcat-embed-core-10.1.20.jar:10.1.20]
	at org.apache.catalina.core.ApplicationFilterChain.doFilter(ApplicationFilterChain.java:150) ~[tomcat-embed-core-10.1.20.jar:10.1.20]
	at org.springframework.web.filter.CompositeFilter$VirtualFilterChain.doFilter(CompositeFilter.java:108) ~[spring-web-6.1.6.jar:6.1.6]
	at org.springframework.security.web.FilterChainProxy.lambda$doFilterInternal$3(FilterChainProxy.java:231) ~[spring-security-web-6.2.4.jar:6.2.4]
	at org.springframework.security.web.FilterChainProxy$VirtualFilterChain.doFilter(FilterChainProxy.java:365) ~[spring-security-web-6.2.4.jar:6.2.4]
	at org.springframework.security.web.access.intercept.AuthorizationFilter.doFilter(AuthorizationFilter.java:100) ~[spring-security-web-6.2.4.jar:6.2.4]
	at org.springframework.security.web.FilterChainProxy$VirtualFilterChain.doFilter(FilterChainProxy.java:374) ~[spring-security-web-6.2.4.jar:6.2.4]
	at org.springframework.security.web.access.ExceptionTranslationFilter.doFilter(ExceptionTranslationFilter.java:126) ~[spring-security-web-6.2.4.jar:6.2.4]
	at org.springframework.security.web.access.ExceptionTranslationFilter.doFilter(ExceptionTranslationFilter.java:120) ~[spring-security-web-6.2.4.jar:6.2.4]
	at org.springframework.security.web.FilterChainProxy$VirtualFilterChain.doFilter(FilterChainProxy.java:374) ~[spring-security-web-6.2.4.jar:6.2.4]
	at org.springframework.security.web.session.SessionManagementFilter.doFilter(SessionManagementFilter.java:131) ~[spring-security-web-6.2.4.jar:6.2.4]
	at org.springframework.security.web.session.SessionManagementFilter.doFilter(SessionManagementFilter.java:85) ~[spring-security-web-6.2.4.jar:6.2.4]
	at org.springframework.security.web.FilterChainProxy$VirtualFilterChain.doFilter(FilterChainProxy.java:374) ~[spring-security-web-6.2.4.jar:6.2.4]
	at org.springframework.security.web.authentication.AnonymousAuthenticationFilter.doFilter(AnonymousAuthenticationFilter.java:100) ~[spring-security-web-6.2.4.jar:6.2.4]
	at org.springframework.security.web.FilterChainProxy$VirtualFilterChain.doFilter(FilterChainProxy.java:374) ~[spring-security-web-6.2.4.jar:6.2.4]
	at org.springframework.security.web.servletapi.SecurityContextHolderAwareRequestFilter.doFilter(SecurityContextHolderAwareRequestFilter.java:179) ~[spring-security-web-6.2.4.jar:6.2.4]
	at org.springframework.security.web.FilterChainProxy$VirtualFilterChain.doFilter(FilterChainProxy.java:374) ~[spring-security-web-6.2.4.jar:6.2.4]
	at org.springframework.security.web.savedrequest.RequestCacheAwareFilter.doFilter(RequestCacheAwareFilter.java:63) ~[spring-security-web-6.2.4.jar:6.2.4]
	at org.springframework.security.web.FilterChainProxy$VirtualFilterChain.doFilter(FilterChainProxy.java:374) ~[spring-security-web-6.2.4.jar:6.2.4]
	at com.transparencychain.backend.security.AuthTokenFilter.doFilterInternal(AuthTokenFilter.java:47) ~[classes/:na]
	at org.springframework.web.filter.OncePerRequestFilter.doFilter(OncePerRequestFilter.java:116) ~[spring-web-6.1.6.jar:6.1.6]
	at org.springframework.security.web.FilterChainProxy$VirtualFilterChain.doFilter(FilterChainProxy.java:374) ~[spring-security-web-6.2.4.jar:6.2.4]
	at org.springframework.security.web.authentication.logout.LogoutFilter.doFilter(LogoutFilter.java:107) ~[spring-security-web-6.2.4.jar:6.2.4]
	at org.springframework.security.web.authentication.logout.LogoutFilter.doFilter(LogoutFilter.java:93) ~[spring-security-web-6.2.4.jar:6.2.4]
	at org.springframework.security.web.FilterChainProxy$VirtualFilterChain.doFilter(FilterChainProxy.java:374) ~[spring-security-web-6.2.4.jar:6.2.4]
	at org.springframework.web.filter.CorsFilter.doFilterInternal(CorsFilter.java:91) ~[spring-web-6.1.6.jar:6.1.6]
	at org.springframework.web.filter.OncePerRequestFilter.doFilter(OncePerRequestFilter.java:116) ~[spring-web-6.1.6.jar:6.1.6]
	at org.springframework.security.web.FilterChainProxy$VirtualFilterChain.doFilter(FilterChainProxy.java:374) ~[spring-security-web-6.2.4.jar:6.2.4]
	at org.springframework.security.web.header.HeaderWriterFilter.doHeadersAfter(HeaderWriterFilter.java:90) ~[spring-security-web-6.2.4.jar:6.2.4]
	at org.springframework.security.web.header.HeaderWriterFilter.doFilterInternal(HeaderWriterFilter.java:75) ~[spring-security-web-6.2.4.jar:6.2.4]
	at org.springframework.web.filter.OncePerRequestFilter.doFilter(OncePerRequestFilter.java:116) ~[spring-web-6.1.6.jar:6.1.6]
	at org.springframework.security.web.FilterChainProxy$VirtualFilterChain.doFilter(FilterChainProxy.java:374) ~[spring-security-web-6.2.4.jar:6.2.4]
	at org.springframework.security.web.context.SecurityContextHolderFilter.doFilter(SecurityContextHolderFilter.java:82) ~[spring-security-web-6.2.4.jar:6.2.4]
	at org.springframework.security.web.context.SecurityContextHolderFilter.doFilter(SecurityContextHolderFilter.java:69) ~[spring-security-web-6.2.4.jar:6.2.4]
	at org.springframework.security.web.FilterChainProxy$VirtualFilterChain.doFilter(FilterChainProxy.java:374) ~[spring-security-web-6.2.4.jar:6.2.4]
	at org.springframework.security.web.context.request.async.WebAsyncManagerIntegrationFilter.doFilterInternal(WebAsyncManagerIntegrationFilter.java:62) ~[spring-security-web-6.2.4.jar:6.2.4]
	at org.springframework.web.filter.OncePerRequestFilter.doFilter(OncePerRequestFilter.java:116) ~[spring-web-6.1.6.jar:6.1.6]
	at org.springframework.security.web.FilterChainProxy$VirtualFilterChain.doFilter(FilterChainProxy.java:374) ~[spring-security-web-6.2.4.jar:6.2.4]
	at org.springframework.security.web.session.DisableEncodeUrlFilter.doFilterInternal(DisableEncodeUrlFilter.java:42) ~[spring-security-web-6.2.4.jar:6.2.4]
	at org.springframework.web.filter.OncePerRequestFilter.doFilter(OncePerRequestFilter.java:116) ~[spring-web-6.1.6.jar:6.1.6]
	at org.springframework.security.web.FilterChainProxy$VirtualFilterChain.doFilter(FilterChainProxy.java:374) ~[spring-security-web-6.2.4.jar:6.2.4]
	at org.springframework.security.web.FilterChainProxy.doFilterInternal(FilterChainProxy.java:233) ~[spring-security-web-6.2.4.jar:6.2.4]
	at org.springframework.security.web.FilterChainProxy.doFilter(FilterChainProxy.java:191) ~[spring-security-web-6.2.4.jar:6.2.4]
	at org.springframework.web.filter.CompositeFilter$VirtualFilterChain.doFilter(CompositeFilter.java:113) ~[spring-web-6.1.6.jar:6.1.6]
	at org.springframework.web.servlet.handler.HandlerMappingIntrospector.lambda$createCacheFilter$3(HandlerMappingIntrospector.java:195) ~[spring-webmvc-6.1.6.jar:6.1.6]
	at org.springframework.web.filter.CompositeFilter$VirtualFilterChain.doFilter(CompositeFilter.java:113) ~[spring-web-6.1.6.jar:6.1.6]
	at org.springframework.web.filter.CompositeFilter.doFilter(CompositeFilter.java:74) ~[spring-web-6.1.6.jar:6.1.6]
	at org.springframework.security.config.annotation.web.configuration.WebMvcSecurityConfiguration$CompositeFilterChainProxy.doFilter(WebMvcSecurityConfiguration.java:230) ~[spring-security-config-6.2.4.jar:6.2.4]
	at org.springframework.web.filter.DelegatingFilterProxy.invokeDelegate(DelegatingFilterProxy.java:352) ~[spring-web-6.1.6.jar:6.1.6]
	at org.springframework.web.filter.DelegatingFilterProxy.doFilter(DelegatingFilterProxy.java:268) ~[spring-web-6.1.6.jar:6.1.6]
	at org.apache.catalina.core.ApplicationFilterChain.internalDoFilter(ApplicationFilterChain.java:175) ~[tomcat-embed-core-10.1.20.jar:10.1.20]
	at org.apache.catalina.core.ApplicationFilterChain.doFilter(ApplicationFilterChain.java:150) ~[tomcat-embed-core-10.1.20.jar:10.1.20]
	at org.springframework.web.filter.RequestContextFilter.doFilterInternal(RequestContextFilter.java:100) ~[spring-web-6.1.6.jar:6.1.6]
	at org.springframework.web.filter.OncePerRequestFilter.doFilter(OncePerRequestFilter.java:116) ~[spring-web-6.1.6.jar:6.1.6]
	at org.apache.catalina.core.ApplicationFilterChain.internalDoFilter(ApplicationFilterChain.java:175) ~[tomcat-embed-core-10.1.20.jar:10.1.20]
	at org.apache.catalina.core.ApplicationFilterChain.doFilter(ApplicationFilterChain.java:150) ~[tomcat-embed-core-10.1.20.jar:10.1.20]
	at org.springframework.web.filter.FormContentFilter.doFilterInternal(FormContentFilter.java:93) ~[spring-web-6.1.6.jar:6.1.6]
	at org.springframework.web.filter.OncePerRequestFilter.doFilter(OncePerRequestFilter.java:116) ~[spring-web-6.1.6.jar:6.1.6]
	at org.apache.catalina.core.ApplicationFilterChain.internalDoFilter(ApplicationFilterChain.java:175) ~[tomcat-embed-core-10.1.20.jar:10.1.20]
	at org.apache.catalina.core.ApplicationFilterChain.doFilter(ApplicationFilterChain.java:150) ~[tomcat-embed-core-10.1.20.jar:10.1.20]
	at org.springframework.web.filter.CharacterEncodingFilter.doFilterInternal(CharacterEncodingFilter.java:201) ~[spring-web-6.1.6.jar:6.1.6]
	at org.springframework.web.filter.OncePerRequestFilter.doFilter(OncePerRequestFilter.java:116) ~[spring-web-6.1.6.jar:6.1.6]
	at org.apache.catalina.core.ApplicationFilterChain.internalDoFilter(ApplicationFilterChain.java:175) ~[tomcat-embed-core-10.1.20.jar:10.1.20]
	at org.apache.catalina.core.ApplicationFilterChain.doFilter(ApplicationFilterChain.java:150) ~[tomcat-embed-core-10.1.20.jar:10.1.20]
	at org.apache.catalina.core.StandardWrapperValve.invoke(StandardWrapperValve.java:167) ~[tomcat-embed-core-10.1.20.jar:10.1.20]
	at org.apache.catalina.core.StandardContextValve.invoke(StandardContextValve.java:90) ~[tomcat-embed-core-10.1.20.jar:10.1.20]
	at org.apache.catalina.authenticator.AuthenticatorBase.invoke(AuthenticatorBase.java:482) ~[tomcat-embed-core-10.1.20.jar:10.1.20]
	at org.apache.catalina.core.StandardHostValve.invoke(StandardHostValve.java:115) ~[tomcat-embed-core-10.1.20.jar:10.1.20]
	at org.apache.catalina.valves.ErrorReportValve.invoke(ErrorReportValve.java:93) ~[tomcat-embed-core-10.1.20.jar:10.1.20]
	at org.apache.catalina.core.StandardEngineValve.invoke(StandardEngineValve.java:74) ~[tomcat-embed-core-10.1.20.jar:10.1.20]
	at org.apache.catalina.connector.CoyoteAdapter.service(CoyoteAdapter.java:344) ~[tomcat-embed-core-10.1.20.jar:10.1.20]
	at org.apache.coyote.http11.Http11Processor.service(Http11Processor.java:391) ~[tomcat-embed-core-10.1.20.jar:10.1.20]
	at org.apache.coyote.AbstractProcessorLight.process(AbstractProcessorLight.java:63) ~[tomcat-embed-core-10.1.20.jar:10.1.20]
	at org.apache.coyote.AbstractProtocol$ConnectionHandler.process(AbstractProtocol.java:896) ~[tomcat-embed-core-10.1.20.jar:10.1.20]
	at org.apache.tomcat.util.net.NioEndpoint$SocketProcessor.doRun(NioEndpoint.java:1736) ~[tomcat-embed-core-10.1.20.jar:10.1.20]
	at org.apache.tomcat.util.net.SocketProcessorBase.run(SocketProcessorBase.java:52) ~[tomcat-embed-core-10.1.20.jar:10.1.20]
	at org.apache.tomcat.util.threads.ThreadPoolExecutor.runWorker(ThreadPoolExecutor.java:1191) ~[tomcat-embed-core-10.1.20.jar:10.1.20]
	at org.apache.tomcat.util.threads.ThreadPoolExecutor$Worker.run(ThreadPoolExecutor.java:659) ~[tomcat-embed-core-10.1.20.jar:10.1.20]
	at org.apache.tomcat.util.threads.TaskThread$WrappingRunnable.run(TaskThread.java:63) ~[tomcat-embed-core-10.1.20.jar:10.1.20]
	at java.base/java.lang.Thread.run(Thread.java:1474) ~[na:na]

2026-08-13T09:47:09.212+05:30 DEBUG 492470 --- [demo] [nio-8081-exec-8] o.s.security.web.FilterChainProxy        : Securing GET /error
2026-08-13T09:47:09.212+05:30 DEBUG 492470 --- [demo] [nio-8081-exec-8] o.s.s.w.a.AnonymousAuthenticationFilter  : Set SecurityContextHolder to anonymous SecurityContext
2026-08-13T09:47:09.213+05:30 ERROR 492470 --- [demo] [nio-8081-exec-8] c.t.backend.security.AuthEntryPointJwt   : Unauthorized error: Full authentication is required to access this resource
2026-08-13T09:47:09.215+05:30 DEBUG 492470 --- [demo] [nio-8081-exec-2] o.s.security.web.FilterChainProxy        : Securing GET /api/v1/ngos/verified
Hibernate: 
    select
        u1_0.id,
        u1_0.created_at,
        u1_0.email,
        u1_0.full_name,
        u1_0.is_verified,
        u1_0.password_hash,
        u1_0.phone,
        u1_0.role,
        u1_0.updated_at 
    from
        users u1_0 
    where
        u1_0.email=?
2026-08-13T09:47:09.222+05:30 DEBUG 492470 --- [demo] [nio-8081-exec-2] o.s.security.web.FilterChainProxy        : Secured GET /api/v1/ngos/verified
Hibernate: 
    select
        np1_0.id,
        np1_0.auditor_membership_number,
        np1_0.auditor_name,
        np1_0.authorized_signatory_designation,
        np1_0.authorized_signatory_name,
        np1_0.authorized_signatory_pan,
        np1_0.bank_account_name,
        np1_0.bank_account_number_encrypted,
        np1_0.contact_email,
        np1_0.contact_phone,
        np1_0.csr1registration_number,
        np1_0.darpan_id,
        np1_0.date_of_establishment,
        np1_0.fcra_number,
        np1_0.focus_sdg_goals,
        np1_0.gstin,
        np1_0.ifsc_code,
        np1_0.latitude,
        np1_0.longitude,
        np1_0.operational_states,
        np1_0.org_name,
        np1_0.pan_number,
        np1_0.reg12a_number,
        np1_0.reg80g_number,
        np1_0.registered_address,
        np1_0.registration_number,
        np1_0.registration_type,
        np1_0.trust_score,
        np1_0.user_id,
        np1_0.verification_status,
        np1_0.verified_at,
        np1_0.website 
    from
        ngo_profiles np1_0
Hibernate: 
    select
        u1_0.id,
        u1_0.created_at,
        u1_0.email,
        u1_0.full_name,
        u1_0.is_verified,
        u1_0.password_hash,
        u1_0.phone,
        u1_0.role,
        u1_0.updated_at 
    from
        users u1_0 
    where
        u1_0.id=?
2026-08-13T09:47:09.244+05:30 ERROR 492470 --- [demo] [nio-8081-exec-2] o.a.c.c.C.[.[.[/].[dispatcherServlet]    : Servlet.service() for servlet [dispatcherServlet] in context with path [] threw exception [Request processing failed: org.springframework.http.converter.HttpMessageConversionException: Type definition error: [simple type, class org.hibernate.proxy.pojo.bytebuddy.ByteBuddyInterceptor]] with root cause

com.fasterxml.jackson.databind.exc.InvalidDefinitionException: No serializer found for class org.hibernate.proxy.pojo.bytebuddy.ByteBuddyInterceptor and no properties discovered to create BeanSerializer (to avoid exception, disable SerializationFeature.FAIL_ON_EMPTY_BEANS) (through reference chain: java.util.ArrayList[0]->com.transparencychain.backend.model.NgoProfile["user"]->com.transparencychain.backend.model.User$HibernateProxy$kzJ01UV1["hibernateLazyInitializer"])
	at com.fasterxml.jackson.databind.exc.InvalidDefinitionException.from(InvalidDefinitionException.java:77) ~[jackson-databind-2.15.4.jar:2.15.4]
	at com.fasterxml.jackson.databind.SerializerProvider.reportBadDefinition(SerializerProvider.java:1308) ~[jackson-databind-2.15.4.jar:2.15.4]
	at com.fasterxml.jackson.databind.DatabindContext.reportBadDefinition(DatabindContext.java:414) ~[jackson-databind-2.15.4.jar:2.15.4]
	at com.fasterxml.jackson.databind.ser.impl.UnknownSerializer.failForEmpty(UnknownSerializer.java:53) ~[jackson-databind-2.15.4.jar:2.15.4]
	at com.fasterxml.jackson.databind.ser.impl.UnknownSerializer.serialize(UnknownSerializer.java:30) ~[jackson-databind-2.15.4.jar:2.15.4]
	at com.fasterxml.jackson.databind.ser.BeanPropertyWriter.serializeAsField(BeanPropertyWriter.java:732) ~[jackson-databind-2.15.4.jar:2.15.4]
	at com.fasterxml.jackson.databind.ser.std.BeanSerializerBase.serializeFields(BeanSerializerBase.java:772) ~[jackson-databind-2.15.4.jar:2.15.4]
	at com.fasterxml.jackson.databind.ser.BeanSerializer.serialize(BeanSerializer.java:178) ~[jackson-databind-2.15.4.jar:2.15.4]
	at com.fasterxml.jackson.databind.ser.BeanPropertyWriter.serializeAsField(BeanPropertyWriter.java:732) ~[jackson-databind-2.15.4.jar:2.15.4]
	at com.fasterxml.jackson.databind.ser.std.BeanSerializerBase.serializeFields(BeanSerializerBase.java:772) ~[jackson-databind-2.15.4.jar:2.15.4]
	at com.fasterxml.jackson.databind.ser.BeanSerializer.serialize(BeanSerializer.java:178) ~[jackson-databind-2.15.4.jar:2.15.4]
	at com.fasterxml.jackson.databind.ser.std.CollectionSerializer.serializeContents(CollectionSerializer.java:145) ~[jackson-databind-2.15.4.jar:2.15.4]
	at com.fasterxml.jackson.databind.ser.std.CollectionSerializer.serialize(CollectionSerializer.java:107) ~[jackson-databind-2.15.4.jar:2.15.4]
	at com.fasterxml.jackson.databind.ser.std.CollectionSerializer.serialize(CollectionSerializer.java:25) ~[jackson-databind-2.15.4.jar:2.15.4]
	at com.fasterxml.jackson.databind.ser.DefaultSerializerProvider._serialize(DefaultSerializerProvider.java:479) ~[jackson-databind-2.15.4.jar:2.15.4]
	at com.fasterxml.jackson.databind.ser.DefaultSerializerProvider.serializeValue(DefaultSerializerProvider.java:399) ~[jackson-databind-2.15.4.jar:2.15.4]
	at com.fasterxml.jackson.databind.ObjectWriter$Prefetch.serialize(ObjectWriter.java:1568) ~[jackson-databind-2.15.4.jar:2.15.4]
	at com.fasterxml.jackson.databind.ObjectWriter.writeValue(ObjectWriter.java:1061) ~[jackson-databind-2.15.4.jar:2.15.4]
	at org.springframework.http.converter.json.AbstractJackson2HttpMessageConverter.writeInternal(AbstractJackson2HttpMessageConverter.java:483) ~[spring-web-6.1.6.jar:6.1.6]
	at org.springframework.http.converter.AbstractGenericHttpMessageConverter.write(AbstractGenericHttpMessageConverter.java:114) ~[spring-web-6.1.6.jar:6.1.6]
	at org.springframework.web.servlet.mvc.method.annotation.AbstractMessageConverterMethodProcessor.writeWithMessageConverters(AbstractMessageConverterMethodProcessor.java:297) ~[spring-webmvc-6.1.6.jar:6.1.6]
	at org.springframework.web.servlet.mvc.method.annotation.HttpEntityMethodProcessor.handleReturnValue(HttpEntityMethodProcessor.java:245) ~[spring-webmvc-6.1.6.jar:6.1.6]
	at org.springframework.web.method.support.HandlerMethodReturnValueHandlerComposite.handleReturnValue(HandlerMethodReturnValueHandlerComposite.java:78) ~[spring-web-6.1.6.jar:6.1.6]
	at org.springframework.web.servlet.mvc.method.annotation.ServletInvocableHandlerMethod.invokeAndHandle(ServletInvocableHandlerMethod.java:136) ~[spring-webmvc-6.1.6.jar:6.1.6]
	at org.springframework.web.servlet.mvc.method.annotation.RequestMappingHandlerAdapter.invokeHandlerMethod(RequestMappingHandlerAdapter.java:926) ~[spring-webmvc-6.1.6.jar:6.1.6]
	at org.springframework.web.servlet.mvc.method.annotation.RequestMappingHandlerAdapter.handleInternal(RequestMappingHandlerAdapter.java:831) ~[spring-webmvc-6.1.6.jar:6.1.6]
	at org.springframework.web.servlet.mvc.method.AbstractHandlerMethodAdapter.handle(AbstractHandlerMethodAdapter.java:87) ~[spring-webmvc-6.1.6.jar:6.1.6]
	at org.springframework.web.servlet.DispatcherServlet.doDispatch(DispatcherServlet.java:1089) ~[spring-webmvc-6.1.6.jar:6.1.6]
	at org.springframework.web.servlet.DispatcherServlet.doService(DispatcherServlet.java:979) ~[spring-webmvc-6.1.6.jar:6.1.6]
	at org.springframework.web.servlet.FrameworkServlet.processRequest(FrameworkServlet.java:1014) ~[spring-webmvc-6.1.6.jar:6.1.6]
	at org.springframework.web.servlet.FrameworkServlet.doGet(FrameworkServlet.java:903) ~[spring-webmvc-6.1.6.jar:6.1.6]
	at jakarta.servlet.http.HttpServlet.service(HttpServlet.java:564) ~[tomcat-embed-core-10.1.20.jar:6.0]
	at org.springframework.web.servlet.FrameworkServlet.service(FrameworkServlet.java:885) ~[spring-webmvc-6.1.6.jar:6.1.6]
	at jakarta.servlet.http.HttpServlet.service(HttpServlet.java:658) ~[tomcat-embed-core-10.1.20.jar:6.0]
	at org.apache.catalina.core.ApplicationFilterChain.internalDoFilter(ApplicationFilterChain.java:206) ~[tomcat-embed-core-10.1.20.jar:10.1.20]
	at org.apache.catalina.core.ApplicationFilterChain.doFilter(ApplicationFilterChain.java:150) ~[tomcat-embed-core-10.1.20.jar:10.1.20]
	at org.apache.tomcat.websocket.server.WsFilter.doFilter(WsFilter.java:51) ~[tomcat-embed-websocket-10.1.20.jar:10.1.20]
	at org.apache.catalina.core.ApplicationFilterChain.internalDoFilter(ApplicationFilterChain.java:175) ~[tomcat-embed-core-10.1.20.jar:10.1.20]
	at org.apache.catalina.core.ApplicationFilterChain.doFilter(ApplicationFilterChain.java:150) ~[tomcat-embed-core-10.1.20.jar:10.1.20]
	at org.springframework.web.filter.OncePerRequestFilter.doFilter(OncePerRequestFilter.java:110) ~[spring-web-6.1.6.jar:6.1.6]
	at org.apache.catalina.core.ApplicationFilterChain.internalDoFilter(ApplicationFilterChain.java:175) ~[tomcat-embed-core-10.1.20.jar:10.1.20]
	at org.apache.catalina.core.ApplicationFilterChain.doFilter(ApplicationFilterChain.java:150) ~[tomcat-embed-core-10.1.20.jar:10.1.20]
	at org.springframework.web.filter.CompositeFilter$VirtualFilterChain.doFilter(CompositeFilter.java:108) ~[spring-web-6.1.6.jar:6.1.6]
	at org.springframework.security.web.FilterChainProxy.lambda$doFilterInternal$3(FilterChainProxy.java:231) ~[spring-security-web-6.2.4.jar:6.2.4]
	at org.springframework.security.web.FilterChainProxy$VirtualFilterChain.doFilter(FilterChainProxy.java:365) ~[spring-security-web-6.2.4.jar:6.2.4]
	at org.springframework.security.web.access.intercept.AuthorizationFilter.doFilter(AuthorizationFilter.java:100) ~[spring-security-web-6.2.4.jar:6.2.4]
	at org.springframework.security.web.FilterChainProxy$VirtualFilterChain.doFilter(FilterChainProxy.java:374) ~[spring-security-web-6.2.4.jar:6.2.4]
	at org.springframework.security.web.access.ExceptionTranslationFilter.doFilter(ExceptionTranslationFilter.java:126) ~[spring-security-web-6.2.4.jar:6.2.4]
	at org.springframework.security.web.access.ExceptionTranslationFilter.doFilter(ExceptionTranslationFilter.java:120) ~[spring-security-web-6.2.4.jar:6.2.4]
	at org.springframework.security.web.FilterChainProxy$VirtualFilterChain.doFilter(FilterChainProxy.java:374) ~[spring-security-web-6.2.4.jar:6.2.4]
	at org.springframework.security.web.session.SessionManagementFilter.doFilter(SessionManagementFilter.java:131) ~[spring-security-web-6.2.4.jar:6.2.4]
	at org.springframework.security.web.session.SessionManagementFilter.doFilter(SessionManagementFilter.java:85) ~[spring-security-web-6.2.4.jar:6.2.4]
	at org.springframework.security.web.FilterChainProxy$VirtualFilterChain.doFilter(FilterChainProxy.java:374) ~[spring-security-web-6.2.4.jar:6.2.4]
	at org.springframework.security.web.authentication.AnonymousAuthenticationFilter.doFilter(AnonymousAuthenticationFilter.java:100) ~[spring-security-web-6.2.4.jar:6.2.4]
	at org.springframework.security.web.FilterChainProxy$VirtualFilterChain.doFilter(FilterChainProxy.java:374) ~[spring-security-web-6.2.4.jar:6.2.4]
	at org.springframework.security.web.servletapi.SecurityContextHolderAwareRequestFilter.doFilter(SecurityContextHolderAwareRequestFilter.java:179) ~[spring-security-web-6.2.4.jar:6.2.4]
	at org.springframework.security.web.FilterChainProxy$VirtualFilterChain.doFilter(FilterChainProxy.java:374) ~[spring-security-web-6.2.4.jar:6.2.4]
	at org.springframework.security.web.savedrequest.RequestCacheAwareFilter.doFilter(RequestCacheAwareFilter.java:63) ~[spring-security-web-6.2.4.jar:6.2.4]
	at org.springframework.security.web.FilterChainProxy$VirtualFilterChain.doFilter(FilterChainProxy.java:374) ~[spring-security-web-6.2.4.jar:6.2.4]
	at com.transparencychain.backend.security.AuthTokenFilter.doFilterInternal(AuthTokenFilter.java:47) ~[classes/:na]
	at org.springframework.web.filter.OncePerRequestFilter.doFilter(OncePerRequestFilter.java:116) ~[spring-web-6.1.6.jar:6.1.6]
	at org.springframework.security.web.FilterChainProxy$VirtualFilterChain.doFilter(FilterChainProxy.java:374) ~[spring-security-web-6.2.4.jar:6.2.4]
	at org.springframework.security.web.authentication.logout.LogoutFilter.doFilter(LogoutFilter.java:107) ~[spring-security-web-6.2.4.jar:6.2.4]
	at org.springframework.security.web.authentication.logout.LogoutFilter.doFilter(LogoutFilter.java:93) ~[spring-security-web-6.2.4.jar:6.2.4]
	at org.springframework.security.web.FilterChainProxy$VirtualFilterChain.doFilter(FilterChainProxy.java:374) ~[spring-security-web-6.2.4.jar:6.2.4]
	at org.springframework.web.filter.CorsFilter.doFilterInternal(CorsFilter.java:91) ~[spring-web-6.1.6.jar:6.1.6]
	at org.springframework.web.filter.OncePerRequestFilter.doFilter(OncePerRequestFilter.java:116) ~[spring-web-6.1.6.jar:6.1.6]
	at org.springframework.security.web.FilterChainProxy$VirtualFilterChain.doFilter(FilterChainProxy.java:374) ~[spring-security-web-6.2.4.jar:6.2.4]
	at org.springframework.security.web.header.HeaderWriterFilter.doHeadersAfter(HeaderWriterFilter.java:90) ~[spring-security-web-6.2.4.jar:6.2.4]
	at org.springframework.security.web.header.HeaderWriterFilter.doFilterInternal(HeaderWriterFilter.java:75) ~[spring-security-web-6.2.4.jar:6.2.4]
	at org.springframework.web.filter.OncePerRequestFilter.doFilter(OncePerRequestFilter.java:116) ~[spring-web-6.1.6.jar:6.1.6]
	at org.springframework.security.web.FilterChainProxy$VirtualFilterChain.doFilter(FilterChainProxy.java:374) ~[spring-security-web-6.2.4.jar:6.2.4]
	at org.springframework.security.web.context.SecurityContextHolderFilter.doFilter(SecurityContextHolderFilter.java:82) ~[spring-security-web-6.2.4.jar:6.2.4]
	at org.springframework.security.web.context.SecurityContextHolderFilter.doFilter(SecurityContextHolderFilter.java:69) ~[spring-security-web-6.2.4.jar:6.2.4]
	at org.springframework.security.web.FilterChainProxy$VirtualFilterChain.doFilter(FilterChainProxy.java:374) ~[spring-security-web-6.2.4.jar:6.2.4]
	at org.springframework.security.web.context.request.async.WebAsyncManagerIntegrationFilter.doFilterInternal(WebAsyncManagerIntegrationFilter.java:62) ~[spring-security-web-6.2.4.jar:6.2.4]
	at org.springframework.web.filter.OncePerRequestFilter.doFilter(OncePerRequestFilter.java:116) ~[spring-web-6.1.6.jar:6.1.6]
	at org.springframework.security.web.FilterChainProxy$VirtualFilterChain.doFilter(FilterChainProxy.java:374) ~[spring-security-web-6.2.4.jar:6.2.4]
	at org.springframework.security.web.session.DisableEncodeUrlFilter.doFilterInternal(DisableEncodeUrlFilter.java:42) ~[spring-security-web-6.2.4.jar:6.2.4]
	at org.springframework.web.filter.OncePerRequestFilter.doFilter(OncePerRequestFilter.java:116) ~[spring-web-6.1.6.jar:6.1.6]
	at org.springframework.security.web.FilterChainProxy$VirtualFilterChain.doFilter(FilterChainProxy.java:374) ~[spring-security-web-6.2.4.jar:6.2.4]
	at org.springframework.security.web.FilterChainProxy.doFilterInternal(FilterChainProxy.java:233) ~[spring-security-web-6.2.4.jar:6.2.4]
	at org.springframework.security.web.FilterChainProxy.doFilter(FilterChainProxy.java:191) ~[spring-security-web-6.2.4.jar:6.2.4]
	at org.springframework.web.filter.CompositeFilter$VirtualFilterChain.doFilter(CompositeFilter.java:113) ~[spring-web-6.1.6.jar:6.1.6]
	at org.springframework.web.servlet.handler.HandlerMappingIntrospector.lambda$createCacheFilter$3(HandlerMappingIntrospector.java:195) ~[spring-webmvc-6.1.6.jar:6.1.6]
	at org.springframework.web.filter.CompositeFilter$VirtualFilterChain.doFilter(CompositeFilter.java:113) ~[spring-web-6.1.6.jar:6.1.6]
	at org.springframework.web.filter.CompositeFilter.doFilter(CompositeFilter.java:74) ~[spring-web-6.1.6.jar:6.1.6]
	at org.springframework.security.config.annotation.web.configuration.WebMvcSecurityConfiguration$CompositeFilterChainProxy.doFilter(WebMvcSecurityConfiguration.java:230) ~[spring-security-config-6.2.4.jar:6.2.4]
	at org.springframework.web.filter.DelegatingFilterProxy.invokeDelegate(DelegatingFilterProxy.java:352) ~[spring-web-6.1.6.jar:6.1.6]
	at org.springframework.web.filter.DelegatingFilterProxy.doFilter(DelegatingFilterProxy.java:268) ~[spring-web-6.1.6.jar:6.1.6]
	at org.apache.catalina.core.ApplicationFilterChain.internalDoFilter(ApplicationFilterChain.java:175) ~[tomcat-embed-core-10.1.20.jar:10.1.20]
	at org.apache.catalina.core.ApplicationFilterChain.doFilter(ApplicationFilterChain.java:150) ~[tomcat-embed-core-10.1.20.jar:10.1.20]
	at org.springframework.web.filter.RequestContextFilter.doFilterInternal(RequestContextFilter.java:100) ~[spring-web-6.1.6.jar:6.1.6]
	at org.springframework.web.filter.OncePerRequestFilter.doFilter(OncePerRequestFilter.java:116) ~[spring-web-6.1.6.jar:6.1.6]
	at org.apache.catalina.core.ApplicationFilterChain.internalDoFilter(ApplicationFilterChain.java:175) ~[tomcat-embed-core-10.1.20.jar:10.1.20]
	at org.apache.catalina.core.ApplicationFilterChain.doFilter(ApplicationFilterChain.java:150) ~[tomcat-embed-core-10.1.20.jar:10.1.20]
	at org.springframework.web.filter.FormContentFilter.doFilterInternal(FormContentFilter.java:93) ~[spring-web-6.1.6.jar:6.1.6]
	at org.springframework.web.filter.OncePerRequestFilter.doFilter(OncePerRequestFilter.java:116) ~[spring-web-6.1.6.jar:6.1.6]
	at org.apache.catalina.core.ApplicationFilterChain.internalDoFilter(ApplicationFilterChain.java:175) ~[tomcat-embed-core-10.1.20.jar:10.1.20]
	at org.apache.catalina.core.ApplicationFilterChain.doFilter(ApplicationFilterChain.java:150) ~[tomcat-embed-core-10.1.20.jar:10.1.20]
	at org.springframework.web.filter.CharacterEncodingFilter.doFilterInternal(CharacterEncodingFilter.java:201) ~[spring-web-6.1.6.jar:6.1.6]
	at org.springframework.web.filter.OncePerRequestFilter.doFilter(OncePerRequestFilter.java:116) ~[spring-web-6.1.6.jar:6.1.6]
	at org.apache.catalina.core.ApplicationFilterChain.internalDoFilter(ApplicationFilterChain.java:175) ~[tomcat-embed-core-10.1.20.jar:10.1.20]
	at org.apache.catalina.core.ApplicationFilterChain.doFilter(ApplicationFilterChain.java:150) ~[tomcat-embed-core-10.1.20.jar:10.1.20]
	at org.apache.catalina.core.StandardWrapperValve.invoke(StandardWrapperValve.java:167) ~[tomcat-embed-core-10.1.20.jar:10.1.20]
	at org.apache.catalina.core.StandardContextValve.invoke(StandardContextValve.java:90) ~[tomcat-embed-core-10.1.20.jar:10.1.20]
	at org.apache.catalina.authenticator.AuthenticatorBase.invoke(AuthenticatorBase.java:482) ~[tomcat-embed-core-10.1.20.jar:10.1.20]
	at org.apache.catalina.core.StandardHostValve.invoke(StandardHostValve.java:115) ~[tomcat-embed-core-10.1.20.jar:10.1.20]
	at org.apache.catalina.valves.ErrorReportValve.invoke(ErrorReportValve.java:93) ~[tomcat-embed-core-10.1.20.jar:10.1.20]
	at org.apache.catalina.core.StandardEngineValve.invoke(StandardEngineValve.java:74) ~[tomcat-embed-core-10.1.20.jar:10.1.20]
	at org.apache.catalina.connector.CoyoteAdapter.service(CoyoteAdapter.java:344) ~[tomcat-embed-core-10.1.20.jar:10.1.20]
	at org.apache.coyote.http11.Http11Processor.service(Http11Processor.java:391) ~[tomcat-embed-core-10.1.20.jar:10.1.20]
	at org.apache.coyote.AbstractProcessorLight.process(AbstractProcessorLight.java:63) ~[tomcat-embed-core-10.1.20.jar:10.1.20]
	at org.apache.coyote.AbstractProtocol$ConnectionHandler.process(AbstractProtocol.java:896) ~[tomcat-embed-core-10.1.20.jar:10.1.20]
	at org.apache.tomcat.util.net.NioEndpoint$SocketProcessor.doRun(NioEndpoint.java:1736) ~[tomcat-embed-core-10.1.20.jar:10.1.20]
	at org.apache.tomcat.util.net.SocketProcessorBase.run(SocketProcessorBase.java:52) ~[tomcat-embed-core-10.1.20.jar:10.1.20]
	at org.apache.tomcat.util.threads.ThreadPoolExecutor.runWorker(ThreadPoolExecutor.java:1191) ~[tomcat-embed-core-10.1.20.jar:10.1.20]
	at org.apache.tomcat.util.threads.ThreadPoolExecutor$Worker.run(ThreadPoolExecutor.java:659) ~[tomcat-embed-core-10.1.20.jar:10.1.20]
	at org.apache.tomcat.util.threads.TaskThread$WrappingRunnable.run(TaskThread.java:63) ~[tomcat-embed-core-10.1.20.jar:10.1.20]
	at java.base/java.lang.Thread.run(Thread.java:1474) ~[na:na]

2026-08-13T09:47:09.248+05:30 DEBUG 492470 --- [demo] [nio-8081-exec-2] o.s.security.web.FilterChainProxy        : Securing GET /error
2026-08-13T09:47:09.248+05:30 DEBUG 492470 --- [demo] [nio-8081-exec-2] o.s.s.w.a.AnonymousAuthenticationFilter  : Set SecurityContextHolder to anonymous SecurityContext
2026-08-13T09:47:09.249+05:30 ERROR 492470 --- [demo] [nio-8081-exec-2] c.t.backend.security.AuthEntryPointJwt   : Unauthorized error: Full authentication is required to access this resource
2026-08-13T09:47:10.807+05:30 DEBUG 492470 --- [demo] [nio-8081-exec-7] o.s.security.web.FilterChainProxy        : Securing POST /api/v1/auth/login
2026-08-13T09:47:10.807+05:30 DEBUG 492470 --- [demo] [nio-8081-exec-7] o.s.s.w.a.AnonymousAuthenticationFilter  : Set SecurityContextHolder to anonymous SecurityContext
2026-08-13T09:47:10.808+05:30 DEBUG 492470 --- [demo] [nio-8081-exec-7] o.s.security.web.FilterChainProxy        : Secured POST /api/v1/auth/login
Hibernate: 
    select
        u1_0.id,
        u1_0.created_at,
        u1_0.email,
        u1_0.full_name,
        u1_0.is_verified,
        u1_0.password_hash,
        u1_0.phone,
        u1_0.role,
        u1_0.updated_at 
    from
        users u1_0 
    where
        u1_0.email=?
2026-08-13T09:47:10.893+05:30 DEBUG 492470 --- [demo] [nio-8081-exec-7] o.s.s.a.dao.DaoAuthenticationProvider    : Authenticated user
2026-08-13T09:47:10.930+05:30 DEBUG 492470 --- [demo] [nio-8081-exec-4] o.s.security.web.FilterChainProxy        : Securing GET /api/v1/projects?funderId=eb820bcf-10f7-4fa4-ac1d-18babf0ee47f
Hibernate: 
    select
        u1_0.id,
        u1_0.created_at,
        u1_0.email,
        u1_0.full_name,
        u1_0.is_verified,
        u1_0.password_hash,
        u1_0.phone,
        u1_0.role,
        u1_0.updated_at 
    from
        users u1_0 
    where
        u1_0.email=?
2026-08-13T09:47:10.935+05:30 DEBUG 492470 --- [demo] [nio-8081-exec-4] o.s.security.web.FilterChainProxy        : Secured GET /api/v1/projects?funderId=eb820bcf-10f7-4fa4-ac1d-18babf0ee47f
Hibernate: 
    select
        p1_0.id,
        p1_0.created_at,
        p1_0.description,
        p1_0.expected_beneficiaries,
        p1_0.funder_id,
        p1_0.geography,
        p1_0.impact_kpi,
        p1_0.latitude,
        p1_0.longitude,
        p1_0.ngo_id,
        p1_0.project_duration,
        p1_0.sdg_goal,
        p1_0.sdg_target,
        p1_0.status,
        p1_0.title,
        p1_0.total_budget 
    from
        projects p1_0 
    left join
        funder_profiles f1_0 
            on f1_0.id=p1_0.funder_id 
    where
        f1_0.id=?
2026-08-13T09:47:10.939+05:30 DEBUG 492470 --- [demo] [nio-8081-exec-1] o.s.security.web.FilterChainProxy        : Securing GET /api/v1/projects?funderId=eb820bcf-10f7-4fa4-ac1d-18babf0ee47f
Hibernate: 
    select
        u1_0.id,
        u1_0.created_at,
        u1_0.email,
        u1_0.full_name,
        u1_0.is_verified,
        u1_0.password_hash,
        u1_0.phone,
        u1_0.role,
        u1_0.updated_at 
    from
        users u1_0 
    where
        u1_0.email=?
2026-08-13T09:47:10.944+05:30 DEBUG 492470 --- [demo] [nio-8081-exec-1] o.s.security.web.FilterChainProxy        : Secured GET /api/v1/projects?funderId=eb820bcf-10f7-4fa4-ac1d-18babf0ee47f
Hibernate: 
    select
        p1_0.id,
        p1_0.created_at,
        p1_0.description,
        p1_0.expected_beneficiaries,
        p1_0.funder_id,
        p1_0.geography,
        p1_0.impact_kpi,
        p1_0.latitude,
        p1_0.longitude,
        p1_0.ngo_id,
        p1_0.project_duration,
        p1_0.sdg_goal,
        p1_0.sdg_target,
        p1_0.status,
        p1_0.title,
        p1_0.total_budget 
    from
        projects p1_0 
    left join
        funder_profiles f1_0 
            on f1_0.id=p1_0.funder_id 
    where
        f1_0.id=?
2026-08-13T09:47:12.205+05:30 DEBUG 492470 --- [demo] [nio-8081-exec-3] o.s.security.web.FilterChainProxy        : Securing GET /api/v1/ngos/verified
Hibernate: 
    select
        u1_0.id,
        u1_0.created_at,
        u1_0.email,
        u1_0.full_name,
        u1_0.is_verified,
        u1_0.password_hash,
        u1_0.phone,
        u1_0.role,
        u1_0.updated_at 
    from
        users u1_0 
    where
        u1_0.email=?
2026-08-13T09:47:12.210+05:30 DEBUG 492470 --- [demo] [nio-8081-exec-3] o.s.security.web.FilterChainProxy        : Secured GET /api/v1/ngos/verified
Hibernate: 
    select
        np1_0.id,
        np1_0.auditor_membership_number,
        np1_0.auditor_name,
        np1_0.authorized_signatory_designation,
        np1_0.authorized_signatory_name,
        np1_0.authorized_signatory_pan,
        np1_0.bank_account_name,
        np1_0.bank_account_number_encrypted,
        np1_0.contact_email,
        np1_0.contact_phone,
        np1_0.csr1registration_number,
        np1_0.darpan_id,
        np1_0.date_of_establishment,
        np1_0.fcra_number,
        np1_0.focus_sdg_goals,
        np1_0.gstin,
        np1_0.ifsc_code,
        np1_0.latitude,
        np1_0.longitude,
        np1_0.operational_states,
        np1_0.org_name,
        np1_0.pan_number,
        np1_0.reg12a_number,
        np1_0.reg80g_number,
        np1_0.registered_address,
        np1_0.registration_number,
        np1_0.registration_type,
        np1_0.trust_score,
        np1_0.user_id,
        np1_0.verification_status,
        np1_0.verified_at,
        np1_0.website 
    from
        ngo_profiles np1_0
Hibernate: 
    select
        u1_0.id,
        u1_0.created_at,
        u1_0.email,
        u1_0.full_name,
        u1_0.is_verified,
        u1_0.password_hash,
        u1_0.phone,
        u1_0.role,
        u1_0.updated_at 
    from
        users u1_0 
    where
        u1_0.id=?
2026-08-13T09:47:12.213+05:30 ERROR 492470 --- [demo] [nio-8081-exec-3] o.a.c.c.C.[.[.[/].[dispatcherServlet]    : Servlet.service() for servlet [dispatcherServlet] in context with path [] threw exception [Request processing failed: org.springframework.http.converter.HttpMessageConversionException: Type definition error: [simple type, class org.hibernate.proxy.pojo.bytebuddy.ByteBuddyInterceptor]] with root cause

com.fasterxml.jackson.databind.exc.InvalidDefinitionException: No serializer found for class org.hibernate.proxy.pojo.bytebuddy.ByteBuddyInterceptor and no properties discovered to create BeanSerializer (to avoid exception, disable SerializationFeature.FAIL_ON_EMPTY_BEANS) (through reference chain: java.util.ArrayList[0]->com.transparencychain.backend.model.NgoProfile["user"]->com.transparencychain.backend.model.User$HibernateProxy$kzJ01UV1["hibernateLazyInitializer"])
	at com.fasterxml.jackson.databind.exc.InvalidDefinitionException.from(InvalidDefinitionException.java:77) ~[jackson-databind-2.15.4.jar:2.15.4]
	at com.fasterxml.jackson.databind.SerializerProvider.reportBadDefinition(SerializerProvider.java:1308) ~[jackson-databind-2.15.4.jar:2.15.4]
	at com.fasterxml.jackson.databind.DatabindContext.reportBadDefinition(DatabindContext.java:414) ~[jackson-databind-2.15.4.jar:2.15.4]
	at com.fasterxml.jackson.databind.ser.impl.UnknownSerializer.failForEmpty(UnknownSerializer.java:53) ~[jackson-databind-2.15.4.jar:2.15.4]
	at com.fasterxml.jackson.databind.ser.impl.UnknownSerializer.serialize(UnknownSerializer.java:30) ~[jackson-databind-2.15.4.jar:2.15.4]
	at com.fasterxml.jackson.databind.ser.BeanPropertyWriter.serializeAsField(BeanPropertyWriter.java:732) ~[jackson-databind-2.15.4.jar:2.15.4]
	at com.fasterxml.jackson.databind.ser.std.BeanSerializerBase.serializeFields(BeanSerializerBase.java:772) ~[jackson-databind-2.15.4.jar:2.15.4]
	at com.fasterxml.jackson.databind.ser.BeanSerializer.serialize(BeanSerializer.java:178) ~[jackson-databind-2.15.4.jar:2.15.4]
	at com.fasterxml.jackson.databind.ser.BeanPropertyWriter.serializeAsField(BeanPropertyWriter.java:732) ~[jackson-databind-2.15.4.jar:2.15.4]
	at com.fasterxml.jackson.databind.ser.std.BeanSerializerBase.serializeFields(BeanSerializerBase.java:772) ~[jackson-databind-2.15.4.jar:2.15.4]
	at com.fasterxml.jackson.databind.ser.BeanSerializer.serialize(BeanSerializer.java:178) ~[jackson-databind-2.15.4.jar:2.15.4]
	at com.fasterxml.jackson.databind.ser.std.CollectionSerializer.serializeContents(CollectionSerializer.java:145) ~[jackson-databind-2.15.4.jar:2.15.4]
	at com.fasterxml.jackson.databind.ser.std.CollectionSerializer.serialize(CollectionSerializer.java:107) ~[jackson-databind-2.15.4.jar:2.15.4]
	at com.fasterxml.jackson.databind.ser.std.CollectionSerializer.serialize(CollectionSerializer.java:25) ~[jackson-databind-2.15.4.jar:2.15.4]
	at com.fasterxml.jackson.databind.ser.DefaultSerializerProvider._serialize(DefaultSerializerProvider.java:479) ~[jackson-databind-2.15.4.jar:2.15.4]
	at com.fasterxml.jackson.databind.ser.DefaultSerializerProvider.serializeValue(DefaultSerializerProvider.java:399) ~[jackson-databind-2.15.4.jar:2.15.4]
	at com.fasterxml.jackson.databind.ObjectWriter$Prefetch.serialize(ObjectWriter.java:1568) ~[jackson-databind-2.15.4.jar:2.15.4]
	at com.fasterxml.jackson.databind.ObjectWriter.writeValue(ObjectWriter.java:1061) ~[jackson-databind-2.15.4.jar:2.15.4]
	at org.springframework.http.converter.json.AbstractJackson2HttpMessageConverter.writeInternal(AbstractJackson2HttpMessageConverter.java:483) ~[spring-web-6.1.6.jar:6.1.6]
	at org.springframework.http.converter.AbstractGenericHttpMessageConverter.write(AbstractGenericHttpMessageConverter.java:114) ~[spring-web-6.1.6.jar:6.1.6]
	at org.springframework.web.servlet.mvc.method.annotation.AbstractMessageConverterMethodProcessor.writeWithMessageConverters(AbstractMessageConverterMethodProcessor.java:297) ~[spring-webmvc-6.1.6.jar:6.1.6]
	at org.springframework.web.servlet.mvc.method.annotation.HttpEntityMethodProcessor.handleReturnValue(HttpEntityMethodProcessor.java:245) ~[spring-webmvc-6.1.6.jar:6.1.6]
	at org.springframework.web.method.support.HandlerMethodReturnValueHandlerComposite.handleReturnValue(HandlerMethodReturnValueHandlerComposite.java:78) ~[spring-web-6.1.6.jar:6.1.6]
	at org.springframework.web.servlet.mvc.method.annotation.ServletInvocableHandlerMethod.invokeAndHandle(ServletInvocableHandlerMethod.java:136) ~[spring-webmvc-6.1.6.jar:6.1.6]
	at org.springframework.web.servlet.mvc.method.annotation.RequestMappingHandlerAdapter.invokeHandlerMethod(RequestMappingHandlerAdapter.java:926) ~[spring-webmvc-6.1.6.jar:6.1.6]
	at org.springframework.web.servlet.mvc.method.annotation.RequestMappingHandlerAdapter.handleInternal(RequestMappingHandlerAdapter.java:831) ~[spring-webmvc-6.1.6.jar:6.1.6]
	at org.springframework.web.servlet.mvc.method.AbstractHandlerMethodAdapter.handle(AbstractHandlerMethodAdapter.java:87) ~[spring-webmvc-6.1.6.jar:6.1.6]
	at org.springframework.web.servlet.DispatcherServlet.doDispatch(DispatcherServlet.java:1089) ~[spring-webmvc-6.1.6.jar:6.1.6]
	at org.springframework.web.servlet.DispatcherServlet.doService(DispatcherServlet.java:979) ~[spring-webmvc-6.1.6.jar:6.1.6]
	at org.springframework.web.servlet.FrameworkServlet.processRequest(FrameworkServlet.java:1014) ~[spring-webmvc-6.1.6.jar:6.1.6]
	at org.springframework.web.servlet.FrameworkServlet.doGet(FrameworkServlet.java:903) ~[spring-webmvc-6.1.6.jar:6.1.6]
	at jakarta.servlet.http.HttpServlet.service(HttpServlet.java:564) ~[tomcat-embed-core-10.1.20.jar:6.0]
	at org.springframework.web.servlet.FrameworkServlet.service(FrameworkServlet.java:885) ~[spring-webmvc-6.1.6.jar:6.1.6]
	at jakarta.servlet.http.HttpServlet.service(HttpServlet.java:658) ~[tomcat-embed-core-10.1.20.jar:6.0]
	at org.apache.catalina.core.ApplicationFilterChain.internalDoFilter(ApplicationFilterChain.java:206) ~[tomcat-embed-core-10.1.20.jar:10.1.20]
	at org.apache.catalina.core.ApplicationFilterChain.doFilter(ApplicationFilterChain.java:150) ~[tomcat-embed-core-10.1.20.jar:10.1.20]
	at org.apache.tomcat.websocket.server.WsFilter.doFilter(WsFilter.java:51) ~[tomcat-embed-websocket-10.1.20.jar:10.1.20]
	at org.apache.catalina.core.ApplicationFilterChain.internalDoFilter(ApplicationFilterChain.java:175) ~[tomcat-embed-core-10.1.20.jar:10.1.20]
	at org.apache.catalina.core.ApplicationFilterChain.doFilter(ApplicationFilterChain.java:150) ~[tomcat-embed-core-10.1.20.jar:10.1.20]
	at org.springframework.web.filter.OncePerRequestFilter.doFilter(OncePerRequestFilter.java:110) ~[spring-web-6.1.6.jar:6.1.6]
	at org.apache.catalina.core.ApplicationFilterChain.internalDoFilter(ApplicationFilterChain.java:175) ~[tomcat-embed-core-10.1.20.jar:10.1.20]
	at org.apache.catalina.core.ApplicationFilterChain.doFilter(ApplicationFilterChain.java:150) ~[tomcat-embed-core-10.1.20.jar:10.1.20]
	at org.springframework.web.filter.CompositeFilter$VirtualFilterChain.doFilter(CompositeFilter.java:108) ~[spring-web-6.1.6.jar:6.1.6]
	at org.springframework.security.web.FilterChainProxy.lambda$doFilterInternal$3(FilterChainProxy.java:231) ~[spring-security-web-6.2.4.jar:6.2.4]
	at org.springframework.security.web.FilterChainProxy$VirtualFilterChain.doFilter(FilterChainProxy.java:365) ~[spring-security-web-6.2.4.jar:6.2.4]
	at org.springframework.security.web.access.intercept.AuthorizationFilter.doFilter(AuthorizationFilter.java:100) ~[spring-security-web-6.2.4.jar:6.2.4]
	at org.springframework.security.web.FilterChainProxy$VirtualFilterChain.doFilter(FilterChainProxy.java:374) ~[spring-security-web-6.2.4.jar:6.2.4]
	at org.springframework.security.web.access.ExceptionTranslationFilter.doFilter(ExceptionTranslationFilter.java:126) ~[spring-security-web-6.2.4.jar:6.2.4]
	at org.springframework.security.web.access.ExceptionTranslationFilter.doFilter(ExceptionTranslationFilter.java:120) ~[spring-security-web-6.2.4.jar:6.2.4]
	at org.springframework.security.web.FilterChainProxy$VirtualFilterChain.doFilter(FilterChainProxy.java:374) ~[spring-security-web-6.2.4.jar:6.2.4]
	at org.springframework.security.web.session.SessionManagementFilter.doFilter(SessionManagementFilter.java:131) ~[spring-security-web-6.2.4.jar:6.2.4]
	at org.springframework.security.web.session.SessionManagementFilter.doFilter(SessionManagementFilter.java:85) ~[spring-security-web-6.2.4.jar:6.2.4]
	at org.springframework.security.web.FilterChainProxy$VirtualFilterChain.doFilter(FilterChainProxy.java:374) ~[spring-security-web-6.2.4.jar:6.2.4]
	at org.springframework.security.web.authentication.AnonymousAuthenticationFilter.doFilter(AnonymousAuthenticationFilter.java:100) ~[spring-security-web-6.2.4.jar:6.2.4]
	at org.springframework.security.web.FilterChainProxy$VirtualFilterChain.doFilter(FilterChainProxy.java:374) ~[spring-security-web-6.2.4.jar:6.2.4]
	at org.springframework.security.web.servletapi.SecurityContextHolderAwareRequestFilter.doFilter(SecurityContextHolderAwareRequestFilter.java:179) ~[spring-security-web-6.2.4.jar:6.2.4]
	at org.springframework.security.web.FilterChainProxy$VirtualFilterChain.doFilter(FilterChainProxy.java:374) ~[spring-security-web-6.2.4.jar:6.2.4]
	at org.springframework.security.web.savedrequest.RequestCacheAwareFilter.doFilter(RequestCacheAwareFilter.java:63) ~[spring-security-web-6.2.4.jar:6.2.4]
	at org.springframework.security.web.FilterChainProxy$VirtualFilterChain.doFilter(FilterChainProxy.java:374) ~[spring-security-web-6.2.4.jar:6.2.4]
	at com.transparencychain.backend.security.AuthTokenFilter.doFilterInternal(AuthTokenFilter.java:47) ~[classes/:na]
	at org.springframework.web.filter.OncePerRequestFilter.doFilter(OncePerRequestFilter.java:116) ~[spring-web-6.1.6.jar:6.1.6]
	at org.springframework.security.web.FilterChainProxy$VirtualFilterChain.doFilter(FilterChainProxy.java:374) ~[spring-security-web-6.2.4.jar:6.2.4]
	at org.springframework.security.web.authentication.logout.LogoutFilter.doFilter(LogoutFilter.java:107) ~[spring-security-web-6.2.4.jar:6.2.4]
	at org.springframework.security.web.authentication.logout.LogoutFilter.doFilter(LogoutFilter.java:93) ~[spring-security-web-6.2.4.jar:6.2.4]
	at org.springframework.security.web.FilterChainProxy$VirtualFilterChain.doFilter(FilterChainProxy.java:374) ~[spring-security-web-6.2.4.jar:6.2.4]
	at org.springframework.web.filter.CorsFilter.doFilterInternal(CorsFilter.java:91) ~[spring-web-6.1.6.jar:6.1.6]
	at org.springframework.web.filter.OncePerRequestFilter.doFilter(OncePerRequestFilter.java:116) ~[spring-web-6.1.6.jar:6.1.6]
	at org.springframework.security.web.FilterChainProxy$VirtualFilterChain.doFilter(FilterChainProxy.java:374) ~[spring-security-web-6.2.4.jar:6.2.4]
	at org.springframework.security.web.header.HeaderWriterFilter.doHeadersAfter(HeaderWriterFilter.java:90) ~[spring-security-web-6.2.4.jar:6.2.4]
	at org.springframework.security.web.header.HeaderWriterFilter.doFilterInternal(HeaderWriterFilter.java:75) ~[spring-security-web-6.2.4.jar:6.2.4]
	at org.springframework.web.filter.OncePerRequestFilter.doFilter(OncePerRequestFilter.java:116) ~[spring-web-6.1.6.jar:6.1.6]
	at org.springframework.security.web.FilterChainProxy$VirtualFilterChain.doFilter(FilterChainProxy.java:374) ~[spring-security-web-6.2.4.jar:6.2.4]
	at org.springframework.security.web.context.SecurityContextHolderFilter.doFilter(SecurityContextHolderFilter.java:82) ~[spring-security-web-6.2.4.jar:6.2.4]
	at org.springframework.security.web.context.SecurityContextHolderFilter.doFilter(SecurityContextHolderFilter.java:69) ~[spring-security-web-6.2.4.jar:6.2.4]
	at org.springframework.security.web.FilterChainProxy$VirtualFilterChain.doFilter(FilterChainProxy.java:374) ~[spring-security-web-6.2.4.jar:6.2.4]
	at org.springframework.security.web.context.request.async.WebAsyncManagerIntegrationFilter.doFilterInternal(WebAsyncManagerIntegrationFilter.java:62) ~[spring-security-web-6.2.4.jar:6.2.4]
	at org.springframework.web.filter.OncePerRequestFilter.doFilter(OncePerRequestFilter.java:116) ~[spring-web-6.1.6.jar:6.1.6]
	at org.springframework.security.web.FilterChainProxy$VirtualFilterChain.doFilter(FilterChainProxy.java:374) ~[spring-security-web-6.2.4.jar:6.2.4]
	at org.springframework.security.web.session.DisableEncodeUrlFilter.doFilterInternal(DisableEncodeUrlFilter.java:42) ~[spring-security-web-6.2.4.jar:6.2.4]
	at org.springframework.web.filter.OncePerRequestFilter.doFilter(OncePerRequestFilter.java:116) ~[spring-web-6.1.6.jar:6.1.6]
	at org.springframework.security.web.FilterChainProxy$VirtualFilterChain.doFilter(FilterChainProxy.java:374) ~[spring-security-web-6.2.4.jar:6.2.4]
	at org.springframework.security.web.FilterChainProxy.doFilterInternal(FilterChainProxy.java:233) ~[spring-security-web-6.2.4.jar:6.2.4]
	at org.springframework.security.web.FilterChainProxy.doFilter(FilterChainProxy.java:191) ~[spring-security-web-6.2.4.jar:6.2.4]
	at org.springframework.web.filter.CompositeFilter$VirtualFilterChain.doFilter(CompositeFilter.java:113) ~[spring-web-6.1.6.jar:6.1.6]
	at org.springframework.web.servlet.handler.HandlerMappingIntrospector.lambda$createCacheFilter$3(HandlerMappingIntrospector.java:195) ~[spring-webmvc-6.1.6.jar:6.1.6]
	at org.springframework.web.filter.CompositeFilter$VirtualFilterChain.doFilter(CompositeFilter.java:113) ~[spring-web-6.1.6.jar:6.1.6]
	at org.springframework.web.filter.CompositeFilter.doFilter(CompositeFilter.java:74) ~[spring-web-6.1.6.jar:6.1.6]
	at org.springframework.security.config.annotation.web.configuration.WebMvcSecurityConfiguration$CompositeFilterChainProxy.doFilter(WebMvcSecurityConfiguration.java:230) ~[spring-security-config-6.2.4.jar:6.2.4]
	at org.springframework.web.filter.DelegatingFilterProxy.invokeDelegate(DelegatingFilterProxy.java:352) ~[spring-web-6.1.6.jar:6.1.6]
	at org.springframework.web.filter.DelegatingFilterProxy.doFilter(DelegatingFilterProxy.java:268) ~[spring-web-6.1.6.jar:6.1.6]
	at org.apache.catalina.core.ApplicationFilterChain.internalDoFilter(ApplicationFilterChain.java:175) ~[tomcat-embed-core-10.1.20.jar:10.1.20]
	at org.apache.catalina.core.ApplicationFilterChain.doFilter(ApplicationFilterChain.java:150) ~[tomcat-embed-core-10.1.20.jar:10.1.20]
	at org.springframework.web.filter.RequestContextFilter.doFilterInternal(RequestContextFilter.java:100) ~[spring-web-6.1.6.jar:6.1.6]
	at org.springframework.web.filter.OncePerRequestFilter.doFilter(OncePerRequestFilter.java:116) ~[spring-web-6.1.6.jar:6.1.6]
	at org.apache.catalina.core.ApplicationFilterChain.internalDoFilter(ApplicationFilterChain.java:175) ~[tomcat-embed-core-10.1.20.jar:10.1.20]
	at org.apache.catalina.core.ApplicationFilterChain.doFilter(ApplicationFilterChain.java:150) ~[tomcat-embed-core-10.1.20.jar:10.1.20]
	at org.springframework.web.filter.FormContentFilter.doFilterInternal(FormContentFilter.java:93) ~[spring-web-6.1.6.jar:6.1.6]
	at org.springframework.web.filter.OncePerRequestFilter.doFilter(OncePerRequestFilter.java:116) ~[spring-web-6.1.6.jar:6.1.6]
	at org.apache.catalina.core.ApplicationFilterChain.internalDoFilter(ApplicationFilterChain.java:175) ~[tomcat-embed-core-10.1.20.jar:10.1.20]
	at org.apache.catalina.core.ApplicationFilterChain.doFilter(ApplicationFilterChain.java:150) ~[tomcat-embed-core-10.1.20.jar:10.1.20]
	at org.springframework.web.filter.CharacterEncodingFilter.doFilterInternal(CharacterEncodingFilter.java:201) ~[spring-web-6.1.6.jar:6.1.6]
	at org.springframework.web.filter.OncePerRequestFilter.doFilter(OncePerRequestFilter.java:116) ~[spring-web-6.1.6.jar:6.1.6]
	at org.apache.catalina.core.ApplicationFilterChain.internalDoFilter(ApplicationFilterChain.java:175) ~[tomcat-embed-core-10.1.20.jar:10.1.20]
	at org.apache.catalina.core.ApplicationFilterChain.doFilter(ApplicationFilterChain.java:150) ~[tomcat-embed-core-10.1.20.jar:10.1.20]
	at org.apache.catalina.core.StandardWrapperValve.invoke(StandardWrapperValve.java:167) ~[tomcat-embed-core-10.1.20.jar:10.1.20]
	at org.apache.catalina.core.StandardContextValve.invoke(StandardContextValve.java:90) ~[tomcat-embed-core-10.1.20.jar:10.1.20]
	at org.apache.catalina.authenticator.AuthenticatorBase.invoke(AuthenticatorBase.java:482) ~[tomcat-embed-core-10.1.20.jar:10.1.20]
	at org.apache.catalina.core.StandardHostValve.invoke(StandardHostValve.java:115) ~[tomcat-embed-core-10.1.20.jar:10.1.20]
	at org.apache.catalina.valves.ErrorReportValve.invoke(ErrorReportValve.java:93) ~[tomcat-embed-core-10.1.20.jar:10.1.20]
	at org.apache.catalina.core.StandardEngineValve.invoke(StandardEngineValve.java:74) ~[tomcat-embed-core-10.1.20.jar:10.1.20]
	at org.apache.catalina.connector.CoyoteAdapter.service(CoyoteAdapter.java:344) ~[tomcat-embed-core-10.1.20.jar:10.1.20]
	at org.apache.coyote.http11.Http11Processor.service(Http11Processor.java:391) ~[tomcat-embed-core-10.1.20.jar:10.1.20]
	at org.apache.coyote.AbstractProcessorLight.process(AbstractProcessorLight.java:63) ~[tomcat-embed-core-10.1.20.jar:10.1.20]
	at org.apache.coyote.AbstractProtocol$ConnectionHandler.process(AbstractProtocol.java:896) ~[tomcat-embed-core-10.1.20.jar:10.1.20]
	at org.apache.tomcat.util.net.NioEndpoint$SocketProcessor.doRun(NioEndpoint.java:1736) ~[tomcat-embed-core-10.1.20.jar:10.1.20]
	at org.apache.tomcat.util.net.SocketProcessorBase.run(SocketProcessorBase.java:52) ~[tomcat-embed-core-10.1.20.jar:10.1.20]
	at org.apache.tomcat.util.threads.ThreadPoolExecutor.runWorker(ThreadPoolExecutor.java:1191) ~[tomcat-embed-core-10.1.20.jar:10.1.20]
	at org.apache.tomcat.util.threads.ThreadPoolExecutor$Worker.run(ThreadPoolExecutor.java:659) ~[tomcat-embed-core-10.1.20.jar:10.1.20]
	at org.apache.tomcat.util.threads.TaskThread$WrappingRunnable.run(TaskThread.java:63) ~[tomcat-embed-core-10.1.20.jar:10.1.20]
	at java.base/java.lang.Thread.run(Thread.java:1474) ~[na:na]

2026-08-13T09:47:12.214+05:30 DEBUG 492470 --- [demo] [nio-8081-exec-3] o.s.security.web.FilterChainProxy        : Securing GET /error
2026-08-13T09:47:12.214+05:30 DEBUG 492470 --- [demo] [nio-8081-exec-3] o.s.s.w.a.AnonymousAuthenticationFilter  : Set SecurityContextHolder to anonymous SecurityContext
2026-08-13T09:47:12.214+05:30 ERROR 492470 --- [demo] [nio-8081-exec-3] c.t.backend.security.AuthEntryPointJwt   : Unauthorized error: Full authentication is required to access this resource
2026-08-13T09:47:12.216+05:30 DEBUG 492470 --- [demo] [nio-8081-exec-6] o.s.security.web.FilterChainProxy        : Securing GET /api/v1/ngos/verified
Hibernate: 
    select
        u1_0.id,
        u1_0.created_at,
        u1_0.email,
        u1_0.full_name,
        u1_0.is_verified,
        u1_0.password_hash,
        u1_0.phone,
        u1_0.role,
        u1_0.updated_at 
    from
        users u1_0 
    where
        u1_0.email=?
2026-08-13T09:47:12.220+05:30 DEBUG 492470 --- [demo] [nio-8081-exec-6] o.s.security.web.FilterChainProxy        : Secured GET /api/v1/ngos/verified
Hibernate: 
    select
        np1_0.id,
        np1_0.auditor_membership_number,
        np1_0.auditor_name,
        np1_0.authorized_signatory_designation,
        np1_0.authorized_signatory_name,
        np1_0.authorized_signatory_pan,
        np1_0.bank_account_name,
        np1_0.bank_account_number_encrypted,
        np1_0.contact_email,
        np1_0.contact_phone,
        np1_0.csr1registration_number,
        np1_0.darpan_id,
        np1_0.date_of_establishment,
        np1_0.fcra_number,
        np1_0.focus_sdg_goals,
        np1_0.gstin,
        np1_0.ifsc_code,
        np1_0.latitude,
        np1_0.longitude,
        np1_0.operational_states,
        np1_0.org_name,
        np1_0.pan_number,
        np1_0.reg12a_number,
        np1_0.reg80g_number,
        np1_0.registered_address,
        np1_0.registration_number,
        np1_0.registration_type,
        np1_0.trust_score,
        np1_0.user_id,
        np1_0.verification_status,
        np1_0.verified_at,
        np1_0.website 
    from
        ngo_profiles np1_0
Hibernate: 
    select
        u1_0.id,
        u1_0.created_at,
        u1_0.email,
        u1_0.full_name,
        u1_0.is_verified,
        u1_0.password_hash,
        u1_0.phone,
        u1_0.role,
        u1_0.updated_at 
    from
        users u1_0 
    where
        u1_0.id=?
2026-08-13T09:47:12.230+05:30 ERROR 492470 --- [demo] [nio-8081-exec-6] o.a.c.c.C.[.[.[/].[dispatcherServlet]    : Servlet.service() for servlet [dispatcherServlet] in context with path [] threw exception [Request processing failed: org.springframework.http.converter.HttpMessageConversionException: Type definition error: [simple type, class org.hibernate.proxy.pojo.bytebuddy.ByteBuddyInterceptor]] with root cause

com.fasterxml.jackson.databind.exc.InvalidDefinitionException: No serializer found for class org.hibernate.proxy.pojo.bytebuddy.ByteBuddyInterceptor and no properties discovered to create BeanSerializer (to avoid exception, disable SerializationFeature.FAIL_ON_EMPTY_BEANS) (through reference chain: java.util.ArrayList[0]->com.transparencychain.backend.model.NgoProfile["user"]->com.transparencychain.backend.model.User$HibernateProxy$kzJ01UV1["hibernateLazyInitializer"])
	at com.fasterxml.jackson.databind.exc.InvalidDefinitionException.from(InvalidDefinitionException.java:77) ~[jackson-databind-2.15.4.jar:2.15.4]
	at com.fasterxml.jackson.databind.SerializerProvider.reportBadDefinition(SerializerProvider.java:1308) ~[jackson-databind-2.15.4.jar:2.15.4]
	at com.fasterxml.jackson.databind.DatabindContext.reportBadDefinition(DatabindContext.java:414) ~[jackson-databind-2.15.4.jar:2.15.4]
	at com.fasterxml.jackson.databind.ser.impl.UnknownSerializer.failForEmpty(UnknownSerializer.java:53) ~[jackson-databind-2.15.4.jar:2.15.4]
	at com.fasterxml.jackson.databind.ser.impl.UnknownSerializer.serialize(UnknownSerializer.java:30) ~[jackson-databind-2.15.4.jar:2.15.4]
	at com.fasterxml.jackson.databind.ser.BeanPropertyWriter.serializeAsField(BeanPropertyWriter.java:732) ~[jackson-databind-2.15.4.jar:2.15.4]
	at com.fasterxml.jackson.databind.ser.std.BeanSerializerBase.serializeFields(BeanSerializerBase.java:772) ~[jackson-databind-2.15.4.jar:2.15.4]
	at com.fasterxml.jackson.databind.ser.BeanSerializer.serialize(BeanSerializer.java:178) ~[jackson-databind-2.15.4.jar:2.15.4]
	at com.fasterxml.jackson.databind.ser.BeanPropertyWriter.serializeAsField(BeanPropertyWriter.java:732) ~[jackson-databind-2.15.4.jar:2.15.4]
	at com.fasterxml.jackson.databind.ser.std.BeanSerializerBase.serializeFields(BeanSerializerBase.java:772) ~[jackson-databind-2.15.4.jar:2.15.4]
	at com.fasterxml.jackson.databind.ser.BeanSerializer.serialize(BeanSerializer.java:178) ~[jackson-databind-2.15.4.jar:2.15.4]
	at com.fasterxml.jackson.databind.ser.std.CollectionSerializer.serializeContents(CollectionSerializer.java:145) ~[jackson-databind-2.15.4.jar:2.15.4]
	at com.fasterxml.jackson.databind.ser.std.CollectionSerializer.serialize(CollectionSerializer.java:107) ~[jackson-databind-2.15.4.jar:2.15.4]
	at com.fasterxml.jackson.databind.ser.std.CollectionSerializer.serialize(CollectionSerializer.java:25) ~[jackson-databind-2.15.4.jar:2.15.4]
	at com.fasterxml.jackson.databind.ser.DefaultSerializerProvider._serialize(DefaultSerializerProvider.java:479) ~[jackson-databind-2.15.4.jar:2.15.4]
	at com.fasterxml.jackson.databind.ser.DefaultSerializerProvider.serializeValue(DefaultSerializerProvider.java:399) ~[jackson-databind-2.15.4.jar:2.15.4]
	at com.fasterxml.jackson.databind.ObjectWriter$Prefetch.serialize(ObjectWriter.java:1568) ~[jackson-databind-2.15.4.jar:2.15.4]
	at com.fasterxml.jackson.databind.ObjectWriter.writeValue(ObjectWriter.java:1061) ~[jackson-databind-2.15.4.jar:2.15.4]
	at org.springframework.http.converter.json.AbstractJackson2HttpMessageConverter.writeInternal(AbstractJackson2HttpMessageConverter.java:483) ~[spring-web-6.1.6.jar:6.1.6]
	at org.springframework.http.converter.AbstractGenericHttpMessageConverter.write(AbstractGenericHttpMessageConverter.java:114) ~[spring-web-6.1.6.jar:6.1.6]
	at org.springframework.web.servlet.mvc.method.annotation.AbstractMessageConverterMethodProcessor.writeWithMessageConverters(AbstractMessageConverterMethodProcessor.java:297) ~[spring-webmvc-6.1.6.jar:6.1.6]
	at org.springframework.web.servlet.mvc.method.annotation.HttpEntityMethodProcessor.handleReturnValue(HttpEntityMethodProcessor.java:245) ~[spring-webmvc-6.1.6.jar:6.1.6]
	at org.springframework.web.method.support.HandlerMethodReturnValueHandlerComposite.handleReturnValue(HandlerMethodReturnValueHandlerComposite.java:78) ~[spring-web-6.1.6.jar:6.1.6]
	at org.springframework.web.servlet.mvc.method.annotation.ServletInvocableHandlerMethod.invokeAndHandle(ServletInvocableHandlerMethod.java:136) ~[spring-webmvc-6.1.6.jar:6.1.6]
	at org.springframework.web.servlet.mvc.method.annotation.RequestMappingHandlerAdapter.invokeHandlerMethod(RequestMappingHandlerAdapter.java:926) ~[spring-webmvc-6.1.6.jar:6.1.6]
	at org.springframework.web.servlet.mvc.method.annotation.RequestMappingHandlerAdapter.handleInternal(RequestMappingHandlerAdapter.java:831) ~[spring-webmvc-6.1.6.jar:6.1.6]
	at org.springframework.web.servlet.mvc.method.AbstractHandlerMethodAdapter.handle(AbstractHandlerMethodAdapter.java:87) ~[spring-webmvc-6.1.6.jar:6.1.6]
	at org.springframework.web.servlet.DispatcherServlet.doDispatch(DispatcherServlet.java:1089) ~[spring-webmvc-6.1.6.jar:6.1.6]
	at org.springframework.web.servlet.DispatcherServlet.doService(DispatcherServlet.java:979) ~[spring-webmvc-6.1.6.jar:6.1.6]
	at org.springframework.web.servlet.FrameworkServlet.processRequest(FrameworkServlet.java:1014) ~[spring-webmvc-6.1.6.jar:6.1.6]
	at org.springframework.web.servlet.FrameworkServlet.doGet(FrameworkServlet.java:903) ~[spring-webmvc-6.1.6.jar:6.1.6]
	at jakarta.servlet.http.HttpServlet.service(HttpServlet.java:564) ~[tomcat-embed-core-10.1.20.jar:6.0]
	at org.springframework.web.servlet.FrameworkServlet.service(FrameworkServlet.java:885) ~[spring-webmvc-6.1.6.jar:6.1.6]
	at jakarta.servlet.http.HttpServlet.service(HttpServlet.java:658) ~[tomcat-embed-core-10.1.20.jar:6.0]
	at org.apache.catalina.core.ApplicationFilterChain.internalDoFilter(ApplicationFilterChain.java:206) ~[tomcat-embed-core-10.1.20.jar:10.1.20]
	at org.apache.catalina.core.ApplicationFilterChain.doFilter(ApplicationFilterChain.java:150) ~[tomcat-embed-core-10.1.20.jar:10.1.20]
	at org.apache.tomcat.websocket.server.WsFilter.doFilter(WsFilter.java:51) ~[tomcat-embed-websocket-10.1.20.jar:10.1.20]
	at org.apache.catalina.core.ApplicationFilterChain.internalDoFilter(ApplicationFilterChain.java:175) ~[tomcat-embed-core-10.1.20.jar:10.1.20]
	at org.apache.catalina.core.ApplicationFilterChain.doFilter(ApplicationFilterChain.java:150) ~[tomcat-embed-core-10.1.20.jar:10.1.20]
	at org.springframework.web.filter.OncePerRequestFilter.doFilter(OncePerRequestFilter.java:110) ~[spring-web-6.1.6.jar:6.1.6]
	at org.apache.catalina.core.ApplicationFilterChain.internalDoFilter(ApplicationFilterChain.java:175) ~[tomcat-embed-core-10.1.20.jar:10.1.20]
	at org.apache.catalina.core.ApplicationFilterChain.doFilter(ApplicationFilterChain.java:150) ~[tomcat-embed-core-10.1.20.jar:10.1.20]
	at org.springframework.web.filter.CompositeFilter$VirtualFilterChain.doFilter(CompositeFilter.java:108) ~[spring-web-6.1.6.jar:6.1.6]
	at org.springframework.security.web.FilterChainProxy.lambda$doFilterInternal$3(FilterChainProxy.java:231) ~[spring-security-web-6.2.4.jar:6.2.4]
	at org.springframework.security.web.FilterChainProxy$VirtualFilterChain.doFilter(FilterChainProxy.java:365) ~[spring-security-web-6.2.4.jar:6.2.4]
	at org.springframework.security.web.access.intercept.AuthorizationFilter.doFilter(AuthorizationFilter.java:100) ~[spring-security-web-6.2.4.jar:6.2.4]
	at org.springframework.security.web.FilterChainProxy$VirtualFilterChain.doFilter(FilterChainProxy.java:374) ~[spring-security-web-6.2.4.jar:6.2.4]
	at org.springframework.security.web.access.ExceptionTranslationFilter.doFilter(ExceptionTranslationFilter.java:126) ~[spring-security-web-6.2.4.jar:6.2.4]
	at org.springframework.security.web.access.ExceptionTranslationFilter.doFilter(ExceptionTranslationFilter.java:120) ~[spring-security-web-6.2.4.jar:6.2.4]
	at org.springframework.security.web.FilterChainProxy$VirtualFilterChain.doFilter(FilterChainProxy.java:374) ~[spring-security-web-6.2.4.jar:6.2.4]
	at org.springframework.security.web.session.SessionManagementFilter.doFilter(SessionManagementFilter.java:131) ~[spring-security-web-6.2.4.jar:6.2.4]
	at org.springframework.security.web.session.SessionManagementFilter.doFilter(SessionManagementFilter.java:85) ~[spring-security-web-6.2.4.jar:6.2.4]
	at org.springframework.security.web.FilterChainProxy$VirtualFilterChain.doFilter(FilterChainProxy.java:374) ~[spring-security-web-6.2.4.jar:6.2.4]
	at org.springframework.security.web.authentication.AnonymousAuthenticationFilter.doFilter(AnonymousAuthenticationFilter.java:100) ~[spring-security-web-6.2.4.jar:6.2.4]
	at org.springframework.security.web.FilterChainProxy$VirtualFilterChain.doFilter(FilterChainProxy.java:374) ~[spring-security-web-6.2.4.jar:6.2.4]
	at org.springframework.security.web.servletapi.SecurityContextHolderAwareRequestFilter.doFilter(SecurityContextHolderAwareRequestFilter.java:179) ~[spring-security-web-6.2.4.jar:6.2.4]
	at org.springframework.security.web.FilterChainProxy$VirtualFilterChain.doFilter(FilterChainProxy.java:374) ~[spring-security-web-6.2.4.jar:6.2.4]
	at org.springframework.security.web.savedrequest.RequestCacheAwareFilter.doFilter(RequestCacheAwareFilter.java:63) ~[spring-security-web-6.2.4.jar:6.2.4]
	at org.springframework.security.web.FilterChainProxy$VirtualFilterChain.doFilter(FilterChainProxy.java:374) ~[spring-security-web-6.2.4.jar:6.2.4]
	at com.transparencychain.backend.security.AuthTokenFilter.doFilterInternal(AuthTokenFilter.java:47) ~[classes/:na]
	at org.springframework.web.filter.OncePerRequestFilter.doFilter(OncePerRequestFilter.java:116) ~[spring-web-6.1.6.jar:6.1.6]
	at org.springframework.security.web.FilterChainProxy$VirtualFilterChain.doFilter(FilterChainProxy.java:374) ~[spring-security-web-6.2.4.jar:6.2.4]
	at org.springframework.security.web.authentication.logout.LogoutFilter.doFilter(LogoutFilter.java:107) ~[spring-security-web-6.2.4.jar:6.2.4]
	at org.springframework.security.web.authentication.logout.LogoutFilter.doFilter(LogoutFilter.java:93) ~[spring-security-web-6.2.4.jar:6.2.4]
	at org.springframework.security.web.FilterChainProxy$VirtualFilterChain.doFilter(FilterChainProxy.java:374) ~[spring-security-web-6.2.4.jar:6.2.4]
	at org.springframework.web.filter.CorsFilter.doFilterInternal(CorsFilter.java:91) ~[spring-web-6.1.6.jar:6.1.6]
	at org.springframework.web.filter.OncePerRequestFilter.doFilter(OncePerRequestFilter.java:116) ~[spring-web-6.1.6.jar:6.1.6]
	at org.springframework.security.web.FilterChainProxy$VirtualFilterChain.doFilter(FilterChainProxy.java:374) ~[spring-security-web-6.2.4.jar:6.2.4]
	at org.springframework.security.web.header.HeaderWriterFilter.doHeadersAfter(HeaderWriterFilter.java:90) ~[spring-security-web-6.2.4.jar:6.2.4]
	at org.springframework.security.web.header.HeaderWriterFilter.doFilterInternal(HeaderWriterFilter.java:75) ~[spring-security-web-6.2.4.jar:6.2.4]
	at org.springframework.web.filter.OncePerRequestFilter.doFilter(OncePerRequestFilter.java:116) ~[spring-web-6.1.6.jar:6.1.6]
	at org.springframework.security.web.FilterChainProxy$VirtualFilterChain.doFilter(FilterChainProxy.java:374) ~[spring-security-web-6.2.4.jar:6.2.4]
	at org.springframework.security.web.context.SecurityContextHolderFilter.doFilter(SecurityContextHolderFilter.java:82) ~[spring-security-web-6.2.4.jar:6.2.4]
	at org.springframework.security.web.context.SecurityContextHolderFilter.doFilter(SecurityContextHolderFilter.java:69) ~[spring-security-web-6.2.4.jar:6.2.4]
	at org.springframework.security.web.FilterChainProxy$VirtualFilterChain.doFilter(FilterChainProxy.java:374) ~[spring-security-web-6.2.4.jar:6.2.4]
	at org.springframework.security.web.context.request.async.WebAsyncManagerIntegrationFilter.doFilterInternal(WebAsyncManagerIntegrationFilter.java:62) ~[spring-security-web-6.2.4.jar:6.2.4]
	at org.springframework.web.filter.OncePerRequestFilter.doFilter(OncePerRequestFilter.java:116) ~[spring-web-6.1.6.jar:6.1.6]
	at org.springframework.security.web.FilterChainProxy$VirtualFilterChain.doFilter(FilterChainProxy.java:374) ~[spring-security-web-6.2.4.jar:6.2.4]
	at org.springframework.security.web.session.DisableEncodeUrlFilter.doFilterInternal(DisableEncodeUrlFilter.java:42) ~[spring-security-web-6.2.4.jar:6.2.4]
	at org.springframework.web.filter.OncePerRequestFilter.doFilter(OncePerRequestFilter.java:116) ~[spring-web-6.1.6.jar:6.1.6]
	at org.springframework.security.web.FilterChainProxy$VirtualFilterChain.doFilter(FilterChainProxy.java:374) ~[spring-security-web-6.2.4.jar:6.2.4]
	at org.springframework.security.web.FilterChainProxy.doFilterInternal(FilterChainProxy.java:233) ~[spring-security-web-6.2.4.jar:6.2.4]
	at org.springframework.security.web.FilterChainProxy.doFilter(FilterChainProxy.java:191) ~[spring-security-web-6.2.4.jar:6.2.4]
	at org.springframework.web.filter.CompositeFilter$VirtualFilterChain.doFilter(CompositeFilter.java:113) ~[spring-web-6.1.6.jar:6.1.6]
	at org.springframework.web.servlet.handler.HandlerMappingIntrospector.lambda$createCacheFilter$3(HandlerMappingIntrospector.java:195) ~[spring-webmvc-6.1.6.jar:6.1.6]
	at org.springframework.web.filter.CompositeFilter$VirtualFilterChain.doFilter(CompositeFilter.java:113) ~[spring-web-6.1.6.jar:6.1.6]
	at org.springframework.web.filter.CompositeFilter.doFilter(CompositeFilter.java:74) ~[spring-web-6.1.6.jar:6.1.6]
	at org.springframework.security.config.annotation.web.configuration.WebMvcSecurityConfiguration$CompositeFilterChainProxy.doFilter(WebMvcSecurityConfiguration.java:230) ~[spring-security-config-6.2.4.jar:6.2.4]
	at org.springframework.web.filter.DelegatingFilterProxy.invokeDelegate(DelegatingFilterProxy.java:352) ~[spring-web-6.1.6.jar:6.1.6]
	at org.springframework.web.filter.DelegatingFilterProxy.doFilter(DelegatingFilterProxy.java:268) ~[spring-web-6.1.6.jar:6.1.6]
	at org.apache.catalina.core.ApplicationFilterChain.internalDoFilter(ApplicationFilterChain.java:175) ~[tomcat-embed-core-10.1.20.jar:10.1.20]
	at org.apache.catalina.core.ApplicationFilterChain.doFilter(ApplicationFilterChain.java:150) ~[tomcat-embed-core-10.1.20.jar:10.1.20]
	at org.springframework.web.filter.RequestContextFilter.doFilterInternal(RequestContextFilter.java:100) ~[spring-web-6.1.6.jar:6.1.6]
	at org.springframework.web.filter.OncePerRequestFilter.doFilter(OncePerRequestFilter.java:116) ~[spring-web-6.1.6.jar:6.1.6]
	at org.apache.catalina.core.ApplicationFilterChain.internalDoFilter(ApplicationFilterChain.java:175) ~[tomcat-embed-core-10.1.20.jar:10.1.20]
	at org.apache.catalina.core.ApplicationFilterChain.doFilter(ApplicationFilterChain.java:150) ~[tomcat-embed-core-10.1.20.jar:10.1.20]
	at org.springframework.web.filter.FormContentFilter.doFilterInternal(FormContentFilter.java:93) ~[spring-web-6.1.6.jar:6.1.6]
	at org.springframework.web.filter.OncePerRequestFilter.doFilter(OncePerRequestFilter.java:116) ~[spring-web-6.1.6.jar:6.1.6]
	at org.apache.catalina.core.ApplicationFilterChain.internalDoFilter(ApplicationFilterChain.java:175) ~[tomcat-embed-core-10.1.20.jar:10.1.20]
	at org.apache.catalina.core.ApplicationFilterChain.doFilter(ApplicationFilterChain.java:150) ~[tomcat-embed-core-10.1.20.jar:10.1.20]
	at org.springframework.web.filter.CharacterEncodingFilter.doFilterInternal(CharacterEncodingFilter.java:201) ~[spring-web-6.1.6.jar:6.1.6]
	at org.springframework.web.filter.OncePerRequestFilter.doFilter(OncePerRequestFilter.java:116) ~[spring-web-6.1.6.jar:6.1.6]
	at org.apache.catalina.core.ApplicationFilterChain.internalDoFilter(ApplicationFilterChain.java:175) ~[tomcat-embed-core-10.1.20.jar:10.1.20]
	at org.apache.catalina.core.ApplicationFilterChain.doFilter(ApplicationFilterChain.java:150) ~[tomcat-embed-core-10.1.20.jar:10.1.20]
	at org.apache.catalina.core.StandardWrapperValve.invoke(StandardWrapperValve.java:167) ~[tomcat-embed-core-10.1.20.jar:10.1.20]
	at org.apache.catalina.core.StandardContextValve.invoke(StandardContextValve.java:90) ~[tomcat-embed-core-10.1.20.jar:10.1.20]
	at org.apache.catalina.authenticator.AuthenticatorBase.invoke(AuthenticatorBase.java:482) ~[tomcat-embed-core-10.1.20.jar:10.1.20]
	at org.apache.catalina.core.StandardHostValve.invoke(StandardHostValve.java:115) ~[tomcat-embed-core-10.1.20.jar:10.1.20]
	at org.apache.catalina.valves.ErrorReportValve.invoke(ErrorReportValve.java:93) ~[tomcat-embed-core-10.1.20.jar:10.1.20]
	at org.apache.catalina.core.StandardEngineValve.invoke(StandardEngineValve.java:74) ~[tomcat-embed-core-10.1.20.jar:10.1.20]
	at org.apache.catalina.connector.CoyoteAdapter.service(CoyoteAdapter.java:344) ~[tomcat-embed-core-10.1.20.jar:10.1.20]
	at org.apache.coyote.http11.Http11Processor.service(Http11Processor.java:391) ~[tomcat-embed-core-10.1.20.jar:10.1.20]
	at org.apache.coyote.AbstractProcessorLight.process(AbstractProcessorLight.java:63) ~[tomcat-embed-core-10.1.20.jar:10.1.20]
	at org.apache.coyote.AbstractProtocol$ConnectionHandler.process(AbstractProtocol.java:896) ~[tomcat-embed-core-10.1.20.jar:10.1.20]
	at org.apache.tomcat.util.net.NioEndpoint$SocketProcessor.doRun(NioEndpoint.java:1736) ~[tomcat-embed-core-10.1.20.jar:10.1.20]
	at org.apache.tomcat.util.net.SocketProcessorBase.run(SocketProcessorBase.java:52) ~[tomcat-embed-core-10.1.20.jar:10.1.20]
	at org.apache.tomcat.util.threads.ThreadPoolExecutor.runWorker(ThreadPoolExecutor.java:1191) ~[tomcat-embed-core-10.1.20.jar:10.1.20]
	at org.apache.tomcat.util.threads.ThreadPoolExecutor$Worker.run(ThreadPoolExecutor.java:659) ~[tomcat-embed-core-10.1.20.jar:10.1.20]
	at org.apache.tomcat.util.threads.TaskThread$WrappingRunnable.run(TaskThread.java:63) ~[tomcat-embed-core-10.1.20.jar:10.1.20]
	at java.base/java.lang.Thread.run(Thread.java:1474) ~[na:na]

2026-08-13T09:47:12.231+05:30 DEBUG 492470 --- [demo] [nio-8081-exec-6] o.s.security.web.FilterChainProxy        : Securing GET /error
2026-08-13T09:47:12.232+05:30 DEBUG 492470 --- [demo] [nio-8081-exec-6] o.s.s.w.a.AnonymousAuthenticationFilter  : Set SecurityContextHolder to anonymous SecurityContext
2026-08-13T09:47:12.232+05:30 ERROR 492470 --- [demo] [nio-8081-exec-6] c.t.backend.security.AuthEntryPointJwt   : Unauthorized error: Full authentication is required to access this resource
[INFO] ------------------------------------------------------------------------
[INFO] BUILD FAILURE
[INFO] ------------------------------------------------------------------------
[INFO] Total time:  14:44 min
[INFO] Finished at: 2026-08-13T09:47:50+05:30
[INFO] ------------------------------------------------------------------------
[ERROR] Failed to execute goal org.springframework.boot:spring-boot-maven-plugin:3.2.5:run (default-cli) on project demo: Process terminated with exit code: 137 -> [Help 1]
[ERROR] 
[ERROR] To see the full stack trace of the errors, re-run Maven with the -e switch.
[ERROR] Re-run Maven using the -X switch to enable full debug logging.
[ERROR] 
[ERROR] For more information about the errors and possible solutions, please read the following articles:
[ERROR] [Help 1] http://cwiki.apache.org/confluence/display/MAVEN/MojoExecutionException
